timestamp,777204,777212,777223,777233,777243,772689,772980,777253,777262,774411,774444,717962,717966,774373,717968,761734,718488,717770,718102,718492,717977,717660,768984,718151,717983,774359,717992,717995,776266,718147,776290,718320,776493,776203,763468,718014,768978,776221,776228,718016,776242,776196,776188,777203,777213,777224,777232,777245,772701,772711,777254,777263,774389,774445,717960,717963,774372,716847,717970,761851,717975,717972,761761,718493,717978,716857,717980,761776,774358,717986,717989,776295,718002,776289,718008,718012,776208,716891,718321,716875,776215,776253,718017,718018,776197
06/02/2026 00:00:00,61.9,68.6,63.5,69.2,69.2,68.9,68.9,69.2,69.2,69.2,65,69.1,65.8,70.7,65,67.2,68.7,68.3,68.9,68.9,64.8,64.8,63.5,67,67.6,64.4,67.1,64.4,64.4,66.9,64.4,66.8,72.1,68.1,69.2,69.1,69.8,69.9,69.2,69.2,69.2,69.2,69.4,63.3,68.4,64.9,69.2,69.2,65.8,64.8,69.2,69.2,65,65,64.8,69.1,69.8,69.1,67.2,69.6,67.8,68,68,64.8,64.8,69.8,62.8,68.8,64.3,64.4,69,64.3,69.1,69.2,67.9,70.9,67.8,70.7,70.6,70.6,69.9,69.2,70.7,70.7,69.2
06/02/2026 00:05:00,61.8,68.7,63.4,69.2,69.2,68.3,68.3,69.2,69.2,68.8,65.1,68.7,65.9,70.3,65.1,60.8,61.5,61.6,68.3,68.3,64.9,64.9,63.2,60.5,57.8,60.8,67.1,64.5,64.3,67,64.4,63.6,68.1,64.6,68.8,68.7,69.4,69.8,69.2,68.8,69.1,69.2,69.3,63.2,68.1,64.7,69.2,69.2,65.9,64.9,69.2,69.2,65.1,65.1,64.9,68.7,69.4,68.7,65.9,68.1,60.6,62.5,62.1,64.9,64.9,69.4,61.1,64.4,59,58.4,64.7,58.6,68.7,69.1,66.7,67.6,66.6,70.3,70.2,70.2,69.8,69.2,70.3,70.3,69.2
06/02/2026 00:10:00,61.6,68.6,63.2,68.9,68.9,68.1,68.1,68.9,68.9,68.6,65,68.5,65.7,70.2,65,62.2,60.9,63,68.1,68.1,65.3,65.3,62.5,58.8,55.2,59.9,67.2,64.5,64.3,66.7,64.3,60.9,64.4,61.7,68.6,68.5,69.2,69.6,68.9,68.6,68.9,68.9,69,62.7,67.6,64.1,68.9,68.9,65.7,65.3,68.9,68.9,65,65,65.3,68.5,69.2,68.5,65.5,68.4,62.5,62.1,63.3,65.3,65.3,69.2,62.8,62.6,60.9,62.4,64.7,62.4,68.5,68.9,66.2,67.3,66,70,69.9,69.9,69.6,68.9,70,70,68.9
06/02/2026 00:15:00,60.7,68.7,62.3,68.7,68.7,68.2,68.2,68.7,68.7,68.5,65,68.5,65.7,70,65,59.3,56.9,59.9,68.2,68.2,65.3,65.3,62.6,55,49,56.5,67.4,64.5,64.3,67.1,64.3,59.1,62,59.8,68.5,68.5,69.1,69.3,68.7,68.5,68.6,68.7,68.8,62.5,67.3,64,68.7,68.7,65.7,65.3,68.7,68.7,65,65,65.3,68.5,69.1,68.5,66.8,69.2,63.7,63.8,64.4,65.3,65.3,69.1,60.3,63.1,57.9,61.9,65.5,62,68.5,68.6,63.9,65.8,63.9,70,69.9,69.9,69.3,68.7,70,70,68.7
06/02/2026 00:20:00,61.3,69.2,62.9,68.3,68.3,67.6,67.6,68.3,68.3,68.3,65.3,68.2,65.5,69.9,65.3,61.2,57.9,62,67.6,67.6,65.1,65.1,62.2,55.7,51.9,59.3,67.1,64.5,64.3,67.2,64.3,58.6,64.7,59.3,68.3,68.2,68.9,68.9,68.3,68.3,68.2,68.3,68.4,62.1,66.9,63.6,68.3,68.3,65.5,65.1,68.3,68.3,65.3,65.3,65.1,68.2,68.9,68.2,66.8,68.9,64.7,65,65.6,65.1,65.1,68.9,58.7,62.9,56.5,59.4,64.8,59.4,68.2,68.2,62.7,65.9,62.6,69.7,69.6,69.6,68.9,68.3,69.7,69.7,68.3
06/02/2026 00:25:00,61.6,69.1,63.2,68,68,67.2,67.2,68,68,68.1,64.9,68,65.7,69.8,64.9,59.6,56.5,60.1,67.2,67.2,65.2,65.2,62.6,56.7,52.3,59.2,67.2,64.5,64.3,67.2,64.3,58.2,62.3,58.9,68.1,68,68.7,68.7,68,68.1,68,68,68.2,58.8,63.5,60.3,68,68,65.7,65.2,68,68,64.9,64.9,65.2,68,68.7,68,65.8,67.5,63.3,64.2,64.7,65.2,65.2,68.7,60.2,63.3,57.9,56.9,64.5,57,68,68,60.5,62.4,60.5,69.7,69.6,69.6,68.7,68,69.7,69.7,68
06/02/2026 00:30:00,61.1,67.5,62.6,68.3,68.3,67,67,68.3,68.3,67.9,64.9,67.9,65.7,69.5,64.9,59.8,56.2,60.3,67,67,65.2,65.2,62.9,53.9,47,56.6,67.1,64.4,64.3,67.1,64.3,61.4,63.4,62.3,67.9,67.9,68.6,69,68.3,67.9,68.3,68.3,68.5,60.7,66.5,62.1,68.3,68.3,65.7,65.2,68.3,68.3,64.9,64.9,65.2,67.9,68.6,67.9,66.5,68.5,63.2,62.4,64.1,65.2,65.2,68.6,61.5,60.5,60.9,60.6,64,60.7,67.9,68.3,62.7,65.2,62.6,69.5,69.4,69.4,69,68.3,69.5,69.5,68.3
06/02/2026 00:35:00,61.5,69.6,63.1,68,68,67,67,68,68,67.8,65.3,67.7,65.9,69.2,65.3,56.9,56.9,57.3,67,67,65,65,63.1,56.9,51.3,58.2,67.1,64.4,64.4,67.2,64.4,61.2,62.9,62,67.8,67.7,68.4,68.6,68,67.8,67.9,68,68.1,61.3,65.9,62.8,68,68,65.9,65,68,68,65.3,65.3,65,67.7,68.4,67.7,66.9,68.7,60.7,62.3,62,65,65,68.4,60.3,63.1,58.7,56.5,62.7,56.8,67.7,67.9,61.3,62.3,61.3,69.3,69.2,69.2,68.6,68,69.3,69.3,68
06/02/2026 00:40:00,61.4,69,62.9,67.9,67.9,67,67,67.9,67.9,67.8,65.2,67.7,65.7,69.2,65.2,57.4,56.2,57.9,67,67,65,65,63.2,56,50.5,57.9,67.1,64.4,64.4,67.3,64.4,58.1,62.4,58.7,67.8,67.7,68.4,68.5,67.9,67.8,67.9,67.9,68,61.1,65.6,62.6,67.9,67.9,65.7,65,67.9,67.9,65.2,65.2,65,67.7,68.4,67.7,67.1,69.1,62.9,63.1,64,65,65,68.4,60.8,61.8,58.8,57,64.5,57.2,67.7,67.9,61.7,64.2,61.7,69.3,69.2,69.2,68.5,67.9,69.3,69.3,67.9
06/02/2026 00:45:00,61.2,66.9,62.8,68.2,68.2,66.8,66.8,68.2,68.2,67.7,65.2,67.6,65.7,69.1,65.2,56.7,56.1,57.2,66.8,66.8,65,65,63.4,54.7,50,57.4,67.1,64.4,64.4,67.3,64.4,59.3,60.3,60.1,67.7,67.6,68.3,68.8,68.2,67.7,68.1,68.2,68.3,61.1,65.8,62.6,68.2,68.2,65.7,65,68.2,68.2,65.2,65.2,65,67.6,68.3,67.6,67.1,69.4,58.3,59.7,61.1,65,65,68.3,61.1,62.1,59.5,60.3,63.5,60.5,67.6,68.1,59.9,62.3,59.9,69.3,69.2,69.2,68.8,68.2,69.3,69.3,68.2
06/02/2026 00:50:00,61.4,68.7,63.1,67.6,67.6,66.6,66.6,67.6,67.6,67.6,64.8,67.5,65.7,69.2,64.8,59.5,56.1,60,66.6,66.6,65.2,65.2,62.9,55.1,49.9,57.8,67.1,64.4,64.3,67.2,64.4,60.5,60.6,61.3,67.6,67.5,68.2,68.2,67.6,67.6,67.5,67.6,67.7,61.7,65.7,63.2,67.6,67.6,65.7,65.2,67.6,67.6,64.8,64.8,65.2,67.5,68.2,67.5,67.3,69.2,61.6,61,62.7,65.2,65.2,68.2,61.5,59.6,60.6,61.8,65.4,61.9,67.5,67.5,63.8,65,63.8,69.2,69.1,69.1,68.2,67.6,69.2,69.2,67.6
06/02/2026 00:55:00,61.6,70.1,63.2,67.5,67.5,66.3,66.3,67.5,67.5,67.5,64.8,67.4,65.7,69,64.8,57.7,51.5,58.1,66.3,66.3,65.2,65.2,63.2,54,47.7,57.9,66.8,64.3,64.3,67.4,64.3,59.8,61.9,60.6,67.5,67.4,68.1,68.1,67.5,67.5,67.4,67.5,67.6,61.9,66,63.4,67.5,67.5,65.7,65.2,67.5,67.5,64.8,64.8,65.2,67.4,68.1,67.4,66.4,68.7,61.9,63,63.3,65.2,65.2,68.1,60.2,63.6,60.8,62.2,65.3,62.3,67.4,67.4,63.8,66.1,63.7,69,68.9,68.9,68.1,67.5,69,69,67.5
06/02/2026 01:00:00,60.9,68.6,62.5,67.7,67.7,66.7,66.7,67.7,67.7,67.7,65.2,67.6,65.7,69.3,65.2,57.1,52.8,57.4,66.7,66.7,65,65,63.1,55.6,51.5,58.5,67,64.4,64.3,67.2,64.4,61.6,64.5,62.6,67.7,67.6,68.3,68.3,67.7,67.7,67.6,67.7,67.8,62.1,66,63.7,67.7,67.7,65.7,65,67.7,67.7,65.2,65.2,65,67.6,68.3,67.6,67.3,69,65.2,62.2,65.9,65,65,68.3,60.3,60.2,62.7,63.6,65.5,63.6,67.6,67.6,65.8,66.4,65.8,69.2,69.3,69.3,68.3,67.7,69.2,69.2,67.7
06/02/2026 01:05:00,61.1,69.3,62.7,68,68,66.7,66.7,68,68,67.8,65.2,67.8,65.7,69.5,65.2,58.4,53.4,58.8,66.7,66.7,65,65,62.5,54.9,51.1,59.3,67,64.4,64.3,67.3,64.4,61.7,64.2,62.6,67.8,67.8,68.5,68.6,68,67.8,67.9,68,68,62.4,66.3,63.9,68,68,65.7,65,68,68,65.2,65.2,65,67.8,68.5,67.8,66.6,68.6,64.5,62.3,65.1,65,65,68.5,60.4,63.3,62.9,63.6,65.2,63.6,67.8,67.9,62,63.5,62,69.3,69.3,69.3,68.6,68,69.3,69.3,68
06/02/2026 01:10:00,61.2,70.1,62.9,68.2,68.2,67,67,68.2,68.2,67.9,65.2,67.8,65.7,69.6,65.2,61.7,57.7,62.4,67,67,65,65,62.4,56.4,49.9,57.8,67,64.4,64.4,67.2,64.3,60.4,62.8,61.3,67.9,67.8,68.5,68.8,68.2,67.9,68.2,68.2,68.2,62.5,66.4,64,68.2,68.2,65.7,65,68.2,68.2,65.2,65.2,65,67.8,68.5,67.8,67.3,68.4,63.7,62.2,64.8,65,65,68.5,60,61.8,60.4,59.6,63.9,59.7,67.8,68.2,61.8,65,61.8,69.5,69.4,69.4,68.8,68.2,69.5,69.5,68.2
06/02/2026 01:15:00,61.7,69.7,63.3,68,68,66.9,66.9,68,68,67.9,65.2,67.8,65.7,69.6,65.2,59.2,55.6,59.7,66.9,66.9,65,65,61.7,53.9,48.2,56.6,67,64.4,64.4,67.1,64.4,62.4,65.8,63.4,67.9,67.8,68.5,68.6,68,67.9,67.9,68,68,61.9,65.9,63.4,68,68,65.7,65,68,68,65.2,65.2,65,67.8,68.5,67.8,67.6,68.8,62.5,62,63.4,65,65,68.5,59.8,62.3,60.9,60.6,65.5,60.7,67.8,67.9,61.4,63.8,61.5,69.3,69.2,69.2,68.6,68,69.3,69.3,68
06/02/2026 01:20:00,61.7,69,63.3,67.9,67.9,66.8,66.8,67.9,67.9,67.8,65.2,67.8,66,69.4,65.2,58.3,56,58.7,66.8,66.8,64.2,64.2,62.6,55.7,50.2,57.7,67.3,64.5,64.4,67.3,64.4,61.6,64.1,62.5,67.8,67.8,68.5,68.5,67.9,67.8,67.8,67.9,68,62.5,66.1,64,67.9,67.9,66,64.2,67.9,67.9,65.2,65.2,64.2,67.8,68.5,67.8,65.8,67.8,63.9,64.8,64.3,64.2,64.2,68.5,60.4,62.9,61.2,62.6,63.1,62.6,67.8,67.8,60.1,62.3,60.2,69.3,69.2,69.2,68.5,67.9,69.3,69.3,67.9
06/02/2026 01:25:00,61.6,68.9,63.2,67.8,67.8,66.8,66.8,67.8,67.8,67.7,65.2,67.6,65,69.3,65.2,62,60,62.7,66.8,66.8,65.1,65.1,62.7,57.1,53.5,59.2,67.2,64.4,64.3,67.2,64.3,60.5,64.7,61.3,67.7,67.6,68.3,68.4,67.8,67.7,67.7,67.8,67.8,62.7,66.2,64.2,67.8,67.8,65,65.1,67.8,67.8,65.2,65.2,65.1,67.6,68.3,67.6,64.9,66.8,61,61,62.7,65.1,65.1,68.3,60.8,61,61.6,60.3,62.8,60.5,67.6,67.7,63.7,65,63.6,69.2,69.1,69.1,68.4,67.8,69.2,69.2,67.8
06/02/2026 01:30:00,61.6,70.4,63.2,67.8,67.8,66.8,66.8,67.8,67.8,67.8,65.2,67.7,65,69.2,65.2,59.1,55.9,59.7,66.8,66.8,65.1,65.1,62.8,58.2,54,60,67.1,64.4,64.3,67.3,64.3,61,64.8,61.9,67.8,67.7,68.4,68.4,67.8,67.8,67.8,67.8,67.9,62.5,66.2,64.1,67.8,67.8,65,65.1,67.8,67.8,65.2,65.2,65.1,67.7,68.4,67.7,66.4,68.4,64.7,64,64.8,65.1,65.1,68.4,60.8,61.1,60.3,62.2,65.1,62.2,67.7,67.8,62.5,63.8,62.4,69.2,69.1,69.1,68.4,67.8,69.2,69.2,67.8
06/02/2026 01:35:00,61.9,70,63.6,67.7,67.7,66.7,66.7,67.7,67.7,67.8,65.2,67.7,65,69.1,65.2,60.1,54.5,60.7,66.7,66.7,65.1,65.1,62.9,56.1,51,57.5,67.1,64.4,64.3,67.2,64.3,61.1,64.4,62,67.8,67.7,68.4,68.3,67.7,67.8,67.6,67.7,67.7,62.3,65.9,63.8,67.7,67.7,65,65.1,67.7,67.7,65.2,65.2,65.1,67.7,68.4,67.7,67.2,68.8,65.4,62.7,66,65.1,65.1,68.4,59.6,60.5,62.4,63.2,64.2,63.1,67.7,67.6,65.7,67.4,65.6,69,68.9,68.9,68.3,67.7,69,69,67.7
06/02/2026 01:40:00,62.1,68.6,63.7,67.7,67.7,66.8,66.8,67.7,67.7,67.8,65.2,67.7,65,69.3,65.2,61.8,59.3,62.5,66.8,66.8,65.1,65.1,62.2,56.5,52.6,60.1,67.3,64.4,64.3,67,64.3,59.7,62.2,60.5,67.8,67.7,68.4,68.4,67.7,67.8,67.7,67.7,67.8,62.6,66.2,64.2,67.7,67.7,65,65.1,67.7,67.7,65.2,65.2,65.1,67.7,68.4,67.7,67,68.6,64.9,63.6,65.3,65.1,65.1,68.4,61.5,63.7,63,63.7,64.5,63.6,67.7,67.7,66,67.7,65.8,69.1,69,69,68.4,67.7,69.1,69.1,67.7
06/02/2026 01:45:00,61.8,70.3,63.4,67.9,67.9,66.5,66.5,67.9,67.9,67.7,65.2,67.6,65,69,65.2,59.6,58.1,60.1,66.5,66.5,65.1,65.1,62.2,58.4,56,61.3,67.4,64.4,64.3,67.2,64.4,59.3,61,60.1,67.7,67.6,68.3,68.5,67.9,67.7,67.9,67.9,68,61.9,65.5,63.4,67.9,67.9,65,65.1,67.9,67.9,65.2,65.2,65.1,67.6,68.3,67.6,67.2,68.9,62.3,61.7,63.3,65.1,65.1,68.3,61.1,64.4,63.2,64.2,66.4,64.1,67.6,67.9,65.3,66.7,65.3,68.7,68.7,68.7,68.5,67.9,68.7,68.7,67.9
06/02/2026 01:50:00,61.8,70.3,63.5,67.6,67.6,66.3,66.3,67.6,67.6,67.6,64.3,67.5,65,68.8,64.3,59.7,57.6,60.4,66.3,66.3,65.4,65.4,62.7,56.7,53.4,59.6,67.2,64.4,64.3,67.4,64.3,61.7,65.9,62.6,67.6,67.5,68.2,68.2,67.6,67.6,67.5,67.6,67.7,61.9,65.4,63.4,67.6,67.6,65,65.4,67.6,67.6,64.3,64.3,65.4,67.5,68.2,67.5,67.8,69.5,65.3,63.8,65.3,65.4,65.4,68.2,61.3,63.3,63.7,64,67.1,64,67.5,67.5,62.5,64.6,62.5,68.8,68.8,68.8,68.2,67.6,68.8,68.8,67.6
06/02/2026 01:55:00,61.6,70,63.3,67.5,67.5,66.1,66.1,67.5,67.5,67.4,64.3,67.4,65,68.8,64.3,61.3,60.7,62.1,66.1,66.1,65.4,65.4,61.8,56.1,52.3,58.7,67,64.4,64.3,67.2,64.3,62.7,64.6,63.5,67.4,67.4,68.1,68.1,67.5,67.4,67.4,67.5,67.6,62.1,65.7,63.6,67.5,67.5,65,65.4,67.5,67.5,64.3,64.3,65.4,67.4,68.1,67.4,67.5,69,65.8,64.6,66.2,65.4,65.4,68.1,61,61.7,64,62.8,65.6,62.8,67.4,67.4,63.8,65.9,63.8,68.7,68.6,68.6,68.1,67.5,68.7,68.7,67.5
06/02/2026 02:00:00,61.6,70.5,63.2,67.7,67.7,66.2,66.2,67.7,67.7,67.5,64.3,67.5,65,69.1,64.3,62.7,61.9,63.5,66.2,66.2,65.4,65.4,62.3,57.7,53.7,58.8,67.3,64.4,64.3,67.1,64.4,64,65.4,65.1,67.5,67.5,68.2,68.3,67.7,67.5,67.6,67.7,67.8,62.4,66,64,67.7,67.7,65,65.4,67.7,67.7,64.3,64.3,65.4,67.5,68.2,67.5,67.5,68.9,65.6,63.4,66.2,65.4,65.4,68.2,62.2,61.2,62.9,61.4,65.4,61.5,67.5,67.6,62.2,63,62.2,69,68.9,68.9,68.3,67.7,69,69,67.7
06/02/2026 02:05:00,61.8,68.8,63.4,67.7,67.7,66.3,66.3,67.7,67.7,67.6,64.3,67.6,65,69.2,64.3,61.2,58.1,61.9,66.3,66.3,65.4,65.4,62.6,54.4,49.4,57.4,67.2,64.3,64.3,67.1,64.3,65.1,66.4,66.2,67.6,67.6,68.3,68.3,67.7,67.6,67.6,67.7,67.8,62.5,66.1,64,67.7,67.7,65,65.4,67.7,67.7,64.3,64.3,65.4,67.6,68.3,67.6,67.5,68.8,66.6,63.8,66.6,65.4,65.4,68.3,61.7,62.8,61.4,59.7,64.1,59.7,67.6,67.6,64.1,65.6,64,69.1,69.1,69.1,68.3,67.7,69.1,69.1,67.7
06/02/2026 02:10:00,61.9,69.8,63.5,67.7,67.7,66.6,66.6,67.7,67.7,67.7,64.3,67.7,65,69.4,64.3,60.9,58.2,61.5,66.6,66.6,65.4,65.4,62.4,58.3,52.5,58.9,66.9,64.3,64.3,67.2,64.3,61.7,64.4,62.6,67.7,67.7,68.3,68.4,67.7,67.7,67.8,67.7,67.9,62.7,66.4,64.3,67.7,67.7,65,65.4,67.7,67.7,64.3,64.3,65.4,67.7,68.3,67.7,66.6,68.7,65.4,64.5,66,65.4,65.4,68.3,62.6,64.8,62.5,62.8,67.1,62.8,67.7,67.8,64,64.7,64,69.1,69.1,69.1,68.4,67.7,69.1,69.1,67.7
06/02/2026 02:15:00,61.6,70.2,63.3,67.9,67.9,66.5,66.5,67.9,67.9,67.7,64.3,67.7,65,69.4,64.3,63.2,60.1,63.8,66.5,66.5,65.4,65.4,62.5,55.5,50.2,56.9,67.1,64.3,64.3,67,64.3,62.9,66.3,63.9,67.7,67.7,68.4,68.5,67.9,67.7,67.8,67.9,68,62.4,65.9,63.9,67.9,67.9,65,65.4,67.9,67.9,64.3,64.3,65.4,67.7,68.4,67.7,65.7,67,63.8,63.8,65.5,65.4,65.4,68.4,63.5,64.7,61.8,63.7,65.5,63.7,67.7,67.8,62.9,64.1,62.9,69.2,69.1,69.1,68.5,67.9,69.2,69.2,67.9
06/02/2026 02:20:00,61.5,69.4,63.1,67.7,67.7,66.6,66.6,67.7,67.7,67.7,64.3,67.7,65,69.4,64.3,63.3,63,64.2,66.6,66.6,65.4,65.4,63.1,58.3,51.8,58,67.2,64.3,64.3,67.2,64.3,63.1,66.5,64.1,67.7,67.7,68.3,68.3,67.7,67.7,67.6,67.7,67.8,61.9,65.3,63.4,67.7,67.7,65,65.4,67.7,67.7,64.3,64.3,65.4,67.7,68.3,67.7,66,67.5,64.7,62.3,64.9,65.4,65.4,68.3,63.1,65.1,63.5,62.4,66.9,62.4,67.7,67.6,64.6,63.3,64.6,69,68.9,68.9,68.3,67.7,69,69,67.7
06/02/2026 02:25:00,61.7,69,63.4,67.7,67.7,66.7,66.7,67.7,67.7,67.7,64.3,67.7,65,69.2,64.3,63.9,62.1,64.8,66.7,66.7,65.4,65.4,62.9,58,55.4,59.6,67.2,64.3,64.3,67.1,64.3,63.5,66.9,64.4,67.7,67.7,68.3,68.3,67.7,67.7,67.6,67.7,67.8,61.5,64.9,63,67.7,67.7,65,65.4,67.7,67.7,64.3,64.3,65.4,67.7,68.3,67.7,66.3,67.7,64.2,63.4,65.4,65.4,65.4,68.3,60.8,62.3,63.3,60.9,64.5,60.9,67.7,67.6,61.9,64.5,61.8,68.8,68.7,68.7,68.3,67.7,68.8,68.8,67.7
06/02/2026 02:30:00,61.5,70.8,63.1,67.7,67.7,66.8,66.8,67.7,67.7,67.6,65.4,67.6,65,69.2,65.4,62.1,59.3,62.8,66.8,66.8,65,65,63.3,60,55.8,59.4,67.2,64.3,64.2,67.2,64.3,65.2,70.4,66.2,67.6,67.6,68.3,68.3,67.7,67.6,67.6,67.7,67.8,60.9,64.5,62.4,67.7,67.7,65,65,67.7,67.7,65.4,65.4,65,67.6,68.3,67.6,66.5,67.4,65.6,63.2,66.2,65,65,68.3,62.2,63.4,60.6,63,65.5,63.1,67.6,67.6,63.8,65.2,63.8,68.7,68.7,68.7,68.3,67.7,68.7,68.7,67.7
06/02/2026 02:35:00,61.6,70.4,63.1,67.6,67.6,67,67,67.6,67.6,67.6,64.3,67.6,65,69,64.3,62.5,58.4,63.3,67,67,65.4,65.4,63,57,51.6,57.8,67.2,64.4,64.3,67.4,64.4,64.5,68.5,65.6,67.6,67.6,68.3,68.3,67.6,67.6,67.6,67.6,67.8,60.9,64.5,62.4,67.6,67.6,65,65.4,67.6,67.6,64.3,64.3,65.4,67.6,68.3,67.6,66.3,66.6,66.4,64.8,66.4,65.4,65.4,68.3,61.9,62.7,62,62.9,66,63,67.6,67.6,65.2,67.1,65.1,68.7,68.6,68.6,68.3,67.6,68.7,68.7,67.6
06/02/2026 02:40:00,61.8,69.1,63.4,67.7,67.7,66.9,66.9,67.7,67.7,67.6,64.3,67.6,65,69,64.3,63.9,61.7,64.7,66.9,66.9,65.4,65.4,63.1,56.9,53,58.6,67.1,64.4,64.3,66.9,64.3,61.9,66,62.8,67.6,67.6,68.3,68.3,67.7,67.6,67.6,67.7,67.8,61.7,65.3,63.2,67.7,67.7,65,65.4,67.7,67.7,64.3,64.3,65.4,67.6,68.3,67.6,66.3,67,64.1,63.5,64.9,65.4,65.4,68.3,60.8,63.7,62.7,61.7,67,61.7,67.6,67.6,65.9,66.4,65.9,68.7,68.6,68.6,68.3,67.7,68.7,68.7,67.7
06/02/2026 02:45:00,61.6,69.9,63.3,67.8,67.8,66.8,66.8,67.8,67.8,67.5,64.3,67.5,65,69.1,64.3,65.1,63.6,66.1,66.8,66.8,65.4,65.4,62.8,61.1,59.1,61.5,67.3,64.3,64.2,67.1,64.3,62.2,65.5,63,67.5,67.5,68.2,68.4,67.8,67.5,67.7,67.8,67.9,61.9,65.5,63.4,67.8,67.8,65,65.4,67.8,67.8,64.3,64.3,65.4,67.5,68.2,67.5,66.4,67.8,65.2,64.7,65.8,65.4,65.4,68.2,61.7,63.7,62.7,62.5,62.3,62.4,67.5,67.7,57.4,59.3,57.6,68.7,68.6,68.6,68.4,67.8,68.7,68.7,67.8
06/02/2026 02:50:00,61.7,70.4,63.2,67.6,67.6,66.7,66.7,67.6,67.6,67.5,64.3,67.5,65,68.9,64.3,62.2,59.5,63,66.7,66.7,65.4,65.4,63,58.8,55.2,59.7,67.1,64.4,64.3,67,64.3,63.6,67.7,64.7,67.5,67.5,68.2,68.2,67.6,67.5,67.5,67.6,67.7,62.1,65.5,63.7,67.6,67.6,65,65.4,67.6,67.6,64.3,64.3,65.4,67.5,68.2,67.5,65.5,66.4,62.9,61.9,63.7,65.4,65.4,68.2,60.5,60.6,61,58.5,62,58.6,67.5,67.5,56.7,61,56.9,68.7,68.7,68.7,68.2,67.6,68.7,68.7,67.6
06/02/2026 02:55:00,62.2,70.6,63.8,67.4,67.4,66.4,66.4,67.4,67.4,67.4,64.3,67.3,65,68.8,64.3,63.6,60.3,64.5,66.4,66.4,65.4,65.4,62.8,56.3,55,61.1,67.1,64.4,64.3,67.5,64.3,64.3,68.4,65.3,67.4,67.3,68,68,67.4,67.4,67.3,67.4,67.5,61.8,65,63.2,67.4,67.4,65,65.4,67.4,67.4,64.3,64.3,65.4,67.3,68,67.3,65.8,66.2,63.5,61.9,64.4,65.4,65.4,68,62.5,61.5,61,61.5,66,61.6,67.3,67.3,60,60.6,60.1,68.6,68.5,68.5,68,67.4,68.6,68.6,67.4
06/02/2026 03:00:00,62,70,63.6,67.3,67.3,66.5,66.5,67.3,67.3,67.3,64.3,67.2,65,68.7,64.3,62.3,60.8,63,66.5,66.5,65.4,65.4,62.9,59,55.1,59.1,66.9,64.4,64.4,67.4,64.4,64.1,67.7,65.2,67.3,67.2,67.9,68,67.3,67.3,67.3,67.3,67.4,62.1,65.4,63.7,67.3,67.3,65,65.4,67.3,67.3,64.3,64.3,65.4,67.2,67.9,67.2,66.1,64.8,62.8,62.4,63.7,65.4,65.4,67.9,61.4,60.7,60.1,61.8,64,61.9,67.2,67.3,58.5,59.4,58.5,68.8,68.7,68.7,68,67.3,68.8,68.8,67.3
06/02/2026 03:05:00,61.7,70.4,63.4,67.4,67.4,66.4,66.4,67.4,67.4,67.3,64.3,67.3,65,68.7,64.3,63.5,62.1,64.1,66.4,66.4,65.4,65.4,63.4,60.5,56.2,59.6,67.2,64.3,64.3,67.2,64.3,65.4,68.6,66.4,67.3,67.3,68,68,67.4,67.3,67.3,67.4,67.5,62.3,65.6,63.8,67.4,67.4,65,65.4,67.4,67.4,64.3,64.3,65.4,67.3,68,67.3,65.7,65.6,62,62.8,64.2,65.4,65.4,68,61.5,64.1,61.8,63.1,67,63.1,67.3,67.3,62.7,65.1,62.7,68.7,68.6,68.6,68,67.4,68.7,68.7,67.4
06/02/2026 03:10:00,61.6,70.1,63.1,67.5,67.5,66.6,66.6,67.5,67.5,67.5,65.2,67.5,65,68.6,65.2,62.1,61.7,62.9,66.6,66.6,65.1,65.1,63.5,62.5,58.3,60.7,67.3,64.4,64.4,67.1,64.4,62.6,67.9,63.6,67.5,67.5,68,68.1,67.5,67.5,67.4,67.5,67.6,62.4,65.8,64,67.5,67.5,65,65.1,67.5,67.5,65.2,65.2,65.1,67.5,68,67.5,66,66.9,64.1,64.4,64.6,65.1,65.1,68,59.9,63.5,63.1,63.9,67.7,63.8,67.5,67.4,64.8,66.9,64.7,68.8,68.7,68.7,68.1,67.5,68.8,68.8,67.5
06/02/2026 03:15:00,61.4,69.7,63.1,67.7,67.7,66.6,66.6,67.7,67.7,67.6,65.2,67.5,65,68.7,65.2,61.8,59.3,62.5,66.6,66.6,65.1,65.1,63.2,57.8,53.9,58.1,67,64.3,64.3,66.9,64.3,65.2,69.6,66.4,67.6,67.5,68.2,68.3,67.7,67.6,67.6,67.7,67.8,61.6,65,63.1,67.7,67.7,65,65.1,67.7,67.7,65.2,65.2,65.1,67.5,68.2,67.5,66.1,67.6,63.6,64.2,65,65.1,65.1,68.2,61.3,65.5,63.5,64.5,67.3,64.4,67.5,67.6,65.8,67.2,65.7,68.8,68.7,68.7,68.3,67.7,68.8,68.8,67.7
06/02/2026 03:20:00,61.8,68.7,63.4,67.8,67.8,66.4,66.4,67.8,67.8,67.6,65.2,67.6,66,68.8,65.2,62.7,60.8,63.5,66.4,66.4,64.2,64.2,63.2,60.3,55.4,59.5,67.1,64.4,64.4,67.3,64.4,63,66,64,67.6,67.6,68.2,68.4,67.8,67.6,67.7,67.8,67.9,61.9,65.7,63.5,67.8,67.8,66,64.2,67.8,67.8,65.2,65.2,64.2,67.6,68.2,67.6,65.8,67.5,62.4,63.9,65,64.2,64.2,68.2,60.2,62.9,61.1,63.2,65.9,63.2,67.6,67.7,62.3,64.6,62.3,69.1,69,69,68.4,67.8,69.1,69.1,67.8
06/02/2026 03:25:00,61.7,69.9,63.4,67.9,67.9,66.9,66.9,67.9,67.9,67.5,65.2,67.5,66,68.8,65.2,64.4,64.1,65.4,66.9,66.9,64.2,64.2,62.2,59.7,56.2,59.2,67.1,64.4,64.4,67,64.4,62.9,66.6,63.9,67.5,67.5,68.2,68.5,67.9,67.5,67.8,67.9,67.9,61.7,65.5,63.2,67.9,67.9,66,64.2,67.9,67.9,65.2,65.2,64.2,67.5,68.2,67.5,66.9,69.1,65.4,66.8,66.9,64.2,64.2,68.2,60.6,62.9,62.1,64.2,64.2,64.2,67.5,67.8,63.9,67.4,63.9,68.8,68.7,68.7,68.5,67.9,68.8,68.8,67.9
06/02/2026 03:30:00,61.6,70.6,63.3,67.9,67.9,67,67,67.9,67.9,67.8,65.2,67.7,65.7,68.8,65.2,64,62.8,64.8,67,67,65,65,62.8,63,60.7,60.7,67.3,64.4,64.5,67.1,64.5,64.5,67.9,65.6,67.8,67.7,68.4,68.5,67.9,67.8,67.8,67.9,68,61.5,65.5,63,67.9,67.9,65.7,65,67.9,67.9,65.2,65.2,65,67.7,68.4,67.7,67.2,68.9,65.9,66.4,66.2,65,65,68.4,60.6,62.2,63.2,63.4,66.7,63.3,67.7,67.8,59.3,61.7,59.3,68.7,68.6,68.6,68.5,67.9,68.7,68.7,67.9
06/02/2026 03:35:00,61.4,70.3,63,67.9,67.9,67,67,67.9,67.9,67.8,64.9,67.8,65.8,68.9,64.9,66.2,66.2,67.3,67,67,65.3,65.3,63.1,61.3,57.6,60.9,67.1,64.4,64.5,67,64.5,66.2,70.4,67.4,67.8,67.8,68.5,68.5,67.9,67.8,67.8,67.9,68,61.3,65.6,62.9,67.9,67.9,65.8,65.3,67.9,67.9,64.9,64.9,65.3,67.8,68.5,67.8,66.2,67.1,65.5,65.9,65.7,65.3,65.3,68.5,56.3,63.4,60.6,62.9,66.1,62.9,67.8,67.8,59.7,61.8,59.7,68.9,68.9,68.9,68.5,67.9,68.9,68.9,67.9
06/02/2026 03:40:00,61.6,69.8,63.2,68.2,68.2,67.4,67.4,68.2,68.2,68,65.3,67.9,65.8,69.1,65.3,63.6,63.5,64.5,67.4,67.4,65.1,65.1,62.6,62.8,59.9,61,67.1,64.4,64.5,66.9,64.5,63.4,66.5,64.3,68,67.9,68.6,68.8,68.2,68,68.1,68.2,68.3,61.9,66.1,63.4,68.2,68.2,65.8,65.1,68.2,68.2,65.3,65.3,65.1,67.9,68.6,67.9,67.5,69.3,68.2,68,68.1,65.1,65.1,68.6,61,65.9,63.4,63.6,65.6,63.5,67.9,68.1,60.4,62.6,60.5,68.8,68.7,68.7,68.8,68.2,68.8,68.8,68.2
06/02/2026 03:45:00,61.7,68.7,63.3,68.7,68.7,67.8,67.8,68.7,68.7,68.2,65.4,68.1,66,69.5,65.4,66.6,65.3,67.6,67.8,67.8,65.1,65.1,63.8,64.1,62.7,63.3,67,64.4,64.4,66.8,64.4,61.9,66.9,62.8,68.2,68.1,68.8,69.3,68.7,68.2,68.6,68.7,68.8,62.1,66.8,63.7,68.7,68.7,66,65.1,68.7,68.7,65.4,65.4,65.1,68.1,68.8,68.1,67.4,68.9,67.7,68.4,68,65.1,65.1,68.8,62.3,66.4,63.8,64.6,68.4,64.5,68.1,68.6,57.9,61.7,58.1,69,68.9,68.9,69.3,68.7,69,69,68.7
06/02/2026 03:50:00,61.8,70,63.3,68.5,68.5,67.5,67.5,68.5,68.5,68.2,65.4,68.1,66,69.4,65.4,65.4,64.5,66.3,67.5,67.5,65.1,65.1,64,66,64.8,62.9,67,64.4,64.4,66.7,64.4,61.7,65.1,62.5,68.2,68.1,68.8,69.1,68.5,68.2,68.5,68.5,68.6,61,65.6,62.5,68.5,68.5,66,65.1,68.5,68.5,65.4,65.4,65.1,68.1,68.8,68.1,66.6,67.6,67.9,68.1,68.1,65.1,65.1,68.8,61.8,66.1,61.8,64.7,67.9,64.6,68.1,68.5,55.6,58.2,55.7,68.8,68.7,68.7,69.1,68.5,68.8,68.8,68.5
06/02/2026 03:55:00,61.5,70.9,63.1,68.5,68.5,67.3,67.3,68.5,68.5,68.1,64.9,68,65.7,69.2,64.9,65.7,64.8,66.5,67.3,67.3,65.2,65.2,63.8,64.8,63.2,63.3,67,64.4,64.4,66.8,64.4,64.6,69.2,65.7,68.1,68,68.7,69.1,68.5,68.1,68.4,68.5,68.5,61,65.5,62.5,68.5,68.5,65.7,65.2,68.5,68.5,64.9,64.9,65.2,68,68.7,68,66.4,68.1,65.6,67.5,67,65.2,65.2,68.7,61.5,63.7,61.2,60.7,64.4,60.8,68,68.4,51.4,55.6,51.7,68.5,68.4,68.4,69.1,68.5,68.5,68.5,68.5
06/02/2026 04:00:00,61.4,71.2,63.1,68.1,68.1,67.3,67.3,68.1,68.1,67.9,65.1,67.8,65.5,69.1,65.1,64.8,63.8,65.6,67.3,67.3,65.2,65.2,64,65.1,62.5,62.5,66.7,64.3,64.4,67.1,64.4,63.9,69,64.8,67.9,67.8,68.5,68.7,68.1,67.9,68,68.1,68.2,61.5,65.7,63,68.1,68.1,65.5,65.2,68.1,68.1,65.1,65.1,65.2,67.8,68.5,67.8,64.7,65.7,64.7,65.8,66.5,65.2,65.2,68.5,61.4,62.5,61,60.3,63.9,60.5,67.8,68,58,58.1,58.2,68.2,68.1,68.1,68.7,68.1,68.2,68.2,68.1
06/02/2026 04:05:00,61.5,69,63.1,68.2,68.2,67.2,67.2,68.2,68.2,68,65.1,67.9,65.5,68.8,65.1,66.1,63.7,67.1,67.2,67.2,65.2,65.2,63.8,61.3,58.2,60.2,67.1,64.4,64.4,67,64.4,63.4,67.8,64.4,68,67.9,68.6,68.9,68.2,68,68.2,68.2,68.4,60.8,65.4,62.4,68.2,68.2,65.5,65.2,68.2,68.2,65.1,65.1,65.2,67.9,68.6,67.9,64.8,66.3,65.1,65.7,65.2,65.2,65.2,68.6,59.1,60.6,58.6,59.2,64.3,59.3,67.9,68.2,57,61.7,57.1,68.3,68.2,68.2,68.9,68.2,68.3,68.3,68.2
06/02/2026 04:10:00,61.9,70.8,63.6,68.5,68.5,67.4,67.4,68.5,68.5,68.2,65,68.1,65.7,68.8,65,64,62.5,65,67.4,67.4,65.3,65.3,62.4,61.9,59.1,61.2,67.2,64.4,64.5,67.1,64.5,62.8,66.9,63.7,68.2,68.1,68.8,69.1,68.5,68.2,68.4,68.5,68.6,60.8,65.8,62.3,68.5,68.5,65.7,65.3,68.5,68.5,65,65,65.3,68.1,68.8,68.1,66.2,67.6,65.4,66.1,65.9,65.3,65.3,68.8,60.4,64.9,61,62.1,66.7,62.2,68.1,68.4,60.4,61.4,60.5,68.6,68.5,68.5,69.1,68.5,68.6,68.6,68.5
06/02/2026 04:15:00,61.9,70.4,63.5,68.9,68.9,68,68,68.9,68.9,68.7,65.1,68.6,65.9,69.5,65.1,62.1,63.8,63,68,68,65.2,65.2,61.8,62.7,62.1,63.4,67.3,64.4,64.5,66.9,64.5,64.6,68,65.6,68.7,68.6,69.3,69.6,68.9,68.7,68.9,68.9,69.1,61.1,66.4,62.6,68.9,68.9,65.9,65.2,68.9,68.9,65.1,65.1,65.2,68.6,69.3,68.6,66.4,67.8,67.6,67.1,67,65.2,65.2,69.3,60.8,65,60.1,62.4,67.7,62.5,68.6,68.9,60.4,65,60.6,69,68.9,68.9,69.6,68.9,69,69,68.9
06/02/2026 04:20:00,62,69.6,63.6,68.9,68.9,67.9,67.9,68.9,68.9,68.6,65.1,68.5,65.7,69.3,65.1,62,62.9,62.8,67.9,67.9,65.2,65.2,62.6,64.2,63.6,64,67.1,64.4,64.4,66.6,64.4,65.4,67.1,66.6,68.6,68.5,69.2,69.6,68.9,68.6,68.9,68.9,69,59.6,65.7,61.1,68.9,68.9,65.7,65.2,68.9,68.9,65.1,65.1,65.2,68.5,69.2,68.5,66.6,68.5,66.8,66.9,66.6,65.2,65.2,69.2,59.5,66.8,61.8,63.3,67.8,63.3,68.5,68.9,61.2,64,61.4,69,68.9,68.9,69.6,68.9,69,69,68.9
06/02/2026 04:25:00,61.7,70,63.3,69,69,68,68,69,69,68.7,65.1,68.6,65.9,69.3,65.1,64.4,64.4,65.4,68,68,65,65,63,65.2,64.2,64,67.1,64.5,64.2,66.4,64.3,65.9,68.8,67.1,68.7,68.6,69.3,69.6,69,68.7,68.9,69,69.1,61.1,67.6,62.7,69,69,65.9,65,69,69,65.1,65.1,65,68.6,69.3,68.6,64,66,66.5,67.3,67.2,65,65,69.3,60.5,65.4,62.2,63.5,69.1,63.5,68.6,68.9,56.1,61.6,56.3,69.2,69.1,69.1,69.6,69,69.2,69.2,69
06/02/2026 04:30:00,61.4,70.1,63.1,69.3,69.3,68.2,68.2,69.3,69.3,68.8,65.2,68.7,65.8,69.6,65.2,61.3,60.9,62.1,68.2,68.2,65,65,63.8,65.5,64.5,63.9,67.2,64.5,64.3,66.1,64.3,63.4,68.3,64.4,68.8,68.7,69.4,69.9,69.3,68.8,69.2,69.3,69.4,58.4,65.4,59.8,69.3,69.3,65.8,65,69.3,69.3,65.2,65.2,65,68.7,69.4,68.7,65.7,67.5,68.8,67.7,68.2,65,65,69.4,56.8,63.7,60.1,64.8,69.5,64.7,68.7,69.2,55,61.6,55.3,69.4,69.3,69.3,69.9,69.3,69.4,69.4,69.3
06/02/2026 04:35:00,61.5,69.8,63.1,69.7,69.7,68.4,68.4,69.7,69.7,69.1,65.3,69.1,66,69.9,65.3,63.1,62.7,63.8,68.4,68.4,65.3,65.3,64.4,65.8,64.5,63.7,67.1,64.4,64.3,66.5,64.3,63.4,67.7,64.4,69.1,69.1,69.7,70.3,69.7,69.1,69.6,69.7,69.8,58.9,66.5,60.4,69.7,69.7,66,65.3,69.7,69.7,65.3,65.3,65.3,69.1,69.7,69.1,66.3,68.6,68.8,68.2,67.8,65.3,65.3,69.7,58.1,65.9,61.4,63,68.9,62.9,69.1,69.6,58.4,63,58.6,69.9,69.8,69.8,70.3,69.7,69.9,69.9,69.7
06/02/2026 04:40:00,61.7,69.6,63.3,69.9,69.9,68.7,68.7,69.9,69.9,69.4,65.2,69.3,65.9,70.3,65.2,64.4,64.6,65.2,68.7,68.7,65.2,65.2,63.4,65.8,65.6,64.4,67.2,64.5,64.2,66.2,64.2,65.8,69.6,67,69.4,69.3,70,70.5,69.9,69.4,69.8,69.9,70,60.4,68.2,61.9,69.9,69.9,65.9,65.2,69.9,69.9,65.2,65.2,65.2,69.3,70,69.3,66.3,69,70.1,69.1,68.9,65.2,65.2,70,61.5,68.1,63.3,63.4,68.5,63.4,69.3,69.8,62,65.6,62.1,70,70,70,70.5,69.9,70,70,69.9
06/02/2026 04:45:00,61.5,70.5,63.1,70.1,70.1,68.8,68.8,70.1,70.1,69.5,65.1,69.4,65.9,70.4,65.1,63.7,64.7,64.6,68.8,68.8,65.2,65.2,62.8,66.6,68,64.3,67,64.3,64.2,66,64.2,68.4,71.5,69.8,69.5,69.4,70.1,70.7,70.1,69.5,70,70.1,70.2,58.7,66.1,60.1,70.1,70.1,65.9,65.2,70.1,70.1,65.1,65.1,65.2,69.4,70.1,69.4,65.5,67.8,71,69.6,69.3,65.2,65.2,70.1,63,69.7,64.3,64.6,70.9,64.7,69.4,70,60.2,65,60.4,70.3,70.2,70.2,70.7,70.1,70.3,70.3,70.1
06/02/2026 04:50:00,62.1,70.2,63.7,70.3,70.3,68.7,68.7,70.3,70.3,69.4,65.2,69.3,65.7,70.6,65.2,65,65.7,65.8,68.7,68.7,65,65,64.3,69.1,71.3,64.3,67,64.4,64.1,65.9,64.1,68.6,72.4,70,69.4,69.3,70,70.9,70.3,69.4,70.2,70.3,70.4,60.3,67.8,61.7,70.3,70.3,65.7,65,70.3,70.3,65.2,65.2,65,69.3,70,69.3,66.8,69.1,71.4,70.9,70.6,65,65,70,63.6,69.8,64.6,64.6,71.5,64.5,69.3,70.2,58.4,63,58.6,70.3,70.2,70.2,70.9,70.3,70.3,70.3,70.3
06/02/2026 04:55:00,62,70.4,63.7,70.1,70.1,68.7,68.7,70.1,70.1,69.1,65.1,69,65.7,70.6,65.1,64.5,64.8,65.5,68.7,68.7,65.1,65.1,64.1,67,65.9,63.7,67,64.4,64,66,64,68.7,71.9,70.1,69.1,69,69.7,70.7,70.1,69.1,70,70.1,70.2,57.5,65.4,59,70.1,70.1,65.7,65.1,70.1,70.1,65.1,65.1,65.1,69,69.7,69,65.5,68.5,71.4,70.9,70.5,65.1,65.1,69.7,61.7,69,63.7,64.4,70.9,64.3,69,70,61,63.7,61,70.1,70,70,70.7,70.1,70.1,70.1,70.1
06/02/2026 05:00:00,61.8,70.3,63.4,70.3,70.3,69.6,69.6,70.3,70.3,69.5,65.3,69.4,66.1,70.6,65.3,64.7,65.4,65.7,69.6,69.6,65.3,65.3,65.1,66.7,64.2,64.3,67.1,64.4,64.1,66.1,64.1,63.2,68.9,64.2,69.5,69.4,70.1,70.9,70.3,69.5,70.2,70.3,70.4,57.1,65.4,58.5,70.3,70.3,66.1,65.3,70.3,70.3,65.3,65.3,65.3,69.4,70.1,69.4,67.1,69.3,71.6,70.8,68.6,65.3,65.3,70.1,63.5,70.8,64.8,65.6,71.6,65.4,69.4,70.2,55.9,62.4,56.1,69.6,69.6,69.6,70.9,70.3,69.6,69.6,70.3
06/02/2026 05:05:00,61.8,70.5,63.4,69.8,69.8,69.7,69.7,69.8,69.8,69.4,65.5,69.3,66,70.5,65.5,65.1,66.3,66.3,69.7,69.7,65.5,65.5,64.7,68.3,66,64.5,67.3,64.6,64.1,66.1,64.1,65.6,69.6,66.9,69.4,69.3,70,70.4,69.8,69.4,69.7,69.8,69.9,56.9,65.5,58.4,69.8,69.8,66,65.5,69.8,69.8,65.5,65.5,65.5,69.3,70,69.3,68.2,72.1,70.3,70.4,69.6,65.5,65.5,70,64.7,70.2,65.6,65.6,71.1,65.6,69.3,69.7,54.9,62.5,55.2,69.6,69.5,69.5,70.4,69.8,69.6,69.6,69.8
06/02/2026 05:10:00,61.5,69.7,63.1,70.2,70.2,70,70,70.2,70.2,69.4,65.5,69.4,66,70.5,65.5,64.8,66.1,65.9,70,70,65.4,65.4,64.3,68.1,65.8,64.7,67.4,64.8,64.2,66.2,64.2,63.6,69.7,64.7,69.4,69.4,70.1,70.8,70.2,69.4,70.1,70.2,70.3,57.6,66.5,59.1,70.2,70.2,66,65.4,70.2,70.2,65.5,65.5,65.4,69.4,70.1,69.4,46.8,46.8,67.4,68.6,66.9,65.4,65.4,70.1,63.1,67.6,61,62.5,69.4,62.4,69.4,70.1,53.4,61.3,53.7,69.7,69.6,69.6,70.8,70.2,69.7,69.7,70.2
06/02/2026 05:15:00,61.7,69.5,63.2,70.3,70.3,69.8,69.8,70.3,70.3,69.5,65.5,69.4,66.1,70.6,65.5,61.2,62.7,62,69.8,69.8,65.4,65.4,63.6,67.4,65.1,64.1,67.1,64.5,64.3,66.2,64.3,64.7,67.8,65.8,69.5,69.4,70.1,70.9,70.3,69.5,70.2,70.3,70.4,57.9,67,59.3,70.3,70.3,66.1,65.4,70.3,70.3,65.5,65.5,65.4,69.4,70.1,69.4,41.1,40.4,65,65.8,65,65.4,65.4,70.1,62.2,67.1,60,62.9,69.1,62.9,69.4,70.2,54.2,60.4,54.5,69.7,69.6,69.6,70.9,70.3,69.7,69.7,70.3
06/02/2026 05:20:00,61.2,68.5,62.8,70.7,70.7,69.7,69.7,70.7,70.7,69.4,65.5,69.3,66,71,65.5,62.3,63.6,63.2,69.7,69.7,65.5,65.5,63.4,66.2,64.6,64,67,64.4,64.1,66,64.1,65.3,67.8,66.4,69.4,69.3,70,71.3,70.7,69.4,70.6,70.7,70.8,59.7,69.3,61.2,70.7,70.7,66,65.5,70.7,70.7,65.5,65.5,65.5,69.3,70,69.3,49.7,51.1,68,68.4,67.3,65.5,65.5,70,63.1,67,62.6,62.9,69.1,63,69.3,70.6,54.1,60.4,54.2,69.9,69.8,69.8,71.3,70.7,69.9,69.9,70.7
06/02/2026 05:25:00,60.8,67.8,62.3,70.5,70.5,69.5,69.5,70.5,70.5,69.3,65.5,69.2,66.1,70.8,65.5,63,65.1,63.9,69.5,69.5,65.4,65.4,62.9,65.5,63.1,60.8,66.8,64.2,64.1,66,64.1,63.1,66.9,64.1,69.3,69.2,69.9,71.1,70.5,69.3,70.4,70.5,70.6,57.2,66.4,58.6,70.5,70.5,66.1,65.4,70.5,70.5,65.5,65.5,65.4,69.2,69.9,69.2,61.2,62.3,69.3,69.8,68.7,65.4,65.4,69.9,63.3,68.2,62.4,60.8,67.6,60.8,69.2,70.4,55.2,62.3,55.5,70,69.9,69.9,71.1,70.5,70,70,70.5
06/02/2026 05:30:00,61.2,68.8,62.8,70.4,70.4,69.5,69.5,70.4,70.4,69.2,65.3,69.1,66,70.7,65.3,63.6,66,64.6,69.5,69.5,65.3,65.3,62.6,66.1,65,62.7,67.1,64.5,64.2,66,64.2,62.1,66.7,63,69.2,69.1,69.8,71,70.4,69.2,70.3,70.4,70.5,55.7,66.4,57.1,70.4,70.4,66,65.3,70.4,70.4,65.3,65.3,65.3,69.1,69.8,69.1,65.9,67.1,67.9,69,67.1,65.3,65.3,69.8,61.3,66.6,61.3,63.6,69.4,63.6,69.1,70.3,55.9,62.3,56.2,70.1,70,70,71,70.4,70.1,70.1,70.4
06/02/2026 05:35:00,61.5,69.4,63.1,70.1,70.1,69.2,69.2,70.1,70.1,69,65.3,68.9,65.9,70.7,65.3,63.8,66,64.7,69.2,69.2,65.2,65.2,63.1,67.1,67,64.4,66.9,64.4,64.2,66,64.2,64.5,66.5,65.6,69,68.9,69.6,70.7,70.1,69,70,70.1,70.2,58,67.4,59.5,70.1,70.1,65.9,65.2,70.1,70.1,65.3,65.3,65.2,68.9,69.6,68.9,67.9,69.7,72.1,70.8,70.3,65.2,65.2,69.6,59.9,67.4,62.3,62.7,68.4,62.6,68.9,70,57.2,62.5,57.4,69.8,69.7,69.7,70.7,70.1,69.8,69.8,70.1
06/02/2026 05:40:00,61.3,69.2,62.8,69.1,69.1,68.9,68.9,69.1,69.1,68.9,65.2,68.8,65.8,70.9,65.2,64.4,67,65.3,68.9,68.9,65.1,65.1,62.6,66.3,67.3,64.1,66.7,64.3,64.2,66.1,64.2,66.4,68.1,67.6,68.9,68.8,69.5,69.7,69.1,68.9,69,69.1,69.2,57.3,66.3,58.8,69.1,69.1,65.8,65.1,69.1,69.1,65.2,65.2,65.1,68.8,69.5,68.8,62.9,65.8,69,68.9,68,65.1,65.1,69.5,60.9,66.9,62.4,61.8,66.6,61.8,68.8,69,56.3,62.4,56.4,69.9,69.8,69.8,69.7,69.1,69.9,69.9,69.1
06/02/2026 05:45:00,61.8,68.5,63.4,69,69,69,69,69,69,69,65.2,68.9,65.8,70.9,65.2,66.2,69.9,67.3,69,69,65.1,65.1,61.6,65.8,67.5,64.2,66.5,64.2,64.2,66.1,64.2,63.7,64.4,64.7,69,68.9,69.6,69.6,69,69,68.9,69,69.1,58.7,67.4,60.2,69,69,65.8,65.1,69,69,65.2,65.2,65.1,68.9,69.6,68.9,54.3,56.3,64.6,64.1,64.5,65.1,65.1,69.6,62.4,68.3,63.9,64.7,68.6,64.7,68.9,68.9,55.3,61.7,55.6,70.1,70,70,69.6,69,70.1,70.1,69
06/02/2026 05:50:00,61.3,68.6,62.9,68.9,68.9,68.9,68.9,68.9,68.9,68.9,65.2,68.8,65.7,70.8,65.2,66.6,70,67.9,68.9,68.9,65.1,65.1,53.2,53.8,62,61.9,66.7,64.2,64.2,66.1,64.2,50.7,49.9,50.8,68.9,68.8,69.5,69.5,68.9,68.9,68.8,68.9,69,58.6,66.7,60,68.9,68.9,65.7,65.1,68.9,68.9,65.2,65.2,65.1,68.8,69.5,68.8,49,49.6,60.5,58.1,61.3,65.1,65.1,69.5,61.2,67.8,63.2,61.6,65.4,61.6,68.8,68.8,55.6,61.3,55.9,70.3,70.2,70.2,69.5,68.9,70.3,70.3,68.9
06/02/2026 05:55:00,61.6,68.5,63.2,68.4,68.4,68.8,68.8,68.4,68.4,68.7,65.1,68.6,65.7,70.7,65.1,64.2,66.8,65.2,68.8,68.8,65,65,44.2,43.7,56,58.3,66.6,64.3,64.3,66.3,64.3,45.7,42.6,45.6,68.7,68.6,69.3,69,68.4,68.7,68.3,68.4,68.5,58.1,66.4,59.6,68.4,68.4,65.7,65,68.4,68.4,65.1,65.1,65,68.6,69.3,68.6,45.1,44.4,54.4,50.3,56.5,65,65,69.3,60.7,66.2,62.7,60,64.6,60.2,68.6,68.3,55.6,60.7,55.8,70.5,70.4,70.4,69,68.4,70.5,70.5,68.4
06/02/2026 06:00:00,61.5,67.9,63,66.2,66.2,66.7,66.7,66.2,66.2,66.5,65,66.4,65.6,68.9,65,62.7,65.3,63.6,66.7,66.7,64.9,64.9,41,39.1,52.1,55.9,66.3,64.1,64.2,66.2,64.2,50.9,47,51.1,66.5,66.4,67.1,66.8,66.2,66.5,66.1,66.2,66.3,59.5,65.9,61,66.2,66.2,65.6,64.9,66.2,66.2,65,65,64.9,66.4,67.1,66.4,40.8,40.5,50.3,49.6,53.7,64.9,64.9,67.1,61.4,65.2,60.8,61.1,63.9,61.2,66.4,66.1,56,62.4,56.3,69.1,69,69,66.8,66.2,69.1,69.1,66.2
06/02/2026 06:05:00,61.8,69.5,63.3,65.1,65.1,65.6,65.6,65.1,65.1,65.1,64.9,65,65.5,67.6,64.9,64.2,67.2,65.3,65.6,65.6,64.8,64.8,37.1,33.3,47.5,53.7,66.5,64.2,64.2,66.1,64.2,60.5,56.7,61.4,65.1,65,65.7,65.7,65.1,65.1,65,65.1,65.2,60.2,65.5,61.7,65.1,65.1,65.5,64.8,65.1,65.1,64.9,64.9,64.8,65,65.7,65,36.1,34.5,41.8,41.1,47.2,64.8,64.8,65.7,60.2,64.1,59,62.1,64.9,62.2,65,65,57.2,64.4,57.4,68.5,68.4,68.4,65.7,65.1,68.5,68.5,65.1
06/02/2026 06:10:00,60.7,67.6,62.3,64.5,64.5,64.6,64.6,64.5,64.5,64.3,64.7,64.2,65.3,66.8,64.7,63.3,65.2,64.3,64.6,64.6,64.6,64.6,35.1,30.3,46,53.4,66.4,64.1,64.2,66,64.2,63.7,61,64.8,64.3,64.2,64.9,65.1,64.5,64.3,64.4,64.5,64.6,61.1,65.3,62.6,64.5,64.5,65.3,64.6,64.5,64.5,64.7,64.7,64.6,64.2,64.9,64.2,36.7,35,32.5,33.3,39.7,64.6,64.6,64.9,61.3,64.8,59.1,60.9,64.6,61.1,64.2,64.4,53.6,60.5,53.9,68,67.9,67.9,65.1,64.5,68,68,64.5
06/02/2026 06:15:00,60.7,66.9,62.2,63.9,63.9,63.6,63.6,63.9,63.9,63.9,64.6,63.8,65.2,66.5,64.6,62,63.7,62.9,63.6,63.6,64.5,64.5,34.5,29.5,45.6,52.9,66.5,64.2,64.3,66.2,64.3,62.6,58.6,63.7,63.9,63.8,64.4,64.5,63.9,63.9,63.8,63.9,64,63.5,66.5,65.1,63.9,63.9,65.2,64.5,63.9,63.9,64.6,64.6,64.5,63.8,64.4,63.8,37.3,36.5,44.6,42.5,49.3,64.5,64.5,64.4,61.5,63.6,58.9,60.2,62.2,60.3,63.8,63.8,54.5,60.8,54.7,67.8,67.7,67.7,64.5,63.9,67.8,67.8,63.9
06/02/2026 06:20:00,59.8,66.3,61.2,63.6,63.6,63,63,63.6,63.6,63.6,64.4,63.5,65.1,66.2,64.4,62,64.4,62.8,63,63,64.4,64.4,32,27.6,44.1,51.8,66.2,64,64.3,66.1,64.3,49,43,49.3,63.6,63.5,64.2,64.2,63.6,63.6,63.5,63.6,63.7,64.2,66.6,65.7,63.6,63.6,65.1,64.4,63.6,63.6,64.4,64.4,64.4,63.5,64.2,63.5,39.9,37.1,52.9,50.3,55.6,64.4,64.4,64.2,60,63,58.6,59.4,60.7,59.4,63.5,63.5,52.2,58.8,52.5,67.7,67.6,67.6,64.2,63.6,67.7,67.7,63.6
06/02/2026 06:25:00,60.1,66.2,61.5,63.2,63.2,62.7,62.7,63.2,63.2,63.3,64.4,63.2,65,65.9,64.4,62.9,65.7,63.7,62.7,62.7,64.3,64.3,30.5,25.3,41.3,50.2,66.2,64.1,64.1,66,64.1,41.7,33.3,41.4,63.3,63.2,63.9,63.8,63.2,63.3,63.1,63.2,63.3,63.2,65.8,64.7,63.2,63.2,65,64.3,63.2,63.2,64.4,64.4,64.3,63.2,63.9,63.2,41.9,40.1,58.6,56.2,60.2,64.3,64.3,63.9,57.7,61.9,58.8,51.7,51.5,52,63.2,63.1,51.3,55.6,51.6,67.8,67.7,67.7,63.8,63.2,67.8,67.8,63.2
06/02/2026 06:30:00,59.8,65.5,61.2,63,63,61.4,61.4,63,63,63,64.4,62.9,65,65.5,64.4,61.6,64.3,62.4,61.4,61.4,64.3,64.3,28,22.7,39.5,48.9,66.3,64.1,64.2,66,64.2,41.3,32.2,41,63,62.9,63.6,63.6,63,63,62.9,63,63.1,63,65.6,64.5,63,63,65,64.3,63,63,64.4,64.4,64.3,62.9,63.6,62.9,40.5,38.6,60.1,58.6,61.2,64.3,64.3,63.6,57.1,61.3,56.6,50.1,48.8,50.4,62.9,62.9,51.4,57.1,51.7,67.8,67.7,67.7,63.6,63,67.8,67.8,63
06/02/2026 06:35:00,60,66.3,61.5,60.5,60.5,60.5,60.5,60.5,60.5,62.7,64.2,62.6,64.9,65.7,64.2,61.6,62.5,62.4,60.5,60.5,64.2,64.2,28.9,22.2,38.3,48.3,66.2,64,64.1,66.2,64.1,37.5,26.9,36.8,62.7,62.6,63.2,61.1,60.5,62.7,60.5,60.5,60.6,59.6,62.3,61.1,60.5,60.5,64.9,64.2,60.5,60.5,64.2,64.2,64.2,62.6,63.2,62.6,37.6,35,48.8,46.4,52.5,64.2,64.2,63.2,57.2,60.5,59.3,52,52.6,52.4,62.6,60.5,52.6,57.5,53,67.5,67.4,67.4,61.1,60.5,67.5,67.5,60.5
06/02/2026 06:40:00,59.7,66.9,61.1,59.5,59.5,59.4,59.4,59.5,59.5,62.6,64.1,62.5,64.8,65.3,64.1,61.3,61.5,62.1,59.4,59.4,64.1,64.1,28.2,21.2,37.2,47.8,66.5,64.2,64.4,66.4,64.4,38.5,28.5,37.8,62.6,62.5,63.1,60,59.5,62.6,59.4,59.5,59.5,61,62.5,62.5,59.5,59.5,64.8,64.1,59.5,59.5,64.1,64.1,64.1,62.5,63.1,62.5,37.8,35.2,34.4,34.4,41.3,64.1,64.1,63.1,58.4,61.3,57.6,53.9,53.5,54.2,62.5,59.4,53.8,57,54.1,67.3,67.2,67.2,60,59.5,67.3,67.3,59.5
06/02/2026 06:45:00,59.9,65.4,61.3,57.5,57.5,57.4,57.4,57.5,57.5,62.5,64.1,62.4,64.8,65.3,64.1,62.1,63.7,62.9,57.4,57.4,64.1,64.1,24.7,17.2,34.9,46.4,66.4,64.1,64.4,66.4,64.4,39.1,30,38.4,62.5,62.4,63,58,57.5,62.5,57.4,57.5,57.5,59.4,60.5,60.9,57.5,57.5,64.8,64.1,57.5,57.5,64.1,64.1,64.1,62.4,63,62.4,37.1,36.4,29.6,29,37.4,64.1,64.1,63,58.7,61.5,57.5,54.1,53.8,54.3,62.4,57.4,52.9,55.8,53.2,67.3,67.2,67.2,58,57.5,67.3,67.3,57.5
06/02/2026 06:50:00,60.6,66.3,62.1,56.4,56.4,56.3,56.3,56.4,56.4,62.5,64.2,62.4,64.8,65.3,64.2,62.2,63.2,63,56.3,56.3,64.1,64.1,24.8,17.3,35.6,46.3,66.5,64.2,64.3,66.3,64.3,43.3,35.2,42.9,62.5,62.4,63,56.9,56.4,62.5,56.3,56.4,56.4,53.3,55.5,54.7,56.4,56.4,64.8,64.1,56.4,56.4,64.2,64.2,64.1,62.4,63,62.4,37.9,36.6,25.6,25.4,35.1,64.1,64.1,63,58.5,61.2,59.7,53.9,54.3,54.1,62.4,56.3,52.6,56.6,52.9,67.5,67.4,67.4,56.9,56.4,67.5,67.5,56.4
06/02/2026 06:55:00,60.4,65.8,61.9,53.6,53.6,53.6,53.6,53.6,53.6,62.5,64.1,62.4,64.6,65.1,64.1,62.8,63.5,63.6,53.6,53.6,64,64,25.9,18,34.7,45.9,66.5,64.2,64.3,66.3,64.3,45.2,37.9,45,62.5,62.4,63,54.1,53.6,62.5,53.6,53.6,53.7,56.6,56.8,58.1,53.6,53.6,64.6,64,53.6,53.6,64.1,64.1,64,62.4,63,62.4,38.4,36.9,28.2,25.4,34.5,64,64,63,57.7,61.6,60.2,56.1,56.4,56.3,62.4,53.6,52.4,57.1,52.7,67.4,67.3,67.3,54.1,53.6,67.4,67.4,53.6
06/02/2026 07:00:00,59.9,65.3,61.3,53.2,53.2,53.2,53.2,53.2,53.2,62.5,64.1,62.4,64.6,64.8,64.1,64.1,63.8,65,53.2,53.2,64,64,26.5,19.5,36.9,47.1,66.5,64.3,64.3,66.4,64.3,49.6,44.2,49.7,62.5,62.4,63,53.7,53.2,62.5,53.2,53.2,53.3,53.1,54.3,54.4,53.2,53.2,64.6,64,53.2,53.2,64.1,64.1,64,62.4,63,62.4,38.5,38.5,26.6,24.4,33.4,64,64,63,58.2,61.9,59.3,58,58.4,58.1,62.4,53.2,51.4,59.2,51.7,67,66.9,66.9,53.7,53.2,67,67,53.2
06/02/2026 07:05:00,60.1,64.6,61.6,51.4,51.4,51.3,51.3,51.4,51.4,62.2,64,62.1,64.6,64.5,64,64.7,64.8,65.7,51.3,51.3,63.9,63.9,25.5,18.2,35.4,46.5,66.3,64.2,64.3,66.3,64.3,64.1,61,65.2,62.2,62.1,62.7,51.8,51.4,62.2,51.3,51.4,51.4,53.1,53.3,54.5,51.4,51.4,64.6,63.9,51.4,51.4,64,64,63.9,62.1,62.7,62.1,38.9,38.8,26.3,26.2,33.4,63.9,63.9,62.7,57.9,62.2,58.7,56.4,56.5,56.5,62.1,51.3,51.4,58.5,51.7,66.7,66.6,66.6,51.8,51.4,66.7,66.7,51.4
06/02/2026 07:10:00,59.2,63,60.6,51.3,51.3,49.3,49.3,51.3,51.3,61.9,63.9,61.8,64.4,64.1,63.9,63.4,63.6,64.4,49.3,49.3,63.8,63.8,23.7,15.4,33.4,45.8,66.7,64.4,64.3,66.2,64.3,66.6,65.7,68,61.9,61.8,62.4,51.7,51.3,61.9,51.2,51.3,51.3,52.8,53.1,54.2,51.3,51.3,64.4,63.8,51.3,51.3,63.9,63.9,63.8,61.8,62.4,61.8,36.8,36.5,25.9,25.2,33.1,63.8,63.8,62.4,56.7,60.9,57.3,55.2,56.9,55.5,61.8,51.2,52.2,59.4,52.5,66.1,66,66,51.7,51.3,66.1,66.1,51.3
06/02/2026 07:15:00,59.3,63.9,60.7,55.3,55.3,45.2,45.2,55.3,55.3,61.5,63.6,61.4,64.2,63.4,63.6,63,62.6,63.9,45.2,45.2,63.5,63.5,25.3,18,38.7,47.8,66.5,64.2,64.3,66.2,64.3,57.5,54.5,58.1,61.5,61.4,62,55.9,55.3,61.5,55.3,55.3,55.4,52.4,54.9,53.8,55.3,55.3,64.2,63.5,55.3,55.3,63.6,63.6,63.5,61.4,62,61.4,36.4,35.2,22.7,22.5,30.6,63.5,63.5,62,57.8,62.2,58.3,55.8,57.5,55.9,61.4,55.3,51.7,59.7,52,65.5,65.4,65.4,55.9,55.3,65.5,65.5,55.3
06/02/2026 07:20:00,59.7,64.6,61.2,53.6,53.6,41.8,41.8,53.6,53.6,61.1,63.3,61,64,62.9,63.3,64.3,63.8,65.3,41.8,41.8,63.3,63.3,25.2,17.1,34.7,46.4,66.6,64.3,64.3,66.3,64.3,55.1,50.2,55.6,61.1,61,61.6,54.1,53.6,61.1,53.6,53.6,53.7,50.9,52.7,52.2,53.6,53.6,64,63.3,53.6,53.6,63.3,63.3,63.3,61,61.6,61,36,34,23.2,22.4,30.6,63.3,63.3,61.6,56.8,63.7,60.3,54.8,56.9,55,61,53.6,53.9,60.2,54.2,65.2,65.1,65.1,54.1,53.6,65.2,65.2,53.6
06/02/2026 07:25:00,59.5,63.8,60.9,52.3,52.3,38.5,38.5,52.3,52.3,60.4,62.9,60.4,63.6,62.3,62.9,63,64.7,63.9,38.5,38.5,62.9,62.9,25,17.8,35.5,46.8,66.5,64.3,64.4,66.5,64.4,47.5,41.3,47.4,60.4,60.4,61,52.8,52.3,60.4,52.3,52.3,52.4,50.4,51.8,51.8,52.3,52.3,63.6,62.9,52.3,52.3,62.9,62.9,62.9,60.4,61,60.4,34.5,32.9,22.6,21.5,29.2,62.9,62.9,61,56.6,63.3,60.2,55.6,58.5,55.8,60.4,52.3,53.5,59.3,53.5,64.8,64.7,64.7,52.8,52.3,64.8,64.8,52.3
06/02/2026 07:30:00,60.1,64,61.5,47.9,47.9,37,37,47.9,47.9,59.9,62.7,59.8,63.4,61.4,62.7,62,62.3,62.9,37,37,62.7,62.7,25,17.1,36.2,46.1,66.3,64.1,64.3,66.3,64.3,52.2,47.9,52.4,59.9,59.8,60.4,48.4,47.9,59.9,47.9,47.9,48,50.1,49.6,51.4,47.9,47.9,63.4,62.7,47.9,47.9,62.7,62.7,62.7,59.8,60.4,59.8,33.6,31.1,20.8,19.1,27.8,62.7,62.7,60.4,58.7,64.2,58.6,57.2,59.7,57.3,59.8,47.9,48.2,56.8,48.5,64.3,64.2,64.2,48.4,47.9,64.3,64.3,47.9
06/02/2026 07:35:00,60.3,64.9,61.8,47.2,47.2,34.5,34.5,47.2,47.2,59.2,62.4,59.1,63.1,60.8,62.4,60.9,60.9,61.7,34.5,34.5,62.4,62.4,22.6,14.3,34.3,44.9,66.5,64.3,64.2,66.1,64.2,61,58.3,61.9,59.2,59.1,59.7,47.7,47.2,59.2,47.2,47.2,47.3,51.3,50.2,52.7,47.2,47.2,63.1,62.4,47.2,47.2,62.4,62.4,62.4,59.1,59.7,59.1,30.9,29.4,19,17.5,26.2,62.4,62.4,59.7,58.1,62.6,57.7,54.2,55.3,54.4,59.1,47.2,49.7,57.1,50.1,63.5,63.4,63.4,47.7,47.2,63.5,63.5,47.2
06/02/2026 07:40:00,60.1,64.9,61.5,47,47,32.2,32.2,47,47,58.2,62.1,58.2,62.8,60,62.1,62.3,62.6,63.3,32.2,32.2,62.1,62.1,26.5,19.7,37.9,47.3,66.7,64.4,64.3,66.3,64.3,65.5,63.6,66.8,58.2,58.2,58.8,47.5,47,58.2,47,47,47.1,50.3,49.4,51.6,47,47,62.8,62.1,47,47,62.1,62.1,62.1,58.2,58.8,58.2,30.2,29.1,16,15.8,24.8,62.1,62.1,58.8,55,60.6,57.9,54.5,56.5,54.7,58.2,47,50.9,58.3,51.3,62.4,62.3,62.3,47.5,47,62.4,62.4,47
06/02/2026 07:45:00,59.7,63.5,61.1,43.5,43.5,32.4,32.4,43.5,43.5,57.7,61.9,57.7,62.6,59.4,61.9,62.9,62.1,63.8,32.4,32.4,61.9,61.9,26.2,19,38.1,46.8,66.8,64.6,64.2,66.2,64.2,67.7,66.5,69.1,57.7,57.7,58.3,43.9,43.5,57.7,43.5,43.5,43.6,50.2,47.6,51.6,43.5,43.5,62.6,61.9,43.5,43.5,61.9,61.9,61.9,57.7,58.3,57.7,28.7,27.6,13.5,14.2,24.1,61.9,61.9,58.3,55.1,59.7,57.2,57.2,59.3,57.4,57.7,43.5,50.2,57.6,50.6,61.6,61.5,61.5,43.9,43.5,61.6,61.6,43.5
06/02/2026 07:50:00,59.4,63,60.8,42.1,42.1,31.8,31.8,42.1,42.1,57.5,61.7,57.4,62.4,58.8,61.7,62.5,61.9,63.5,31.8,31.8,61.7,61.7,24.7,16.5,36.5,45.4,66.8,64.6,64.2,66.1,64.2,67.9,65.9,69.3,57.5,57.4,58,42.5,42.1,57.5,42.1,42.1,42.2,51.8,48,53.2,42.1,42.1,62.4,61.7,42.1,42.1,61.7,61.7,61.7,57.4,58,57.4,30,28.4,12.7,14,24.6,61.7,61.7,58,55.4,61.1,59.4,57.1,57.8,57.2,57.4,42.1,51.2,58.4,51.6,61.3,61.2,61.2,42.5,42.1,61.3,61.3,42.1
06/02/2026 07:55:00,59.8,64.6,61.2,39.9,39.9,31.7,31.7,39.9,39.9,57.5,61.7,57.4,62.2,58.9,61.7,60.1,59.9,60.9,31.7,31.7,61.6,61.6,26,18.5,36.9,46.6,66.6,64.4,64.2,66.1,64.2,64.5,62.6,65.7,57.5,57.4,58,40.3,39.9,57.5,39.9,39.9,40,51.5,46.9,52.9,39.9,39.9,62.2,61.6,39.9,39.9,61.7,61.7,61.6,57.4,58,57.4,31.4,30.5,12.9,13.9,24.5,61.6,61.6,58,56.3,61.8,59.4,57.4,59.1,57.5,57.4,39.9,51.2,58.7,51.5,60.8,60.7,60.7,40.3,39.9,60.8,60.8,39.9
06/02/2026 08:00:00,58.9,63.5,60.3,39.6,39.6,32.3,32.3,39.6,39.6,57.5,61.7,57.5,62.3,59.1,61.7,59.5,60.8,60.2,32.3,32.3,61.7,61.7,25.3,17.4,35.4,46.1,66.6,64.4,64.2,66.1,64.2,61.8,60.8,62.8,57.5,57.5,58.1,40,39.6,57.5,39.6,39.6,39.7,52.6,47.5,54,39.6,39.6,62.3,61.7,39.6,39.6,61.7,61.7,61.7,57.5,58.1,57.5,32,30.4,13.1,14.4,24.4,61.7,61.7,58.1,58.6,63.8,60.5,59.6,62.1,59.6,57.5,39.6,46.3,52,46.8,59.8,59.7,59.7,40,39.6,59.8,59.8,39.6
06/02/2026 08:05:00,59.1,62.2,60.4,39.5,39.5,32.1,32.1,39.5,39.5,57.6,61.7,57.6,62.3,59.1,61.7,58,60.3,58.6,32.1,32.1,61.7,61.7,27.3,19.6,37.2,46.9,67,64.6,64.2,66,64.1,57.2,53.6,57.8,57.6,57.6,58.2,39.9,39.5,57.6,39.5,39.5,39.6,51.8,46.6,53.1,39.5,39.5,62.3,61.7,39.5,39.5,61.7,61.7,61.7,57.6,58.2,57.6,33.9,33.4,16,16.6,25.6,61.7,61.7,58.2,59.2,64,60.9,59.2,61.7,59.3,57.6,39.5,44.9,51.7,45.4,59.8,59.7,59.7,39.9,39.5,59.8,59.8,39.5
06/02/2026 08:10:00,60,63.5,61.4,40.4,40.4,31.9,31.9,40.4,40.4,57.5,61.6,57.5,62.2,59.4,61.6,59.7,59.6,60.5,31.9,31.9,61.6,61.6,27.2,19.9,37.1,46.7,66.9,64.6,64,65.8,63.9,48.1,43.3,48.1,57.5,57.5,58.1,40.8,40.4,57.5,40.4,40.4,40.5,50.8,47,52.1,40.4,40.4,62.2,61.6,40.4,40.4,61.6,61.6,61.6,57.5,58.1,57.5,34.6,33.5,16.9,17.7,26.9,61.6,61.6,58.1,59.9,62.4,58.4,57.6,60.7,57.8,57.5,40.4,47.2,53.4,47.6,59.1,59,59,40.8,40.4,59.1,59.1,40.4
06/02/2026 08:15:00,59.9,65,61.3,42.7,42.7,32.7,32.7,42.7,42.7,57.4,61.6,57.3,62.2,59.1,61.6,59.3,58.7,60,32.7,32.7,61.6,61.6,26.3,19,35.7,46,66.4,64.2,64,65.9,64,44.1,37.9,43.8,57.4,57.3,57.9,43.1,42.7,57.4,42.7,42.7,42.8,50.1,47.2,51.5,42.7,42.7,62.2,61.6,42.7,42.7,61.6,61.6,61.6,57.3,57.9,57.3,33.9,33.5,17,18.3,26.9,61.6,61.6,57.9,58.6,60.8,55.6,57,59.5,57.3,57.3,42.7,42.9,52,43.4,58.4,58.3,58.3,43.1,42.7,58.4,58.4,42.7
06/02/2026 08:20:00,59.6,64,61,44.1,44.1,33,33,44.1,44.1,57.4,61.6,57.3,62.2,58.7,61.6,58.7,58.4,59.4,33,33,61.6,61.6,26.9,20.1,40.3,47.8,67,64.6,64.1,66.1,64.1,42.8,35.6,42.4,57.4,57.3,57.9,44.6,44.1,57.4,44.1,44.1,44.2,52,49,53.3,44.1,44.1,62.2,61.6,44.1,44.1,61.6,61.6,61.6,57.3,57.9,57.3,34.2,34.2,16.9,18,26.3,61.6,61.6,57.9,58.3,62,60.3,59,59.1,59.1,57.3,44.1,40.6,49,41.3,58.3,58.2,58.2,44.6,44.1,58.3,58.3,44.1
06/02/2026 08:25:00,58.8,63.2,60.2,43.9,43.9,32.7,32.7,43.9,43.9,57.5,61.6,57.5,62.2,58.9,61.6,58.2,58.3,58.7,32.7,32.7,61.6,61.6,25,17.7,34.8,47,67,64.6,64.2,66.1,64.1,39.8,32.2,39.2,57.5,57.5,58.1,44.4,43.9,57.5,43.9,43.9,44,51,48.3,52.4,43.9,43.9,62.2,61.6,43.9,43.9,61.6,61.6,61.6,57.5,58.1,57.5,35.5,35.1,19.6,22.4,28.6,61.6,61.6,58.1,57,61.1,60.4,57.2,58.8,57.4,57.5,43.9,45.2,51.3,45.7,58.3,58.2,58.2,44.4,43.9,58.3,58.3,43.9
06/02/2026 08:30:00,58.9,63.2,60.3,44.2,44.2,33.4,33.4,44.2,44.2,57.7,61.7,57.6,62.2,58.7,61.7,59.9,59,60.7,33.4,33.4,61.6,61.6,25.2,18.2,38.6,47.2,66.9,64.6,64.1,66.1,64.1,39.3,32.4,38.7,57.7,57.6,58.2,44.7,44.2,57.7,44.2,44.2,44.3,50.1,47.9,51.5,44.2,44.2,62.2,61.6,44.2,44.2,61.7,61.7,61.6,57.6,58.2,57.6,34.7,34.7,21.8,23.6,30.1,61.6,61.6,58.2,58.3,62.3,61.3,57.9,60.2,58.1,57.6,44.2,47.1,54.2,47.6,58,57.9,57.9,44.7,44.2,58,58,44.2
06/02/2026 08:35:00,58.8,64.3,60.2,45.5,45.5,32.9,32.9,45.5,45.5,57.9,61.8,57.8,62.3,58.9,61.8,58.9,57.7,59.5,32.9,32.9,61.7,61.7,26,18.3,38.1,46.2,66.6,64.3,64.3,66.1,64.2,40.4,33.6,39.7,57.9,57.8,58.4,46,45.5,57.9,45.5,45.5,45.6,49.5,48.2,50.8,45.5,45.5,62.3,61.7,45.5,45.5,61.8,61.8,61.7,57.8,58.4,57.8,34.5,34,30.3,29.9,38,61.7,61.7,58.4,56.6,62.1,60.2,60.5,62,60.6,57.8,45.5,42.2,41.9,42.8,58.5,58.4,58.4,46,45.5,58.5,58.5,45.5
06/02/2026 08:40:00,59.1,63.9,60.4,46.1,46.1,33,33,46.1,46.1,58,61.8,57.9,62.3,58.7,61.8,59,59.2,59.5,33,33,61.7,61.7,27.6,20.5,37.5,46.1,66.6,64.3,64,65.9,64,40.1,35.6,39.5,58,57.9,58.5,46.6,46.1,58,46.1,46.1,46.2,52.7,50.3,54.1,46.1,46.1,62.3,61.7,46.1,46.1,61.8,61.8,61.7,57.9,58.5,57.9,33.3,32.9,47.6,45.7,51.4,61.7,61.7,58.5,57.7,62.2,61,59,59.8,59.1,57.9,46.1,36.3,31.8,37,58.4,58.3,58.3,46.6,46.1,58.4,58.4,46.1
06/02/2026 08:45:00,59,62.2,60.3,45.7,45.7,33.2,33.2,45.7,45.7,58,61.9,57.9,62.4,58.9,61.9,58.1,57.7,58.5,33.2,33.2,61.8,61.8,28.1,20,38,45.4,66.5,64.2,64.1,66,64.1,43.7,38.2,43.4,58,57.9,58.5,46.2,45.7,58,45.7,45.7,45.8,51.7,49.7,53.1,45.7,45.7,62.4,61.8,45.7,45.7,61.9,61.9,61.8,57.9,58.5,57.9,31.6,32.8,48.5,48.1,51.8,61.8,61.8,58.5,57.2,61.7,58.1,55.2,56.7,55.4,57.9,45.7,34.4,31.4,35.2,58.7,58.6,58.6,46.2,45.7,58.7,58.7,45.7
06/02/2026 08:50:00,57.4,61.3,58.7,46.8,46.8,34.5,34.5,46.8,46.8,58,61.9,57.9,62.4,59.1,61.9,57.1,56.9,57.5,34.5,34.5,61.8,61.8,28.4,20.8,38.1,46.6,66.3,64.2,64.5,66.4,64.4,55.7,51.2,56.2,58,57.9,58.5,47.3,46.8,58,46.8,46.8,46.9,51.2,49.8,52.5,46.8,46.8,62.4,61.8,46.8,46.8,61.9,61.9,61.8,57.9,58.5,57.9,31.9,33.1,41.9,43.7,45.9,61.8,61.8,58.5,57,64,59.9,56.2,59.6,56.4,57.9,46.8,38.7,32.6,39.4,59.7,59.6,59.6,47.3,46.8,59.7,59.7,46.8
06/02/2026 08:55:00,57.9,62.7,59.2,45.7,45.7,35.8,35.8,45.7,45.7,58.4,61.9,58.3,62.5,59.5,61.9,56.8,56.3,57.1,35.8,35.8,61.9,61.9,26.5,18.8,36.7,46.2,66.5,64.4,64.4,66.3,64.4,63.1,61.6,64.2,58.4,58.3,58.9,46.2,45.7,58.4,45.7,45.7,45.8,50.5,48.8,51.8,45.7,45.7,62.5,61.9,45.7,45.7,61.9,61.9,61.9,58.3,58.9,58.3,36.1,37.7,42.2,46.1,46.4,61.9,61.9,58.9,57.6,64.2,58.7,55.8,56.9,55.9,58.3,45.7,37.6,26.8,38.3,60.4,60.3,60.3,46.2,45.7,60.4,60.4,45.7
06/02/2026 09:00:00,60.8,66.7,62.3,41.8,41.8,39.2,39.2,41.8,41.8,58.7,62.1,58.6,62.7,59.9,62.1,56.3,55.6,56.6,39.2,39.2,62,62,26.3,18.8,36.8,45.4,66.7,64.4,64.2,66.1,64.2,61.2,62.2,62.2,58.7,58.6,59.2,42.2,41.8,58.7,41.8,41.8,41.9,57.2,50.7,58.6,41.8,41.8,62.7,62,41.8,41.8,62.1,62.1,62,58.6,59.2,58.6,43.8,43.3,51.8,53.3,52.7,62,62,59.2,56.1,61.6,56.2,56.2,55.9,56.4,58.6,41.8,29.3,18.3,30.2,60.6,60.5,60.5,42.2,41.8,60.6,60.6,41.8
06/02/2026 09:05:00,61.2,68.2,62.7,41,41,41,41,41,41,58.8,62.3,58.7,62.9,60.2,62.3,55.1,55.2,55.3,41,41,62.2,62.2,26.9,18.3,37.3,44.3,66.6,64.3,64.1,65.9,64.1,65.9,66.7,67.1,58.8,58.7,59.3,41.4,41,58.8,41,41,41.1,58.6,51.1,60,41,41,62.9,62.2,41,41,62.3,62.3,62.2,58.7,59.3,58.7,44.8,45.5,55.1,55.7,56.8,62.2,62.2,59.3,55.7,60.3,52.9,53.4,54.2,53.7,58.7,41,37.4,34.1,38.1,61.2,61.1,61.1,41.4,41,61.2,61.2,41
06/02/2026 09:10:00,61.7,69,63.3,44.1,44.1,44.1,44.1,44.1,44.1,58.9,62.3,58.8,62.9,60.3,62.3,55.2,55.4,55.4,44.1,44.1,62.2,62.2,27.6,19.6,37.8,44.8,67,64.5,64.1,65.9,64.1,67.5,68.5,68.9,58.9,58.8,59.4,44.6,44.1,58.9,44.1,44.1,44.2,59.7,54.4,61.2,44.1,44.1,62.9,62.2,44.1,44.1,62.3,62.3,62.2,58.8,59.4,58.8,44.8,46.1,57.5,57.5,58.7,62.2,62.2,59.4,54.5,58.4,51.4,53,55.3,53.3,58.8,44.1,42.6,44,43.2,61.5,61.4,61.4,44.6,44.1,61.5,61.5,44.1
06/02/2026 09:15:00,61.5,67.7,63,44.3,44.3,44.3,44.3,44.3,44.3,59,62.4,59,63,60.5,62.4,55.1,54.8,55.3,44.3,44.3,62.3,62.3,30.2,22.6,37.8,45.2,66.8,64.5,64.1,65.9,64.1,67.4,68.1,68.7,59,59,59.6,44.8,44.3,59,44.3,44.3,44.4,60.5,54.2,61.9,44.3,44.3,63,62.3,44.3,44.3,62.4,62.4,62.3,59,59.6,59,45.4,45.6,56.7,57.5,58.2,62.3,62.3,59.6,55.8,58.8,52.6,52.5,54,52.9,59,44.3,44.3,49.4,44.8,61.7,61.6,61.6,44.8,44.3,61.7,61.7,44.3
06/02/2026 09:20:00,61.9,69.1,63.5,45.3,45.3,45.3,45.3,45.3,45.3,59.1,62.4,59,63,60.6,62.4,53.3,52.9,53.4,45.3,45.3,62.3,62.3,33.1,25.2,39.4,46.6,66.8,64.6,64.2,66,64.2,65.4,68.4,66.6,59.1,59,59.6,45.8,45.3,59.1,45.3,45.3,45.4,58.9,53.8,60.3,45.3,45.3,63,62.3,45.3,45.3,62.4,62.4,62.3,59,59.6,59,49.6,50.6,58.6,58,59.8,62.3,62.3,59.6,54.2,57.2,52.4,53.4,54.2,53.7,59,45.3,43.6,52.4,44.2,62,61.9,61.9,45.8,45.3,62,62,45.3
06/02/2026 09:25:00,62.5,69.7,64.1,46.5,46.5,46.5,46.5,46.5,46.5,58.9,62.4,58.8,63,60.6,62.4,52.4,53.3,52.4,46.5,46.5,62.3,62.3,44.5,38.3,42.2,49.4,67.4,64.9,64.2,66,64.2,63.5,65.7,64.6,58.9,58.8,59.4,47,46.5,58.9,46.5,46.5,46.6,57.9,53.5,59.3,46.5,46.5,63,62.3,46.5,46.5,62.4,62.4,62.3,58.8,59.4,58.8,52.4,53.6,56.9,55.9,58.5,62.3,62.3,59.4,54.5,57.8,55.6,50.3,53.9,50.7,58.8,46.5,45.8,54,46.3,61.8,61.7,61.7,47,46.5,61.8,61.8,46.5
06/02/2026 09:30:00,62.5,70.5,64.1,48.4,48.4,46.1,46.1,48.4,48.4,58.8,62.4,58.8,63,60.4,62.4,55.6,54.2,56,46.1,46.1,62.3,62.3,51.7,48,48.7,52.9,67.3,64.8,64.1,66,64.1,63.7,65,64.9,58.8,58.8,59.4,48.9,48.4,58.8,48.4,48.4,48.5,58.5,55.8,60,48.4,48.4,63,62.3,48.4,48.4,62.4,62.4,62.3,58.8,59.4,58.8,55.5,56.8,56.2,56.3,57.8,62.3,62.3,59.4,54.8,57.1,53.5,53.5,55.4,53.8,58.8,48.4,46.4,54.8,46.8,61.7,61.6,61.6,48.9,48.4,61.7,61.7,48.4
06/02/2026 09:35:00,62.3,70.4,63.9,51.8,51.8,47.4,47.4,51.8,51.8,58.8,62.3,58.7,63,60.5,62.3,55.6,54.2,55.9,47.4,47.4,62.3,62.3,55.1,53,52.8,57,67,64.5,64.1,66,64.1,64.2,64.3,65.3,58.8,58.7,59.3,52.3,51.8,58.8,51.8,51.8,51.9,58.2,56.6,59.6,51.8,51.8,63,62.3,51.8,51.8,62.3,62.3,62.3,58.7,59.3,58.7,54.8,57,58.3,58.1,59.4,62.3,62.3,59.3,52.7,57.9,55.9,50,54.9,50.4,58.7,51.8,50,56,50.4,61.6,61.5,61.5,52.3,51.8,61.6,61.6,51.8
06/02/2026 09:40:00,61.9,67.9,63.5,48,48,47.3,47.3,48,48,58.8,62.3,58.8,62.9,60.3,62.3,55.8,55,56.1,47.3,47.3,62.2,62.2,46.3,42.3,48.9,54.3,66.7,64.3,64,65.7,64,63.7,65,64.8,58.8,58.8,59.4,48.5,48,58.8,48,48,48.1,60.4,56.4,61.9,48,48,62.9,62.2,48,48,62.3,62.3,62.2,58.8,59.4,58.8,54.3,56,56.6,57.5,58.1,62.2,62.2,59.4,56,59,53.8,50.2,54.8,50.6,58.8,48,47.1,55,47.5,61.8,61.7,61.7,48.5,48,61.8,61.8,48
06/02/2026 09:45:00,61.9,68.8,63.5,48.4,48.4,47.3,47.3,48.4,48.4,58.9,62.3,58.8,63,60.2,62.3,55.1,54.2,55.4,47.3,47.3,62.3,62.3,39.7,35.5,45.9,51.2,66.5,64.1,64,65.7,64,64.6,66.3,65.8,58.9,58.8,59.4,48.9,48.4,58.9,48.4,48.4,48.5,58.1,54.8,59.6,48.4,48.4,63,62.3,48.4,48.4,62.3,62.3,62.3,58.8,59.4,58.8,55.2,57.4,58.5,58.4,59.2,62.3,62.3,59.4,53.9,58.3,52.8,51.2,55.1,51.6,58.8,48.4,47,54.9,47.5,61.9,61.8,61.8,48.9,48.4,61.9,61.9,48.4
06/02/2026 09:50:00,61.6,68.9,63.1,47.8,47.8,47.8,47.8,47.8,47.8,58.6,62.2,58.6,62.9,60.2,62.2,53.6,53.4,53.7,47.8,47.8,62.2,62.2,43.6,40,48,54.1,66.3,64.1,64.1,65.8,64,64.5,65.3,65.7,58.6,58.6,59.2,48.3,47.8,58.6,47.8,47.8,47.9,57.7,54,59.1,47.8,47.8,62.9,62.2,47.8,47.8,62.2,62.2,62.2,58.6,59.2,58.6,57.8,59,56.8,57.6,58.4,62.2,62.2,59.2,51.7,57.9,54.6,47.3,53.4,47.8,58.6,47.8,48.8,55.9,49.2,61.9,61.8,61.8,48.3,47.8,61.9,61.9,47.8
06/02/2026 09:55:00,62.1,69.4,63.7,49,49,48.7,48.7,49,49,58.8,62.4,58.7,62.9,60.4,62.4,53.4,52.1,53.5,48.7,48.7,62.3,62.3,34,29.3,41.9,52.1,66.7,64.3,64.1,65.8,64,63.7,64.4,64.8,58.8,58.7,59.3,49.5,49,58.8,49,49,49.1,54.9,53.2,56.3,49,49,62.9,62.3,49,49,62.4,62.4,62.3,58.7,59.3,58.7,59.9,60.3,56,56.9,57.5,62.3,62.3,59.3,51,57,52.2,50.3,54.4,50.7,58.7,49,47.8,55.4,48.3,61.9,61.8,61.8,49.5,49,61.9,61.9,49
06/02/2026 10:00:00,61,69.4,62.5,49.4,49.4,49.4,49.4,49.4,49.4,58.9,62.5,58.8,63,60.5,62.5,52.9,51.9,52.9,49.4,49.4,62.4,62.4,27.8,21.4,38.1,48.9,67.1,64.4,63.9,65.8,63.8,61.6,63.4,62.6,58.9,58.8,59.4,49.9,49.4,58.9,49.4,49.4,49.5,53.5,52.7,54.9,49.4,49.4,63,62.4,49.4,49.4,62.5,62.5,62.4,58.8,59.4,58.8,58.2,59,55,56.3,55.9,62.4,62.4,59.4,52.7,55.9,51.1,48.7,53.7,49.1,58.8,49.4,47.4,55.7,47.8,61.9,61.8,61.8,49.9,49.4,61.9,61.9,49.4
06/02/2026 10:05:00,61.4,68.6,62.9,49.7,49.7,49.7,49.7,49.7,49.7,58.9,62.6,58.8,63.1,60.6,62.6,53,51.8,53.3,49.7,49.7,62.5,62.5,24.5,17.3,37.6,46.6,66.9,64.4,63.9,65.9,63.9,64.6,66.3,65.8,58.9,58.8,59.4,50.2,49.7,58.9,49.7,49.7,49.8,55.6,54,57,49.7,49.7,63.1,62.5,49.7,49.7,62.6,62.6,62.5,58.8,59.4,58.8,55.4,58.2,54.2,55,56.4,62.5,62.5,59.4,51.4,55.4,50.2,46.7,52.6,47.1,58.8,49.7,45.2,52.5,45.7,61.8,61.7,61.7,50.2,49.7,61.8,61.8,49.7
06/02/2026 10:10:00,61.2,67,62.7,50.7,50.7,50.6,50.6,50.7,50.7,58.7,62.7,58.7,63.3,60.4,62.7,51.5,51,51.4,50.6,50.6,62.6,62.6,23.1,15,35.6,45.9,67,64.5,64,66,64,66.3,66.9,67.6,58.7,58.7,59.3,51.1,50.7,58.7,50.6,50.7,50.7,56,54.7,57.5,50.7,50.7,63.3,62.6,50.7,50.7,62.7,62.7,62.6,58.7,59.3,58.7,56.4,58.4,52.9,54.4,55.4,62.6,62.6,59.3,48.7,54.3,52.2,47.2,51.5,47.7,58.7,50.6,43.6,50.7,44.2,61.2,61.1,61.1,51.1,50.7,61.2,61.2,50.7
06/02/2026 10:15:00,60.8,65.3,62.3,50.6,50.6,50.1,50.1,50.6,50.6,58.8,62.8,58.8,63.4,60.5,62.8,50.6,51.1,50.5,50.1,50.1,62.7,62.7,23.3,14.6,35.5,45,67.1,64.6,64.1,66,64,65.8,67.8,67,58.8,58.8,59.4,51.1,50.6,58.8,50.6,50.6,50.7,58.7,56.5,60.1,50.6,50.6,63.4,62.7,50.6,50.6,62.8,62.8,62.7,58.8,59.4,58.8,56,57.6,54.2,54.4,56.5,62.7,62.7,59.4,47.3,53.5,51.8,45.7,51.7,46.2,58.8,50.6,43.7,51.6,44.3,61.4,61.3,61.3,51.1,50.6,61.4,61.4,50.6
06/02/2026 10:20:00,60.3,66.5,61.8,51.4,51.4,51.3,51.3,51.4,51.4,58.9,62.8,58.8,63.3,60.4,62.8,51.3,51.2,51.2,51.3,51.3,62.7,62.7,25.8,16.4,37,44.4,67.3,64.8,64,66,64,66.2,66.8,67.4,58.9,58.8,59.4,51.8,51.4,58.9,51.3,51.4,51.4,55,54.6,56.4,51.4,51.4,63.3,62.7,51.4,51.4,62.8,62.8,62.7,58.8,59.4,58.8,57.2,58.9,54.1,54.3,56.3,62.7,62.7,59.4,50.1,55.4,52.3,45.6,51.5,46.1,58.8,51.3,46.6,51.7,47.1,61.5,61.4,61.4,51.8,51.4,61.5,61.5,51.4
06/02/2026 10:25:00,61,67.4,62.5,51.5,51.5,51.5,51.5,51.5,51.5,58.9,62.8,58.9,63.4,60.6,62.8,51.2,50,51.1,51.5,51.5,62.7,62.7,25.7,16.3,35.7,44.1,67,64.7,64.1,66.1,64.1,67.7,67.9,69,58.9,58.9,59.5,52,51.5,58.9,51.5,51.5,51.6,54.8,54.6,56.2,51.5,51.5,63.4,62.7,51.5,51.5,62.8,62.8,62.7,58.9,59.5,58.9,57.4,59.2,51.9,53.3,54.6,62.7,62.7,59.5,47.8,53,52.1,45,49.8,45.5,58.9,51.5,47.3,55,47.8,61.2,61.1,61.1,52,51.5,61.2,61.2,51.5
06/02/2026 10:30:00,61,67.1,62.5,51.6,51.6,51.6,51.6,51.6,51.6,59,62.9,58.9,63.4,60.4,62.9,51.9,50.9,51.9,51.6,51.6,62.8,62.8,23.6,14.7,34,44.1,67,64.7,64.1,66.3,64.1,65.8,66.5,67.1,59,58.9,59.5,52.1,51.6,59,51.6,51.6,51.7,55.9,55.3,57.3,51.6,51.6,63.4,62.8,51.6,51.6,62.9,62.9,62.8,58.9,59.5,58.9,57.3,59.2,50.5,52.4,53.4,62.8,62.8,59.5,49.5,54.4,51.8,45.5,51.7,46,58.9,51.6,48.1,55.8,48.5,60.8,60.7,60.7,52.1,51.6,60.8,60.8,51.6
06/02/2026 10:35:00,61.8,68.1,63.4,52.3,52.3,51.2,51.2,52.3,52.3,58.9,62.8,58.9,63.4,60.5,62.8,52.6,51.8,52.7,51.2,51.2,62.7,62.7,25.4,16.7,36.5,45.8,66.9,64.6,64.3,66.3,64.2,63.7,67.7,64.8,58.9,58.9,59.5,52.8,52.3,58.9,52.3,52.3,52.4,54,54.5,55.4,52.3,52.3,63.4,62.7,52.3,52.3,62.8,62.8,62.7,58.9,59.5,58.9,58.6,60,50.4,53.9,53.3,62.7,62.7,59.5,48.5,53.7,51.2,50.4,52.8,50.8,58.9,52.3,49.8,55.1,50.1,60.4,60.3,60.3,52.8,52.3,60.4,60.4,52.3
06/02/2026 10:40:00,61.2,67.8,62.8,53.1,53.1,52,52,53.1,53.1,59.1,62.8,59,63.4,60.4,62.8,52.3,52.4,52.3,52,52,62.8,62.8,24.3,14.9,35.4,44.5,66.9,64.5,64.1,66.1,64.1,60.4,66.4,61.2,59.1,59,59.6,53.5,53.1,59.1,53,53.1,53.1,57,56.5,58.4,53.1,53.1,63.4,62.8,53.1,53.1,62.8,62.8,62.8,59,59.6,59,59.8,60.5,51.4,54.7,53.8,62.8,62.8,59.6,48.8,55.5,55.2,50.8,53.5,51.2,59,53,48.8,56,49.2,60.5,60.4,60.4,53.5,53.1,60.5,60.5,53.1
06/02/2026 10:45:00,60.6,67.2,62.1,54.3,54.3,52.1,52.1,54.3,54.3,59.1,62.7,59,63.3,60.2,62.7,51.7,50.4,51.6,52.1,52.1,62.7,62.7,24.9,14.7,35.2,43.4,66.8,64.4,64,66.1,64,60.6,65.3,61.5,59.1,59,59.6,54.8,54.3,59.1,54.2,54.3,54.3,56.9,57.2,58.3,54.3,54.3,63.3,62.7,54.3,54.3,62.7,62.7,62.7,59,59.6,59,59,61.8,52.1,55.6,54.1,62.7,62.7,59.6,50.6,56.7,54.4,48.8,53.4,49.2,59,54.2,47.2,56.8,47.7,60.3,60.2,60.2,54.8,54.3,60.3,60.3,54.3
06/02/2026 10:50:00,61.1,69.3,62.6,53,53,53,53,53,53,59.2,62.7,59.1,63.3,60.3,62.7,51.8,49.9,51.8,53,53,62.7,62.7,25.6,16.3,37.7,43.3,66.9,64.4,64,66.1,64,61.2,66.3,62.1,59.2,59.1,59.7,53.5,53,59.2,53,53,53.1,57.4,56.9,58.8,53,53,63.3,62.7,53,53,62.7,62.7,62.7,59.1,59.7,59.1,59,61.3,56.9,57,58.3,62.7,62.7,59.7,52,56.4,55,47.4,54.1,47.8,59.1,53,46.4,56.3,46.9,60.4,60.3,60.3,53.5,53,60.4,60.4,53
06/02/2026 10:55:00,60.9,69.2,62.4,53.6,53.6,53,53,53.6,53.6,59.3,62.9,59.3,63.5,60.3,62.9,51.8,50.2,51.7,53,53,62.8,62.8,30.6,20.2,34.4,43.4,67,64.6,63.9,66.3,63.9,62,66.2,63,59.3,59.3,59.9,54.1,53.6,59.3,53.6,53.6,53.7,55.9,56.3,57.3,53.6,53.6,63.5,62.8,53.6,53.6,62.9,62.9,62.8,59.3,59.9,59.3,59.9,61,56.6,56.5,57.1,62.8,62.8,59.9,52.8,54.8,50.1,46.4,52.9,46.8,59.3,53.6,44.8,55.9,45.3,60.3,60.2,60.2,54.1,53.6,60.3,60.3,53.6
06/02/2026 11:00:00,62,70.5,63.7,54.7,54.7,53.1,53.1,54.7,54.7,59.4,62.9,59.3,63.4,60.5,62.9,51.2,50.2,51.1,53.1,53.1,62.8,62.8,40.2,31.4,35.3,46.7,67.2,64.7,64.3,67.2,64.3,64.4,65.5,65.5,59.4,59.3,59.9,55.3,54.7,59.4,54.7,54.7,54.8,57,57.5,58.4,54.7,54.7,63.4,62.8,54.7,54.7,62.9,62.9,62.8,59.3,59.9,59.3,53,53.7,58.6,56.6,58.2,62.8,62.8,59.9,54.7,56.6,52.4,45.8,54.7,46.3,59.3,54.7,46.9,55.1,47.3,60.1,60,60,55.3,54.7,60.1,60.1,54.7
06/02/2026 11:05:00,62,70.3,63.7,55.1,55.1,53,53,55.1,55.1,59.4,62.9,59.3,63.4,60.4,62.9,55.4,52.9,55.7,53,53,62.8,62.8,45.8,38.9,40.6,50.6,66.8,64.4,64.3,66.5,64.3,64.5,66.6,65.6,59.4,59.3,59.9,55.6,55.1,59.4,55,55.1,55.1,54.7,56.4,56.1,55.1,55.1,63.4,62.8,55.1,55.1,62.9,62.9,62.8,59.3,59.9,59.3,56.3,54.5,55.6,54.5,55.9,62.8,62.8,59.9,55.7,58.7,53.9,48.1,57.2,48.5,59.3,55,45.3,51.5,45.8,59.9,59.8,59.8,55.6,55.1,59.9,59.9,55.1
06/02/2026 11:10:00,62,70,63.5,55.5,55.5,53.9,53.9,55.5,55.5,59.4,62.9,59.4,63.4,60.4,62.9,53.6,51.7,53.8,53.9,53.9,62.8,62.8,50.7,45.1,43.3,53.8,66.7,64.4,64.6,66.8,64.6,64.6,66.3,65.7,59.4,59.4,60,56,55.5,59.4,55.4,55.5,55.5,55.6,57.1,57,55.5,55.5,63.4,62.8,55.5,55.5,62.9,62.9,62.8,59.4,60,59.4,57.8,58.3,56.4,58.2,58,62.8,62.8,60,57.5,60.5,53.5,45.6,56.2,45.7,59.4,55.4,47.7,50.4,48.2,59.5,59.5,59.5,56,55.5,59.5,59.5,55.5
06/02/2026 11:15:00,61.5,68.9,63,56.4,56.4,54.8,54.8,56.4,56.4,59.4,62.9,59.3,63.4,60.5,62.9,53,50.7,53.1,54.8,54.8,62.8,62.8,51.6,49,48.2,54,66.8,64.3,64.5,66.5,64.5,63.6,64.7,64.7,59.4,59.3,59.9,57,56.4,59.4,56.4,56.4,56.5,57.4,58.7,58.8,56.4,56.4,63.4,62.8,56.4,56.4,62.9,62.9,62.8,59.3,59.9,59.3,58.5,61.2,56.9,58.8,57.7,62.8,62.8,59.9,56.5,58.8,52.9,49.5,56.1,49.9,59.3,56.4,45.5,49.6,46,59.3,59.3,59.3,57,56.4,59.3,59.3,56.4
06/02/2026 11:20:00,61.7,68.9,63.2,56.5,56.5,55.1,55.1,56.5,56.5,59.5,62.9,59.4,63.4,60.8,62.9,52.2,50.3,52.3,55.1,55.1,62.8,62.8,54,51.3,49.2,56.2,66.8,64.4,64.2,66.1,64.2,61.7,63.9,62.7,59.5,59.4,60,57,56.5,59.5,56.4,56.5,56.5,59.7,60.1,61.2,56.5,56.5,63.4,62.8,56.5,56.5,62.9,62.9,62.8,59.4,60,59.4,59.6,61.1,58.4,58,59.5,62.8,62.8,60,58.6,59.8,57.2,47.4,55.7,47.9,59.4,56.4,43,47.9,43.6,58.9,58.8,58.8,57,56.5,58.9,58.9,56.5
06/02/2026 11:25:00,62.6,70.2,64.2,56.6,56.6,54.2,54.2,56.6,56.6,59.4,62.9,59.4,63.5,60.5,62.9,51.6,49.6,51.6,54.2,54.2,62.8,62.8,56.4,54.2,51.7,57.7,66.9,64.5,64.2,66.3,64.2,61.9,64.8,62.9,59.4,59.4,60,57.2,56.6,59.4,56.6,56.6,56.7,58.9,59.7,60.3,56.6,56.6,63.5,62.8,56.6,56.6,62.9,62.9,62.8,59.4,60,59.4,60.5,61.7,57.6,57.9,59.2,62.8,62.8,60,55.5,58.3,56.2,51.7,56.3,52,59.4,56.6,44,47.3,44.5,58.8,58.7,58.7,57.2,56.6,58.8,58.8,56.6
06/02/2026 11:30:00,62.2,69.8,63.8,56.7,56.7,53.9,53.9,56.7,56.7,59.6,62.9,59.5,63.4,60.5,62.9,50.9,49.6,50.8,53.9,53.9,62.8,62.8,57.6,54.3,51.4,56.7,66.9,64.5,64.2,66.1,64.2,61.2,62.7,62.2,59.6,59.5,60.1,57.3,56.7,59.6,56.7,56.7,56.8,59.1,59.9,60.5,56.7,56.7,63.4,62.8,56.7,56.7,62.9,62.9,62.8,59.5,60.1,59.5,60.8,62.8,57.5,57.9,59.1,62.8,62.8,60.1,56.1,58.9,56.2,50.9,57.3,51.3,59.5,56.7,43.5,47.4,44,59,58.9,58.9,57.3,56.7,59,59,56.7
06/02/2026 11:35:00,61.2,68.4,62.7,57.7,57.7,53.8,53.8,57.7,57.7,59.6,62.9,59.5,63.4,60.5,62.9,50.5,49.9,50.3,53.8,53.8,62.8,62.8,58.7,56.4,52.5,56.8,66.6,64.2,64.3,66,64.2,61,60.3,61.9,59.6,59.5,60.1,58.2,57.7,59.6,57.6,57.7,57.7,59.2,60.4,60.6,57.7,57.7,63.4,62.8,57.7,57.7,62.9,62.9,62.8,59.5,60.1,59.5,61.1,63.4,57.5,58.3,58.9,62.8,62.8,60.1,56.6,59.5,54.5,48.7,57,49.1,59.5,57.6,41.6,46.5,42.2,58.7,58.7,58.7,58.2,57.7,58.7,58.7,57.7
06/02/2026 11:40:00,60,65.5,61.5,57.9,57.9,53.3,53.3,57.9,57.9,59.5,63,59.4,63.5,60.3,63,53,51.3,53.2,53.3,53.3,62.9,62.9,58.6,57.2,53.6,57,66.4,64,64.3,66.1,64.3,59.2,59.5,60,59.5,59.4,60,58.4,57.9,59.5,57.8,57.9,57.9,57.8,59.8,59.3,57.9,57.9,63.5,62.9,57.9,57.9,63,63,62.9,59.4,60,59.4,61.4,64.4,58.9,58.4,60,62.9,62.9,60,55.8,59.1,51.9,49.5,55.9,49.9,59.4,57.8,43.1,45.6,43.7,58.8,58.7,58.7,58.4,57.9,58.8,58.8,57.9
06/02/2026 11:45:00,60.9,66.2,62.5,58.6,58.6,52.7,52.7,58.6,58.6,59.7,63.1,59.6,63.6,60.2,63.1,53.7,53.1,54,52.7,52.7,63,63,59,57.5,53.6,57.8,66.5,64.1,64.3,66.2,64.3,60.5,61.1,61.4,59.7,59.6,60.2,59.2,58.6,59.7,58.6,58.6,58.7,57.3,59.8,58.7,58.6,58.6,63.6,63,58.6,58.6,63.1,63.1,63,59.6,60.2,59.6,60,62.5,59,58.3,59.1,63,63,60.2,55,59.2,51.1,52.2,55.1,52.6,59.6,58.6,43.7,50.1,44.2,58.9,58.8,58.8,59.2,58.6,58.9,58.9,58.6
06/02/2026 11:50:00,60.2,68,61.6,58.6,58.6,52.8,52.8,58.6,58.6,59.7,63.2,59.6,63.7,60.3,63.2,52.6,51.3,52.9,52.8,52.8,63.1,63.1,58.2,56.1,53.6,58.2,67.2,64.8,64.3,66.3,64.3,62,62.8,63,59.7,59.6,60.2,59.2,58.6,59.7,58.6,58.6,58.7,57.7,60.1,59.2,58.6,58.6,63.7,63.1,58.6,58.6,63.2,63.2,63.1,59.6,60.2,59.6,61.4,63,58.9,58.4,60,63.1,63.1,60.2,52.9,57.9,55.1,50.5,55.3,50.9,59.6,58.6,44.7,51.5,45.2,58.7,58.6,58.6,59.2,58.6,58.7,58.7,58.6
06/02/2026 11:55:00,60.5,67.5,62,58.7,58.7,52.6,52.6,58.7,58.7,59.9,63.2,59.8,63.7,60.4,63.2,54.8,53.4,55.2,52.6,52.6,63.1,63.1,57.6,56.1,53.3,57.9,67,64.5,64.2,66.1,64.2,62.4,63.1,63.4,59.9,59.8,60.4,59.2,58.7,59.9,58.6,58.7,58.7,55.6,58.9,57.1,58.7,58.7,63.7,63.1,58.7,58.7,63.2,63.2,63.1,59.8,60.4,59.8,59.7,61,55.2,55,55.7,63.1,63.1,60.4,54.9,58.4,55.2,52,56.9,52.3,59.8,58.6,46.4,52.7,46.8,58.6,58.6,58.6,59.2,58.7,58.6,58.6,58.7
06/02/2026 12:00:00,59.8,65.8,61.2,58.4,58.4,53.1,53.1,58.4,58.4,59.9,63,59.8,63.5,60.5,63,53,51.4,53.1,53.1,53.1,62.9,62.9,57.5,55.9,55.1,60.1,66.9,64.5,64.2,66.1,64.2,62.8,64.4,63.9,59.9,59.8,60.4,58.9,58.4,59.9,58.3,58.4,58.4,55.7,58.6,57.1,58.4,58.4,63.5,62.9,58.4,58.4,63,63,62.9,59.8,60.4,59.8,60.8,62.1,58.6,59.2,59.6,62.9,62.9,60.4,53.6,58.3,54.6,49.2,55.6,49.6,59.8,58.3,48.1,57,48.5,58.4,58.3,58.3,58.9,58.4,58.4,58.4,58.4
06/02/2026 12:05:00,60.2,66.4,61.7,58,58,53,53,58,58,59.8,63,59.7,63.5,60.4,63,52.9,51.9,52.9,53,53,62.9,62.9,56.1,55.6,55.6,60.1,66.8,64.4,64.3,66.1,64.2,61,62.9,61.9,59.8,59.7,60.3,58.5,58,59.8,57.9,58,58,54.7,58.1,56.1,58,58,63.5,62.9,58,58,63,63,62.9,59.7,60.3,59.7,60.2,62.1,57.8,58.3,59.1,62.9,62.9,60.3,52.7,57.6,52.8,50.4,54.1,50.8,59.7,57.9,46.6,55.6,47.1,58,57.9,57.9,58.5,58,58,58,58
06/02/2026 12:10:00,59.6,65.8,61,57.8,57.8,52.6,52.6,57.8,57.8,59.8,63,59.7,63.5,60.4,63,52.7,52.6,52.9,52.6,52.6,62.9,62.9,56.7,55.3,53.9,58.8,67.1,64.6,64.3,66,64.3,60.8,60.7,61.7,59.8,59.7,60.3,58.4,57.8,59.8,57.8,57.8,57.9,56,58.7,57.4,57.8,57.8,63.5,62.9,57.8,57.8,63,63,62.9,59.7,60.3,59.7,58.6,60.1,56.7,57.2,58.2,62.9,62.9,60.3,52.7,56.8,51.9,52.3,55.5,52.6,59.7,57.8,49.8,59,50.2,57.8,57.8,57.8,58.4,57.8,57.8,57.8,57.8
06/02/2026 12:15:00,58.9,63.3,60.3,57.3,57.3,53.1,53.1,57.3,57.3,59.9,62.9,59.8,63.5,60.3,62.9,53,52.3,53.3,53.1,53.1,62.8,62.8,53.6,53.9,54,57,67.1,64.6,64.2,66,64.2,60.2,59.8,61.1,59.9,59.8,60.4,57.8,57.3,59.9,57.2,57.3,57.3,53.9,57.4,55.3,57.3,57.3,63.5,62.8,57.3,57.3,62.9,62.9,62.8,59.8,60.4,59.8,57.3,60.5,53.1,55.7,55.4,62.8,62.8,60.4,52.8,58.2,54.6,53.1,56.7,53.4,59.8,57.2,50.8,59.3,51.2,57.3,57.2,57.2,57.8,57.3,57.3,57.3,57.3
06/02/2026 12:20:00,59.7,62.9,61.2,57.1,57.1,53.5,53.5,57.1,57.1,59.8,62.8,59.8,63.4,60.1,62.8,53.8,53.3,54.1,53.5,53.5,62.8,62.8,45.1,42.7,49.2,53.8,67,64.6,64.2,66,64.2,55.1,53.2,55.6,59.8,59.8,60.4,57.6,57.1,59.8,57,57.1,57.1,54.1,57.1,55.5,57.1,57.1,63.4,62.8,57.1,57.1,62.8,62.8,62.8,59.8,60.4,59.8,56,58.8,54.3,56,56.4,62.8,62.8,60.4,55.1,59.5,52.6,54.3,56.8,54.6,59.8,57,53.3,58.6,53.6,57.1,57,57,57.6,57.1,57.1,57.1,57.1
06/02/2026 12:25:00,59.3,63.8,60.7,56.4,56.4,52.5,52.5,56.4,56.4,60,62.8,59.9,63.4,60.1,62.8,55.1,54.3,55.6,52.5,52.5,62.8,62.8,43.4,39.8,46.6,52.1,66.6,64.3,64.2,66,64.2,53.4,51.8,53.7,60,59.9,60.5,56.9,56.4,60,56.3,56.4,56.4,54.6,56.9,56,56.4,56.4,63.4,62.8,56.4,56.4,62.8,62.8,62.8,59.9,60.5,59.9,58.5,60.3,56.4,56.5,58.1,62.8,62.8,60.5,54.9,58.5,53.1,54.7,57.8,54.9,59.9,56.3,51.3,56.4,51.7,56.3,56.3,56.3,56.9,56.4,56.3,56.3,56.4
06/02/2026 12:30:00,60,65.5,61.4,55.8,55.8,52.2,52.2,55.8,55.8,59.9,62.9,59.9,63.5,60,62.9,53.5,54.5,53.9,52.2,52.2,62.8,62.8,41.1,36.4,43.6,50.8,67,64.6,64.2,66.2,64.2,47,43.7,46.9,59.9,59.9,60.5,56.4,55.8,59.9,55.8,55.8,55.9,55.7,57.4,57.1,55.8,55.8,63.5,62.8,55.8,55.8,62.9,62.9,62.8,59.9,60.5,59.9,59,61.7,57.5,57.9,58.5,62.8,62.8,60.5,55.2,58.9,56.6,49.7,55.6,50.1,59.9,55.8,48.9,54.4,49.4,55.8,55.8,55.8,56.4,55.8,55.8,55.8,55.8
06/02/2026 12:35:00,59.5,65.3,60.9,55.4,55.4,52.6,52.6,55.4,55.4,60,62.9,59.9,63.4,59.8,62.9,53.9,54.2,54.3,52.6,52.6,62.8,62.8,49.5,47.5,51,54.8,66.9,64.6,64.1,65.8,64.1,54.1,50.9,54.6,60,59.9,60.5,56,55.4,60,55.4,55.4,55.5,55.3,57,56.7,55.4,55.4,63.4,62.8,55.4,55.4,62.9,62.9,62.8,59.9,60.5,59.9,57.7,60,55.7,56,55.9,62.8,62.8,60.5,54.1,58.3,57.5,48.9,52.2,49.3,59.9,55.4,47.1,53.2,47.6,55.5,55.4,55.4,56,55.4,55.5,55.5,55.4
06/02/2026 12:40:00,59.5,64.7,61,55.1,55.1,52.3,52.3,55.1,55.1,60,62.9,59.9,63.4,59.6,62.9,52.6,51.7,52.7,52.3,52.3,62.8,62.8,54.2,53.8,55.4,59.1,67.2,64.6,64.1,66,64.1,59.1,60,59.9,60,59.9,60.5,55.7,55.1,60,55.1,55.1,55.2,56.3,57.3,57.7,55.1,55.1,63.4,62.8,55.1,55.1,62.9,62.9,62.8,59.9,60.5,59.9,58.2,59.5,55.2,56,55.5,62.8,62.8,60.5,53.7,58.3,58.1,52.6,54.2,52.9,59.9,55.1,49.1,53.5,49.5,55.1,55.1,55.1,55.7,55.1,55.1,55.1,55.1
06/02/2026 12:45:00,59,62.7,60.3,55.1,55.1,52.6,52.6,55.1,55.1,60,62.9,59.9,63.4,59.5,62.9,52.8,52.6,53,52.6,52.6,62.8,62.8,56.8,56,56.9,59.7,67.1,64.5,64.2,66.2,64.2,64.2,64.5,65.4,60,59.9,60.5,55.6,55.1,60,55,55.1,55.1,54.9,56.5,56.3,55.1,55.1,63.4,62.8,55.1,55.1,62.9,62.9,62.8,59.9,60.5,59.9,59,60.2,56.5,58.2,57.6,62.8,62.8,60.5,54.4,57.3,56.7,52.3,55.3,52.6,59.9,55,44.6,45.7,45.2,54,54,54,55.6,55.1,54,54,55.1
06/02/2026 12:50:00,59,63,60.4,53.6,53.6,52.4,52.4,53.6,53.6,60,62.8,60,63.3,59.4,62.8,47.5,47.5,47.4,52.4,52.4,62.7,62.7,58.5,57.6,56.7,59,66.8,64.5,64.2,66.1,64.2,66.1,68,67.4,60,60,60.6,54.1,53.6,60,53.6,53.6,53.7,54.6,55.5,56,53.6,53.6,63.3,62.7,53.6,53.6,62.8,62.8,62.7,60,60.6,60,59.3,59.7,56.1,57,56,62.7,62.7,60.6,54.9,58.5,57.3,51.7,55.2,52,60,53.6,40.5,35.8,41.1,53.3,53.2,53.2,54.1,53.6,53.3,53.3,53.6
06/02/2026 12:55:00,58.7,63,60.1,55.2,55.2,52.1,52.1,55.2,55.2,60.1,62.9,60,63.4,59.5,62.9,40.5,39.5,39.9,52.1,52.1,62.8,62.8,58.8,57.4,55.9,59.3,67,64.6,64.3,66.2,64.3,66.1,68.7,67.4,60.1,60,60.6,55.7,55.2,60.1,55.1,55.2,55.2,54,56,55.4,55.2,55.2,63.4,62.8,55.2,55.2,62.9,62.9,62.8,60,60.6,60,57,58.5,55.9,57.4,56.7,62.8,62.8,60.6,54.9,57.8,55.4,49.3,53.6,49.7,60,55.1,43.9,44.5,44.5,54.5,54.5,54.5,55.7,55.2,54.5,54.5,55.2
06/02/2026 13:00:00,59.9,64.8,61.4,56.4,56.4,51.5,51.5,56.4,56.4,60.1,62.6,60,63.1,59.5,62.6,34.7,33.6,33.7,51.5,51.5,62.5,62.5,57.9,56.1,54,57.6,67.2,64.6,64.3,66.2,64.3,65.4,68.7,66.6,60.1,60,60.6,56.9,56.4,60.1,56.3,56.4,56.4,54.8,57.2,56.2,56.4,56.4,63.1,62.5,56.4,56.4,62.6,62.6,62.5,60,60.6,60,58.3,61,55.1,56.5,56.5,62.5,62.5,60.6,54.7,58.4,54,48.7,54.7,49.1,60,56.3,45,45.7,45.5,53.6,53.5,53.5,56.9,56.4,53.6,53.6,56.4
06/02/2026 13:05:00,59.7,65.4,61.1,56.7,56.7,51.4,51.4,56.7,56.7,60.1,62.5,60,63.1,59.5,62.5,44.8,43.3,44.5,51.4,51.4,62.4,62.4,58.1,57.3,56.1,59.3,67.2,64.6,64.4,66.4,64.4,67.2,69.7,68.6,60.1,60,60.6,57.3,56.7,60.1,56.7,56.7,56.8,53.3,57,54.7,56.7,56.7,63.1,62.4,56.7,56.7,62.5,62.5,62.4,60,60.6,60,57.7,59.1,53.8,54.9,55.7,62.4,62.4,60.6,54.7,58.1,55.1,55.3,55.6,55.5,60,56.7,44.9,49.3,45.5,53,53,53,57.3,56.7,53,53,56.7
06/02/2026 13:10:00,59.5,64.2,60.9,56.5,56.5,51.1,51.1,56.5,56.5,60.1,62.5,60,63,59.1,62.5,49,47.7,48.7,51.1,51.1,62.4,62.4,59.7,58.2,55.6,59.3,67.2,64.6,64.3,66.3,64.3,65.6,68.5,66.9,60.1,60,60.6,57,56.5,60.1,56.4,56.5,56.5,54.6,57.3,56,56.5,56.5,63,62.4,56.5,56.5,62.5,62.5,62.4,60,60.6,60,59.1,60.5,55.5,57.9,57.1,62.4,62.4,60.6,54.3,59.5,57.6,55.4,56.4,55.7,60,56.4,48.5,54.7,48.9,52.6,52.6,52.6,57,56.5,52.6,52.6,56.5
06/02/2026 13:15:00,59.6,64.8,61,55.8,55.8,50.9,50.9,55.8,55.8,60,62.5,60,63,59,62.5,53.2,54.5,53.2,50.9,50.9,62.4,62.4,59.5,58.5,56.6,59,67.2,64.7,64.2,66,64.2,64.7,67.5,65.9,60,60,60.6,56.4,55.8,60,55.8,55.8,55.9,54.6,56.8,56,55.8,55.8,63,62.4,55.8,55.8,62.5,62.5,62.4,60,60.6,60,59.5,60.8,59,59,60,62.4,62.4,60.6,57,60.8,58.3,53.3,56.9,53.6,60,55.8,51.1,57.4,51.4,49.4,49.4,49.4,56.4,55.8,49.4,49.4,55.8
06/02/2026 13:20:00,60.4,66.1,61.9,55.3,55.3,49.9,49.9,55.3,55.3,60,62.4,59.9,62.9,59,62.4,56.9,57.9,57.2,49.9,49.9,62.3,62.3,59.6,59.1,56.6,59.1,67.4,64.7,64.2,66.1,64.2,64.7,67,65.9,60,59.9,60.5,55.8,55.3,60,55.2,55.3,55.3,56.6,57.6,58,55.3,55.3,62.9,62.3,55.3,55.3,62.4,62.4,62.3,59.9,60.5,59.9,59.5,60.4,58.4,59.2,58.1,62.3,62.3,60.5,56.5,60.3,53.7,48.8,57,49.2,59.9,55.2,52.1,58.9,52.4,45.3,45.3,45.3,55.8,55.3,45.3,45.3,55.3
06/02/2026 13:25:00,60.1,65.3,61.5,56.7,56.7,48.6,48.6,56.7,56.7,60,62.3,59.9,63,58.9,62.3,57.2,56.1,57.7,48.6,48.6,62.3,62.3,58.2,58.1,56.4,59,67.2,64.6,64.3,66.1,64.3,60.2,58.1,61.1,60,59.9,60.5,57.2,56.7,60,56.6,56.7,56.7,55.9,58,57.3,56.7,56.7,63,62.3,56.7,56.7,62.3,62.3,62.3,59.9,60.5,59.9,60.7,61.5,58.1,59,59.3,62.3,62.3,60.5,56.6,60,54.7,52.4,55.5,52.7,59.9,56.6,50,57.4,50.4,42.6,42.6,42.6,57.2,56.7,42.6,42.6,56.7
06/02/2026 13:30:00,60.6,66.6,62.1,54.4,54.4,47.3,47.3,54.4,54.4,60,62.4,59.9,63,59,62.4,57.2,56.2,57.8,47.3,47.3,62.3,62.3,57.4,57.4,56.2,60,67,64.5,64.3,66.2,64.3,47.8,41.7,48,60,59.9,60.5,55,54.4,60,54.4,54.4,54.5,55.8,56.7,57.2,54.4,54.4,63,62.3,54.4,54.4,62.4,62.4,62.3,59.9,60.5,59.9,60.4,63.1,57.7,58.8,59.1,62.3,62.3,60.5,55.5,61,57.9,52.1,54.2,52.4,59.9,54.4,49.6,57.4,50,40.2,40.2,40.2,55,54.4,40.2,40.2,54.4
06/02/2026 13:35:00,59.8,65.2,61.2,54.3,54.3,45.6,45.6,54.3,54.3,60,62.4,59.9,63,59,62.4,57.7,57.1,58.3,45.6,45.6,62.3,62.3,57.7,57.7,56.4,58.8,67.1,64.6,64.2,66.1,64.2,37.3,28.5,36.4,60,59.9,60.5,54.9,54.3,60,54.3,54.3,54.4,57.7,57.7,59.1,54.3,54.3,63,62.3,54.3,54.3,62.4,62.4,62.3,59.9,60.5,59.9,61,63.7,58.2,60,59.3,62.3,62.3,60.5,56.9,60.1,57.4,54.9,54.3,55.1,59.9,54.3,50.4,58.4,50.8,38.6,38.6,38.6,54.9,54.3,38.6,38.6,54.3
06/02/2026 13:40:00,58.8,64,60.2,53.2,53.2,44.5,44.5,53.2,53.2,59.9,62.3,59.8,62.9,58.7,62.3,56.6,56.2,57.2,44.5,44.5,62.3,62.3,56.6,57.1,56.8,58.5,66.9,64.4,64.2,65.9,64.2,32.7,24.5,31.5,59.9,59.8,60.4,53.7,53.2,59.9,53.2,53.2,53.3,56.8,56.7,58.3,53.2,53.2,62.9,62.3,53.2,53.2,62.3,62.3,62.3,59.8,60.4,59.8,61.6,62.5,58.1,59.3,59.2,62.3,62.3,60.4,57.4,60.2,60,53.2,52.5,53.4,59.8,53.2,52.2,58.3,52.6,36.9,36.9,36.9,53.7,53.2,36.9,36.9,53.2
06/02/2026 13:45:00,59.5,64.4,60.8,51,51,41.1,41.1,51,51,59.8,62.5,59.7,63,58.5,62.5,57.8,56,58.5,41.1,41.1,62.4,62.4,55.7,55.9,56.7,59.9,66.9,64.4,64.2,65.9,64.2,28.3,21.1,26.8,59.8,59.7,60.3,51.5,51,59.8,51,51,51.1,56.9,55.3,58.3,51,51,63,62.4,51,51,62.5,62.5,62.4,59.7,60.3,59.7,62.8,63.7,57.9,59.8,59.1,62.4,62.4,60.3,58.6,61.6,58.3,53,51.7,53.2,59.7,51,52.2,58.5,52.5,34.9,34.9,34.9,51.5,51,34.9,34.9,51
06/02/2026 13:50:00,59.5,64.7,60.9,51.9,51.9,40.8,40.8,51.9,51.9,59.8,62.4,59.7,62.9,58.2,62.4,55.9,54.3,56.3,40.8,40.8,62.3,62.3,55.7,56.1,57.9,60.8,66.8,64.4,64.2,65.9,64.2,33,24.7,31.9,59.8,59.7,60.3,52.4,51.9,59.8,51.9,51.9,52,55.4,55,56.8,51.9,51.9,62.9,62.3,51.9,51.9,62.4,62.4,62.3,59.7,60.3,59.7,62.5,63.8,59,59.7,60,62.3,62.3,60.3,56.7,60.6,58.8,54.1,53.2,54.4,59.7,51.9,49.8,55.4,50.2,33.4,33.4,33.4,52.4,51.9,33.4,33.4,51.9
06/02/2026 13:55:00,59.6,65.9,61,52.8,52.8,40.2,40.2,52.8,52.8,59.9,62.4,59.8,62.9,57.9,62.4,55.5,54.2,55.8,40.2,40.2,62.3,62.3,55.7,56.1,56.5,59.8,67.2,64.5,64.1,65.7,64.1,35.8,27.5,34.9,59.9,59.8,60.4,53.3,52.8,59.9,52.8,52.8,52.9,57.5,56.6,58.9,52.8,52.8,62.9,62.3,52.8,52.8,62.4,62.4,62.3,59.8,60.4,59.8,60.2,61.5,58.4,58.8,59,62.3,62.3,60.4,56.9,61.5,58.6,52.2,55.8,52.5,59.8,52.8,43.5,42.1,44,31.9,31.9,31.9,53.3,52.8,31.9,31.9,52.8
06/02/2026 14:00:00,59,65.9,60.4,54.5,54.5,39.7,39.7,54.5,54.5,59.9,62.1,59.9,62.6,57.9,62.1,54.8,53.5,55.1,39.7,39.7,62,62,50.7,47.9,50.7,55.5,66.9,64.5,64.1,65.8,64.1,38.7,31,38,59.9,59.9,60.5,55.1,54.5,59.9,54.5,54.5,54.6,55.7,56.7,57.1,54.5,54.5,62.6,62,54.5,54.5,62.1,62.1,62,59.9,60.5,59.9,60.5,62.4,60.5,60.7,59.9,62,62,60.5,56.8,61.5,58.3,56.6,56.8,56.7,59.9,54.5,35.6,35.4,36.4,31.3,31.3,31.3,55.1,54.5,31.3,31.3,54.5
06/02/2026 14:05:00,58.7,64.4,60,55.2,55.2,38.7,38.7,55.2,55.2,59.9,62,59.8,62.5,57.8,62,56.6,55.8,57,38.7,38.7,61.9,61.9,43.9,39.8,47.5,54.5,66.7,64.3,64.2,65.9,64.2,46.8,44.9,46.7,59.9,59.8,60.4,55.8,55.2,59.9,55.2,55.2,55.3,56.9,57.8,58.3,55.2,55.2,62.5,61.9,55.2,55.2,62,62,61.9,59.8,60.4,59.8,60.7,63.8,61.2,61.3,61.7,61.9,61.9,60.4,54,59.3,57.5,54,54.7,54.3,59.8,55.2,33.3,33.1,34.1,31,31,31,55.8,55.2,31,31,55.2
06/02/2026 14:10:00,59.3,66.2,60.6,55,55,37.2,37.2,55,55,59.9,61.8,59.8,62.4,57.4,61.8,54.2,52.2,54.4,37.2,37.2,61.8,61.8,47.8,45.9,50.8,56.1,67,64.6,64.3,66,64.3,56.6,54.6,57.2,59.9,59.8,60.4,55.6,55,59.9,55,55,55.1,56.2,57.4,57.7,55,55,62.4,61.8,55,55,61.8,61.8,61.8,59.8,60.4,59.8,60.1,62.7,59,58.4,59.9,61.8,61.8,60.4,52.1,58.7,56.5,55.3,57,55.6,59.8,55,31.2,33.7,32.1,29.6,29.6,29.6,55.6,55,29.6,29.6,55
06/02/2026 14:15:00,59.4,65.8,60.7,55,55,36.8,36.8,55,55,59.8,61.9,59.7,62.5,56.8,61.9,54.4,52.5,54.6,36.8,36.8,61.8,61.8,50.3,48.8,52.6,56.4,67.2,64.7,64.2,65.9,64.2,61.4,58.6,62.3,59.8,59.7,60.3,55.5,55,59.8,54.9,55,55,55.2,56.7,56.6,55,55,62.5,61.8,55,55,61.9,61.9,61.8,59.7,60.3,59.7,60.9,62.7,59.6,59.5,60.6,61.8,61.8,60.3,54.2,61.6,58.3,55.8,57.9,55.9,59.7,54.9,37,39.8,37.7,28.4,28.4,28.4,55.5,55,28.4,28.4,55
06/02/2026 14:20:00,59.5,67.2,61,55.4,55.4,35.4,35.4,55.4,55.4,59.6,61.9,59.5,62.5,56.4,61.9,53.3,51,53.4,35.4,35.4,61.8,61.8,46.3,41.7,48.6,53.6,66.8,64.4,64.2,65.9,64.2,65.3,64.6,66.5,59.6,59.5,60.1,55.9,55.4,59.6,55.3,55.4,55.4,55.1,57,56.6,55.4,55.4,62.5,61.8,55.4,55.4,61.9,61.9,61.8,59.5,60.1,59.5,61.6,63.8,59.5,60.1,60.5,61.8,61.8,60.1,53.7,61.2,58.2,57.4,59.7,57.6,59.5,55.3,35.6,38.2,36.4,28,28,28,55.9,55.4,28,28,55.4
06/02/2026 14:25:00,59.5,65.3,60.9,54.6,54.6,34.1,34.1,54.6,54.6,59.6,61.9,59.5,62.5,56,61.9,53,50.7,53.2,34.1,34.1,61.8,61.8,50.5,47.3,49.9,55.1,66.7,64.4,64.1,65.9,64.1,54.9,51.5,55.3,59.6,59.5,60.1,55.2,54.6,59.6,54.6,54.6,54.7,57.2,57.6,58.6,54.6,54.6,62.5,61.8,54.6,54.6,61.9,61.9,61.8,59.5,60.1,59.5,61.7,63.3,60.9,61.9,61.5,61.8,61.8,60.1,57.2,63.5,60.5,56.6,58.6,56.7,59.5,54.6,29.8,27.8,30.7,27.2,27.2,27.2,55.2,54.6,27.2,27.2,54.6
06/02/2026 14:30:00,59.4,65.3,60.7,55.4,55.4,33.7,33.7,55.4,55.4,59.6,61.9,59.5,62.5,55.9,61.9,53.3,52.8,53.4,33.7,33.7,61.8,61.8,52.6,51.2,54.7,57.9,67.1,64.5,64.3,66.2,64.2,43.1,40.3,42.7,59.6,59.5,60.1,56,55.4,59.6,55.4,55.4,55.5,57.3,58.2,58.8,55.4,55.4,62.5,61.8,55.4,55.4,61.9,61.9,61.8,59.5,60.1,59.5,62.7,63.5,61.4,62.7,62.3,61.8,61.8,60.1,67,71.5,66.1,58,61.2,58.1,59.5,55.4,27.1,24.5,28.1,26.5,26.5,26.5,56,55.4,26.5,26.5,55.4
06/02/2026 14:35:00,59.7,65.6,61.1,54.9,54.9,32.6,32.6,54.9,54.9,59.3,61.7,59.2,62.4,55.2,61.7,53.7,52.7,53.9,32.6,32.6,61.7,61.7,55.7,54.6,55.9,59.5,67.2,64.5,64.2,65.9,64.2,35.4,32.8,34.4,59.3,59.2,59.8,55.5,54.9,59.3,54.9,54.9,55,54.8,56.4,56.2,54.9,54.9,62.4,61.7,54.9,54.9,61.7,61.7,61.7,59.2,59.8,59.2,64.6,65.8,65.3,65.4,64.7,61.7,61.7,59.8,65.5,68,63.5,57.3,60.7,57.3,59.2,54.9,22,17.6,23.1,25.8,25.8,25.8,55.5,54.9,25.8,25.8,54.9
06/02/2026 14:40:00,58.8,63.8,60.2,53.9,53.9,31.4,31.4,53.9,53.9,59.2,61.8,59.1,62.3,54.1,61.8,53.5,52.5,53.6,31.4,31.4,61.7,61.7,54.2,55.3,57.3,59.4,67.2,64.6,64.2,66,64.2,34.4,29.3,33.3,59.2,59.1,59.7,54.4,53.9,59.2,53.8,53.9,53.9,58,57.6,59.4,53.9,53.9,62.3,61.7,53.9,53.9,61.8,61.8,61.7,59.1,59.7,59.1,62.6,65.2,63.1,63,63.4,61.7,61.7,59.7,64.1,66.7,61.6,55.9,58.2,56.1,59.1,53.8,20.6,15.9,21.7,24.9,24.9,24.9,54.4,53.9,24.9,24.9,53.9
06/02/2026 14:45:00,58.6,65,60,52.4,52.4,30.2,30.2,52.4,52.4,58.9,61.7,58.9,62.2,52.7,61.7,55.1,53.8,55.5,30.2,30.2,61.6,61.6,55,56,58.2,59.8,67.2,64.6,64.2,65.9,64.2,32.4,27.2,31.2,58.9,58.9,59.5,52.9,52.4,58.9,52.4,52.4,52.5,58.7,57.2,60.2,52.4,52.4,62.2,61.6,52.4,52.4,61.7,61.7,61.6,58.9,59.5,58.9,62.8,65.5,62.1,63.9,62.7,61.6,61.6,59.5,57.9,64.2,60.6,47.4,46.8,47.8,58.9,52.4,22.2,17.5,23.3,24.2,24.2,24.2,52.9,52.4,24.2,24.2,52.4
06/02/2026 14:50:00,58.6,63.6,59.9,51,51,29,29,51,51,58.8,61.6,58.7,62.2,51.3,61.6,55.1,53.6,55.6,29,29,61.6,61.6,53.4,53.8,56.6,58.7,67,64.5,64.2,65.9,64.2,35.9,27.8,34.9,58.8,58.7,59.3,51.5,51,58.8,51,51,51.1,59.3,56.9,60.7,51,51,62.2,61.6,51,51,61.6,61.6,61.6,58.7,59.3,58.7,60.1,62.1,62.6,61.8,62,61.6,61.6,59.3,56.6,63.5,59.8,45.5,45.1,45.9,58.7,51,24.2,20.5,25.2,23,23,23,51.5,51,23,23,51
06/02/2026 14:55:00,59.3,64,60.7,50.3,50.3,28.7,28.7,50.3,50.3,58.6,61.5,58.5,62.2,50.6,61.5,52.5,51.4,52.8,28.7,28.7,61.5,61.5,49.8,47.5,53.8,57.9,67,64.5,64.1,65.8,64.1,37.1,28.6,36.3,58.6,58.5,59.1,50.8,50.3,58.6,50.3,50.3,50.4,59.7,56.2,61.1,50.3,50.3,62.2,61.5,50.3,50.3,61.5,61.5,61.5,58.5,59.1,58.5,59.2,61.6,62.6,62.8,62.1,61.5,61.5,59.1,56.8,63,59.5,41,39.5,41.6,58.5,50.3,21.9,19.9,23,22.1,22.1,22.1,50.8,50.3,22.1,22.1,50.3
06/02/2026 15:00:00,59,65,60.4,50.2,50.2,28.3,28.3,50.2,50.2,58.9,61.4,58.8,62.1,50.5,61.4,51.4,51.2,51.7,28.3,28.3,61.4,61.4,40.9,35.6,46.4,52.5,67,64.5,64.1,65.7,64.1,37,28.6,36.2,58.9,58.8,59.4,50.7,50.2,58.9,50.2,50.2,50.3,58,55.2,59.4,50.2,50.2,62.1,61.4,50.2,50.2,61.4,61.4,61.4,58.8,59.4,58.8,61.8,64.4,61.7,64.1,63.4,61.4,61.4,59.4,52.4,60.9,57.1,39.4,37.1,40,58.8,50.2,21.4,26.3,22.3,21.8,21.8,21.8,50.7,50.2,21.8,21.8,50.2
06/02/2026 15:05:00,59.2,64.5,60.6,49.8,49.8,28.1,28.1,49.8,49.8,59,61.3,58.9,62,50.1,61.3,51.8,50.2,52.1,28.1,28.1,61.3,61.3,37,31.1,43.7,50.6,67,64.4,64.1,65.8,64.1,41.3,34.1,40.7,59,58.9,59.5,50.3,49.8,59,49.8,49.8,49.9,58.4,55.3,59.9,49.8,49.8,62,61.3,49.8,49.8,61.3,61.3,61.3,58.9,59.5,58.9,61.6,63.6,62.4,63.3,62.9,61.3,61.3,59.5,54.2,61.3,58.6,38.2,35.2,38.9,58.9,49.8,21.1,23.7,22.1,21.5,21.5,21.5,50.3,49.8,21.5,21.5,49.8
06/02/2026 15:10:00,58.9,63.8,60.3,49.1,49.1,27.3,27.3,49.1,49.1,58.9,61.3,58.8,61.8,49.4,61.3,52.2,50.7,52.4,27.3,27.3,61.2,61.2,33.5,26.7,40.8,48.5,66.9,64.5,64.2,65.9,64.2,56.3,53,56.8,58.9,58.8,59.4,49.6,49.1,58.9,49.1,49.1,49.2,58,54.4,59.4,49.1,49.1,61.8,61.2,49.1,49.1,61.3,61.3,61.2,58.8,59.4,58.8,61.8,64,63.5,61.9,63.6,61.2,61.2,59.4,54.9,61.8,59.1,41.7,39.8,42.2,58.8,49.1,23,26.1,24,21.1,21.1,21.1,49.6,49.1,21.1,21.1,49.1
06/02/2026 15:15:00,59,63.8,60.4,48,48,27,27,48,48,58.9,61.2,58.8,61.7,48.3,61.2,53.9,51.2,54.1,27,27,61.1,61.1,32.7,25.1,39.2,48,67,64.6,64.2,65.9,64.2,62.4,60.3,63.4,58.9,58.8,59.4,48.5,48,58.9,48,48,48.1,58.8,53.4,60.3,48,48,61.7,61.1,48,48,61.2,61.2,61.1,58.8,59.4,58.8,63,64.7,63.8,62.9,63.9,61.1,61.1,59.4,54.9,61.3,59.1,44.6,44.3,45.1,58.8,48,23.1,28.5,24.2,20.5,20.5,20.5,48.5,48,20.5,20.5,48
06/02/2026 15:20:00,59.2,65.8,60.6,46.6,46.6,26.5,26.5,46.6,46.6,58.7,61.2,58.6,61.7,46.9,61.2,52.3,50.2,52.4,26.5,26.5,61.1,61.1,32.7,25.5,39.3,47.4,66.9,64.6,64.2,65.9,64.2,65.3,62.9,66.6,58.7,58.6,59.2,47.1,46.6,58.7,46.6,46.6,46.7,60.5,53.2,62,46.6,46.6,61.7,61.1,46.6,46.6,61.2,61.2,61.1,58.6,59.2,58.6,62.1,64.4,63.7,64.1,63.8,61.1,61.1,59.2,55.9,62.8,59.7,40.1,39.3,40.7,58.6,46.6,22.8,28.7,23.9,19.9,19.9,19.9,47.1,46.6,19.9,19.9,46.6
06/02/2026 15:25:00,58.8,64.6,60.2,45.1,45.1,26.1,26.1,45.1,45.1,58.6,61.2,58.5,61.7,45.4,61.2,53,51.2,53.1,26.1,26.1,61.1,61.1,32.4,25.1,39.3,47.5,67.1,64.6,64.2,66,64.2,66.7,65.5,68,58.6,58.5,59.1,45.6,45.1,58.6,45.1,45.1,45.2,60.8,51.9,62.3,45.1,45.1,61.7,61.1,45.1,45.1,61.2,61.2,61.1,58.5,59.1,58.5,62.9,64.2,63.4,63.3,63.5,61.1,61.1,59.1,54.5,61.5,58.8,44.1,41.8,44.2,58.5,45.1,22.3,23.9,23.4,19.3,19.3,19.3,45.6,45.1,19.3,19.3,45.1
06/02/2026 15:30:00,59.2,65.2,60.6,44.2,44.2,26,26,44.2,44.2,58.6,61.2,58.6,61.7,44.5,61.2,51.4,49,51.4,26,26,61.1,61.1,30.5,23.7,38.6,47.3,66.7,64.4,64.3,66.1,64.3,67.8,67.9,69.2,58.6,58.6,59.2,44.7,44.2,58.6,44.2,44.2,44.3,61.8,50.6,63.2,44.2,44.2,61.7,61.1,44.2,44.2,61.2,61.2,61.1,58.6,59.2,58.6,63.7,65.9,65,64.1,64.7,61.1,61.1,59.2,61.3,64.4,61.8,48.8,47.6,48.9,58.6,44.2,21.1,21.4,22,19.1,19.1,19.1,44.7,44.2,19.1,19.1,44.2
06/02/2026 15:35:00,59.5,66.1,60.8,43.9,43.9,25.8,25.8,43.9,43.9,58.6,61.2,58.5,61.7,44.2,61.2,52.4,50.3,52.5,25.8,25.8,61.1,61.1,32.8,25.7,39.3,47.7,66.7,64.4,64.2,66,64.2,68.8,68.3,70.3,58.6,58.5,59.1,44.3,43.9,58.6,43.9,43.9,44,62,48.9,63.5,43.9,43.9,61.7,61.1,43.9,43.9,61.2,61.2,61.1,58.5,59.1,58.5,62.6,64.3,64.4,64,64.3,61.1,61.1,59.1,62,64.9,61.2,52.1,52,52.1,58.5,43.9,21.8,23,22.9,19.1,19.1,19.1,44.3,43.9,19.1,19.1,43.9
06/02/2026 15:40:00,58.9,66,60.3,42.7,42.7,25.5,25.5,42.7,42.7,58.4,61,58.3,61.6,43,61,53.7,52,53.8,25.5,25.5,61,61,31.6,23.4,38.6,46.5,66.8,64.5,64.2,65.9,64.2,69.3,69.8,70.7,58.4,58.3,58.9,43.1,42.7,58.4,42.7,42.7,42.8,61.9,47.3,63.4,42.7,42.7,61.6,61,42.7,42.7,61,61,61,58.3,58.9,58.3,62.4,65,64.7,64.3,64.2,61,61,58.9,62.2,64.2,59.6,54.4,55,54.4,58.3,42.7,20.8,20.5,21.7,18.8,18.8,18.8,43.1,42.7,18.8,18.8,42.7
06/02/2026 15:45:00,59.2,66.6,60.6,41.8,41.8,24.8,24.8,41.8,41.8,58.2,61.1,58.1,61.6,42,61.1,53.7,52.5,53.8,24.8,24.8,61,61,31.8,23.4,39.3,47.9,66.9,64.5,64.2,65.9,64.2,68.5,69.2,69.9,58.2,58.1,58.7,42.2,41.8,58.2,41.8,41.8,41.9,61.9,46.5,63.4,41.8,41.8,61.6,61,41.8,41.8,61.1,61.1,61,58.1,58.7,58.1,56.2,57.8,61.9,62.7,62.4,61,61,58.7,63.2,65.8,63.2,57.4,56.4,57.4,58.1,41.8,20.4,20.1,21.4,18.3,18.3,18.3,42.2,41.8,18.3,18.3,41.8
06/02/2026 15:50:00,59.1,65.6,60.4,41.3,41.3,24.2,24.2,41.3,41.3,57.9,61,57.8,61.5,41.5,61,54.4,53.2,54.6,24.2,24.2,60.9,60.9,34.3,26.6,39.7,47.9,66.8,64.4,64.2,66.1,64.2,68.8,70.1,70.3,57.9,57.8,58.4,41.7,41.3,57.9,41.3,41.3,41.4,61.9,46.1,63.4,41.3,41.3,61.5,60.9,41.3,41.3,61,61,60.9,57.8,58.4,57.8,56.7,58.1,63.9,64.7,64.2,60.9,60.9,58.4,65.1,66.2,63.1,53.2,54.6,53.2,57.8,41.3,20.4,19.3,21.3,18.4,18.4,18.4,41.7,41.3,18.4,18.4,41.3
06/02/2026 15:55:00,59.2,65.3,60.5,40.3,40.3,24.8,24.8,40.3,40.3,58,61,57.9,61.6,40.5,61,56.1,54.4,56.4,24.8,24.8,61,61,33.2,24.9,37.9,46.1,66.9,64.5,64.3,66.3,64.3,67.4,67.5,68.7,58,57.9,58.5,40.7,40.3,58,40.3,40.3,40.4,61.9,45.2,63.4,40.3,40.3,61.6,61,40.3,40.3,61,61,61,57.9,58.5,57.9,58.8,60.1,63.1,63.5,63.4,61,61,58.5,59.9,63.8,62,54.5,55.6,54.5,57.9,40.3,20.3,19.8,21.4,18.1,18.1,18.1,40.7,40.3,18.1,18.1,40.3
06/02/2026 16:00:00,58.8,63.3,60.1,40.7,40.7,25.2,25.2,40.7,40.7,58.2,61,58.1,61.6,40.9,61,54,53,54.2,25.2,25.2,61,61,33.5,25.4,37.9,45.9,66.9,64.5,64.3,66,64.3,68,67.7,69.4,58.2,58.1,58.7,41.1,40.7,58.2,40.7,40.7,40.8,61.9,45.6,63.4,40.7,40.7,61.6,61,40.7,40.7,61,61,61,58.1,58.7,58.1,61.8,63.7,64.1,64.4,64,61,61,58.7,65.8,66.6,64.3,58.3,58.4,58.3,58.1,40.7,20.4,20.8,21.5,17.8,17.8,17.8,41.1,40.7,17.8,17.8,40.7
06/02/2026 16:05:00,58.6,61.4,60,40.1,40.1,25.3,25.3,40.1,40.1,58.2,61,58.2,61.6,40.3,61,53.8,52.4,54,25.3,25.3,61,61,32.2,24.9,37,46.6,67.1,64.5,64.4,66.1,64.4,67.9,67.8,69.3,58.2,58.2,58.8,40.5,40.1,58.2,40.1,40.1,40.2,61.9,45,63.4,40.1,40.1,61.6,61,40.1,40.1,61,61,61,58.2,58.8,58.2,60.4,62.2,64.1,64.4,64,61,61,58.8,65.6,66.3,63.7,57.5,58.6,57.5,58.2,40.1,20.3,20.1,21.4,17.2,17.2,17.2,40.5,40.1,17.2,17.2,40.1
06/02/2026 16:10:00,58.8,61.1,60.1,40,40,25.1,25.1,40,40,58.1,60.9,58,61.5,40.2,60.9,54.8,53.2,55.1,25.1,25.1,60.9,60.9,32.6,25.5,39.6,46.5,67.2,64.6,64.4,66.1,64.4,67.4,68.7,68.8,58.1,58,58.6,40.4,40,58.1,40,40,40.1,61.9,45,63.4,40,40,61.5,60.9,40,40,60.9,60.9,60.9,58,58.6,58,59.9,62.2,62.9,64,63.3,60.9,60.9,58.6,63.6,67.5,64.4,56.5,58.7,56.6,58,40,20.6,21.1,21.7,17.1,17.1,17.1,40.4,40,17.1,17.1,40
06/02/2026 16:15:00,58.6,59.8,59.9,39.2,39.2,24.5,24.5,39.2,39.2,57.6,60.7,57.6,61.3,39.4,60.7,55.4,54.2,55.9,24.5,24.5,60.7,60.7,32,24.4,37.7,46.8,67.2,64.6,64.3,65.9,64.2,67.9,68.6,69.4,57.6,57.6,58.2,39.6,39.2,57.6,39.2,39.2,39.3,61.9,44.3,63.4,39.2,39.2,61.3,60.7,39.2,39.2,60.7,60.7,60.7,57.6,58.2,57.6,61.5,64.1,63.3,63.6,63.7,60.7,60.7,58.2,63.8,65.9,61.8,56.9,58.5,56.9,57.6,39.2,20.7,25.2,21.8,17,17,17,39.6,39.2,17,17,39.2
06/02/2026 16:20:00,58.7,59.8,60.1,38.6,38.6,24.8,24.8,38.6,38.6,57.3,60.8,57.2,61.3,38.8,60.8,52.6,51.5,52.7,24.8,24.8,60.7,60.7,36,28.6,40.6,49,67.1,64.6,64.3,65.9,64.3,69.4,70.5,70.9,57.3,57.2,57.8,39,38.6,57.3,38.6,38.6,38.7,61.9,43.7,63.4,38.6,38.6,61.3,60.7,38.6,38.6,60.8,60.8,60.7,57.2,57.8,57.2,61.7,63.7,62.3,63.7,63.6,60.7,60.7,57.8,64.2,66.5,61.8,56.3,55.7,56.3,57.2,38.6,20,22.4,21.1,16.6,16.6,16.6,39,38.6,16.6,16.6,38.6
06/02/2026 16:25:00,58.8,59.6,60.1,38.6,38.6,24.6,24.6,38.6,38.6,57.2,60.8,57.1,61.3,38.8,60.8,52.2,50.5,52.1,24.6,24.6,60.7,60.7,41.1,35.6,46.2,52,67.1,64.4,64.2,65.9,64.2,69,70,70.4,57.2,57.1,57.7,39,38.6,57.2,38.6,38.6,38.7,61.9,43.8,63.4,38.6,38.6,61.3,60.7,38.6,38.6,60.8,60.8,60.7,57.1,57.7,57.1,62.1,64.1,68.1,66.4,65.6,60.7,60.7,57.7,62.8,66.5,61.2,56.5,57,56.5,57.1,38.6,20.6,24.5,21.7,16.2,16.2,16.2,39,38.6,16.2,16.2,38.6
06/02/2026 16:30:00,59,59.3,60.4,37.8,37.8,24.6,24.6,37.8,37.8,57.2,60.7,57.1,61.3,38,60.7,52.5,50.9,52.6,24.6,24.6,60.7,60.7,34,27.5,40.7,49,67.1,64.5,64.2,66,64.2,70,71.6,71.6,57.2,57.1,57.7,38.2,37.8,57.2,37.8,37.8,37.9,61.9,43.1,63.4,37.8,37.8,61.3,60.7,37.8,37.8,60.7,60.7,60.7,57.1,57.7,57.1,61.2,63.5,66,65.5,65.5,60.7,60.7,57.7,63.3,65.6,60.8,59.3,57.8,59.3,57.1,37.8,21.3,28.4,22.4,16,16,16,38.2,37.8,16,16,37.8
06/02/2026 16:35:00,59.5,60,60.8,37.7,37.7,24.7,24.7,37.7,37.7,57.1,60.8,57,61.4,37.9,60.8,51.6,49.9,51.6,24.7,24.7,60.8,60.8,33,26.3,40.3,49,67,64.5,64.2,66,64.2,69.8,72.2,71.4,57.1,57,57.6,38.1,37.7,57.1,37.7,37.7,37.8,61.9,43,63.4,37.7,37.7,61.4,60.8,37.7,37.7,60.8,60.8,60.8,57,57.6,57,62.7,65.4,70.4,68.8,67.4,60.8,60.8,57.6,64.9,67.7,62.6,55.8,56.1,55.9,57,37.7,20.7,26.1,21.7,16.1,16.1,16.1,38.1,37.7,16.1,16.1,37.7
06/02/2026 16:40:00,59.5,61,60.9,37.5,37.5,24.8,24.8,37.5,37.5,57,60.7,56.9,61.2,37.7,60.7,52.1,51,52,24.8,24.8,60.6,60.6,31.7,25.5,39.6,48.7,66.7,64.4,64.2,65.9,64.2,69.5,70.7,71,57,56.9,57.5,37.9,37.5,57,37.5,37.5,37.6,61.9,42.8,63.4,37.5,37.5,61.2,60.6,37.5,37.5,60.7,60.7,60.6,56.9,57.5,56.9,62.8,65.2,69.5,67.9,67.4,60.6,60.6,57.5,65,67,62.9,58,58,58,56.9,37.5,20.2,24.1,21.3,15.8,15.8,15.8,37.9,37.5,15.8,15.8,37.5
06/02/2026 16:45:00,59.3,60,60.6,36.7,36.7,24.3,24.3,36.7,36.7,56.7,60.6,56.6,61.2,36.9,60.6,50.2,49.9,50.2,24.3,24.3,60.6,60.6,32.6,26.7,42.1,50.9,67.2,64.6,64.2,65.9,64.2,68.1,69.3,69.5,56.7,56.6,57.2,37.1,36.7,56.7,36.7,36.7,36.8,61.9,42,63.4,36.7,36.7,61.2,60.6,36.7,36.7,60.6,60.6,60.6,56.6,57.2,56.6,61.1,63.3,68.9,67.4,66.9,60.6,60.6,57.2,63.8,67.2,61.7,56.5,58.2,56.6,56.6,36.7,19.6,22.2,20.7,15.7,15.7,15.7,37.1,36.7,15.7,15.7,36.7
06/02/2026 16:50:00,59,58.5,60.3,36.8,36.8,24.3,24.3,36.8,36.8,56.5,60.7,56.4,61.2,37,60.7,53,51.7,53.1,24.3,24.3,60.6,60.6,31.6,25.4,39.9,48.6,67.1,64.6,64.1,65.9,64.1,62.2,62.3,63.2,56.5,56.4,57,37.2,36.8,56.5,36.8,36.8,36.9,61.9,42.3,63.4,36.8,36.8,61.2,60.6,36.8,36.8,60.7,60.7,60.6,56.4,57,56.4,59.2,61.1,68.3,66.9,67.1,60.6,60.6,57,62.7,65.9,61.6,56.5,59,56.6,56.4,36.8,19.6,23.1,20.6,15.5,15.5,15.5,37.2,36.8,15.5,15.5,36.8
06/02/2026 16:55:00,58,58.6,59.3,36.3,36.3,24.9,24.9,36.3,36.3,56.7,60.8,56.6,61.3,36.5,60.8,53.8,52.4,53.9,24.9,24.9,60.7,60.7,31.8,25.9,40.9,48.9,67.3,64.7,64.1,65.9,64.1,68.7,68.2,70.2,56.7,56.6,57.2,36.7,36.3,56.7,36.3,36.3,36.4,61.9,41.8,63.4,36.3,36.3,61.3,60.7,36.3,36.3,60.8,60.8,60.7,56.6,57.2,56.6,56.4,57.7,67.1,65.9,65.9,60.7,60.7,57.2,62.7,65.4,61.4,56.1,58.1,56.1,56.6,36.3,19.7,28.6,20.7,15.4,15.4,15.4,36.7,36.3,15.4,15.4,36.3
06/02/2026 17:00:00,58.2,57.6,59.5,36.5,36.5,25.1,25.1,36.5,36.5,56.7,60.8,56.7,61.4,36.7,60.8,56.5,55.6,56.9,25.1,25.1,60.8,60.8,33.2,26.8,39.3,48.5,67.3,64.6,64.2,65.9,64.2,65.6,67.6,66.8,56.7,56.7,57.3,36.9,36.5,56.7,36.5,36.5,36.6,61.9,42,63.4,36.5,36.5,61.4,60.8,36.5,36.5,60.8,60.8,60.8,56.7,57.3,56.7,58.4,60.6,64.7,64.9,64.7,60.8,60.8,57.3,62.2,66.2,63.5,54.1,56.7,54.3,56.7,36.5,19.3,27.3,20.3,15.2,15.2,15.2,36.9,36.5,15.2,15.2,36.5
06/02/2026 17:05:00,57.8,58.2,59.1,36.1,36.1,25.5,25.5,36.1,36.1,56.8,60.9,56.7,61.5,36.3,60.9,55.8,54.6,56.1,25.5,25.5,60.9,60.9,33.5,27,40.2,48,67,64.6,64.1,65.9,64.1,65.7,67.2,67,56.8,56.7,57.3,36.5,36.1,56.8,36.1,36.1,36.2,61.9,41.6,63.4,36.1,36.1,61.5,60.9,36.1,36.1,60.9,60.9,60.9,56.7,57.3,56.7,60.8,63.1,65.2,65.6,64.8,60.9,60.9,57.3,57.6,63.7,60.4,53.7,55.6,53.9,56.7,36.1,19.1,22.9,20.1,15.2,15.2,15.2,36.5,36.1,15.2,15.2,36.1
06/02/2026 17:10:00,58.2,58,59.5,35.6,35.6,25.1,25.1,35.6,35.6,56.2,60.8,56.1,61.4,35.8,60.8,55.6,54,56,25.1,25.1,60.8,60.8,33.7,27.5,39.2,48.1,66.8,64.4,64.1,65.8,64.1,65.4,67.1,66.6,56.2,56.1,56.7,36,35.6,56.2,35.6,35.6,35.7,61.9,41,63.4,35.6,35.6,61.4,60.8,35.6,35.6,60.8,60.8,60.8,56.1,56.7,56.1,62.2,64.4,64.2,64.3,64.1,60.8,60.8,56.7,56.8,63.7,59.9,54,55,54.2,56.1,35.6,19.5,25.4,20.5,15.1,15.1,15.1,36,35.6,15.1,15.1,35.6
06/02/2026 17:15:00,58.4,58.3,59.7,35.5,35.5,25.5,25.5,35.5,35.5,54.7,60.6,54.7,61.1,35.7,60.6,54.9,54.6,55.3,25.5,25.5,60.5,60.5,31,24.3,37.8,46.6,66.9,64.3,64.1,65.9,64.1,65.5,66.9,66.7,54.7,54.7,55.3,35.9,35.5,54.7,35.5,35.5,35.6,61.9,40.9,63.4,35.5,35.5,61.1,60.5,35.5,35.5,60.6,60.6,60.5,54.7,55.3,54.7,62,64.4,64.9,64.8,64.7,60.5,60.5,55.3,56.3,63.6,59.9,46.5,46.4,46.9,54.7,35.5,19.9,25,20.9,15.1,15.1,15.1,35.9,35.5,15.1,15.1,35.5
06/02/2026 17:20:00,58.9,58.5,60.2,34.6,34.6,24.8,24.8,34.6,34.6,53.7,60.4,53.6,61,34.8,60.4,55.6,55.4,56,24.8,24.8,60.4,60.4,31.5,25.3,38.7,47.9,66.8,64.4,64.2,65.9,64.2,64.6,65.8,65.7,53.7,53.6,54.1,35,34.6,53.7,34.6,34.6,34.7,61.9,40.3,63.4,34.6,34.6,61,60.4,34.6,34.6,60.4,60.4,60.4,53.6,54.1,53.6,62.1,64.2,65,64.6,64.7,60.4,60.4,54.1,61.4,65.7,62.7,43.9,41.8,44,53.6,34.6,19.5,22.5,20.4,14.9,14.9,14.9,35,34.6,14.9,14.9,34.6
06/02/2026 17:25:00,59.3,59.1,60.7,33.5,33.5,24.7,24.7,33.5,33.5,52.6,60.3,52.6,60.8,33.7,60.3,53,51.2,53.3,24.7,24.7,60.2,60.2,31.5,25.6,39.9,48.7,67.1,64.6,64.1,65.8,64,67.8,70.1,69.2,52.6,52.6,53.1,33.8,33.5,52.6,33.5,33.5,33.6,61.9,39.1,63.4,33.5,33.5,60.8,60.2,33.5,33.5,60.3,60.3,60.2,52.6,53.1,52.6,63,64.9,65,65.3,64.7,60.2,60.2,53.1,61.1,65.9,62.8,48.4,46.6,48.5,52.6,33.5,20,25.2,20.9,14.9,14.9,14.9,33.8,33.5,14.9,14.9,33.5
06/02/2026 17:30:00,58.8,58.6,60.1,33.3,33.3,25,25,33.3,33.3,52.3,60.2,52.3,60.7,33.5,60.2,52.8,51,53.1,25,25,60.1,60.1,32.2,25.3,39.5,47.1,67,64.5,64.3,65.9,64.3,70.2,72.3,71.7,52.3,52.3,52.8,33.6,33.3,52.3,33.3,33.3,33.4,61.9,39,63.4,33.3,33.3,60.7,60.1,33.3,33.3,60.2,60.2,60.1,52.3,52.8,52.3,63.6,66.2,64.9,66.3,65.1,60.1,60.1,52.8,64.4,67.1,64.9,54.4,52.5,54.4,52.3,33.3,20.4,27,21.4,14.7,14.7,14.7,33.6,33.3,14.7,14.7,33.3
06/02/2026 17:35:00,58.5,58,59.8,33,33,25.6,25.6,33,33,52.5,60.3,52.5,60.9,33.2,60.3,50.1,47.8,50.3,25.6,25.6,60.3,60.3,33.7,27,39.2,46.6,66.8,64.3,64.3,66,64.2,70.2,71.8,71.7,52.5,52.5,53,33.3,33,52.5,33,33,33.1,61.9,38.8,63.4,33,33,60.9,60.3,33,33,60.3,60.3,60.3,52.5,53,52.5,62.6,65.1,68,67.6,65.9,60.3,60.3,53,66,67.1,65.2,55.5,56.1,55.5,52.5,33,20.1,25,21.1,14.5,14.5,14.5,33.3,33,14.5,14.5,33
06/02/2026 17:40:00,58.4,58.2,59.7,33.4,33.4,26.3,26.3,33.4,33.4,52.8,60.6,52.8,61.1,33.6,60.6,48.8,46.4,48.9,26.3,26.3,60.5,60.5,32.4,24.9,37.9,46.6,66.9,64.4,64.1,65.9,64.1,69.4,70.9,70.8,52.8,52.8,53.3,33.7,33.4,52.8,33.4,33.4,33.5,61.9,39.1,63.4,33.4,33.4,61.1,60.5,33.4,33.4,60.6,60.6,60.5,52.8,53.3,52.8,64,66.1,66.8,66.8,66.3,60.5,60.5,53.3,63.5,67.2,64.3,55.8,56.9,55.8,52.8,33.4,20.5,24.1,21.6,14.4,14.4,14.4,33.7,33.4,14.4,14.4,33.4
06/02/2026 17:45:00,58.3,58.6,59.6,34.1,34.1,26.8,26.8,34.1,34.1,53.1,60.7,53.1,61.2,34.3,60.7,50.9,49,51.1,26.8,26.8,60.6,60.6,32.5,24.7,37.8,46.1,67.1,64.5,64.2,66,64.2,69.6,72.2,71.1,53.1,53.1,53.6,34.4,34.1,53.1,34.1,34.1,34.2,61.9,39.8,63.4,34.1,34.1,61.2,60.6,34.1,34.1,60.7,60.7,60.6,53.1,53.6,53.1,64.7,66.3,67.3,66.7,66.4,60.6,60.6,53.6,61.8,66.3,63.1,53.9,55.8,53.9,53.1,34.1,20.2,23.7,21.3,14.6,14.6,14.6,34.4,34.1,14.6,14.6,34.1
06/02/2026 17:50:00,58,58.5,59.3,34.4,34.4,27.2,27.2,34.4,34.4,53.7,60.7,53.7,61.3,34.6,60.7,52.5,51.5,52.4,27.2,27.2,60.7,60.7,29.8,21.8,37.3,45.2,67.2,64.7,64.2,66,64.1,69.9,72.5,71.3,53.7,53.7,54.3,34.8,34.4,53.7,34.4,34.4,34.5,61.9,40.1,63.4,34.4,34.4,61.3,60.7,34.4,34.4,60.7,60.7,60.7,53.7,54.3,53.7,63.4,65.1,65.8,65.6,65.5,60.7,60.7,54.3,63.6,66.3,62.2,58,58,58,53.7,34.4,19.7,24.5,20.8,14.3,14.3,14.3,34.8,34.4,14.3,14.3,34.4
06/02/2026 17:55:00,58.7,60.1,60,35.4,35.4,28.2,28.2,35.4,35.4,55.3,61,55.2,61.6,35.6,61,56.7,55.6,57.2,28.2,28.2,61,61,31,23.1,37.8,45.5,67.1,64.6,64.2,65.9,64.1,68.2,71.1,69.5,55.3,55.2,55.8,35.8,35.4,55.3,35.4,35.4,35.5,61.9,41,63.4,35.4,35.4,61.6,61,35.4,35.4,61,61,61,55.2,55.8,55.2,63.5,65.6,68.9,68.1,66.3,61,61,55.8,66.8,68,65.4,57.1,58.6,57.2,55.2,35.4,19.2,23.7,20.3,14.3,14.3,14.3,35.8,35.4,14.3,14.3,35.4
06/02/2026 18:00:00,58.4,60.2,59.7,36.1,36.1,29,29,36.1,36.1,56.2,61.4,56.2,62.1,36.3,61.4,58.6,57.9,59.3,29,29,61.4,61.4,31,23.9,37.5,46.9,67.1,64.6,64.2,65.9,64.2,65.1,68,66.3,56.2,56.2,56.8,36.5,36.1,56.2,36.1,36.1,36.2,61.9,41.6,63.4,36.1,36.1,62.1,61.4,36.1,36.1,61.4,61.4,61.4,56.2,56.8,56.2,64.7,66.5,66.1,66.3,65.7,61.4,61.4,56.8,64.5,67.1,62.8,58,59,58,56.2,36.1,19.5,20.6,20.7,14.6,14.6,14.6,36.5,36.1,14.6,14.6,36.1
06/02/2026 18:05:00,59.1,61.3,60.5,37.1,37.1,29.8,29.8,37.1,37.1,57.3,61.8,57.3,62.4,37.3,61.8,56.8,55.9,57.3,29.8,29.8,61.7,61.7,32.4,26.3,38.6,48.2,66.8,64.4,64.1,65.9,64.1,65.4,69.8,66.6,57.3,57.3,57.9,37.5,37.1,57.3,37.1,37.1,37.2,61.9,42.5,63.4,37.1,37.1,62.4,61.7,37.1,37.1,61.8,61.8,61.7,57.3,57.9,57.3,64.4,66.5,65.7,66.5,65.9,61.7,61.7,57.9,60.1,66.4,62.4,57,59.2,57,57.3,37.1,20.3,22.1,21.4,14.7,14.7,14.7,37.5,37.1,14.7,14.7,37.1
06/02/2026 18:10:00,58.4,61.1,59.7,37.8,37.8,30.3,30.3,37.8,37.8,58.2,62,58.2,62.7,38,62,57.6,57.3,58.1,30.3,30.3,62,62,35,29.1,40.7,48.4,66.8,64.4,64.1,65.8,64.1,66.9,70.6,68.2,58.2,58.2,58.8,38.2,37.8,58.2,37.8,37.8,37.9,61.9,43.1,63.4,37.8,37.8,62.7,62,37.8,37.8,62,62,62,58.2,58.8,58.2,66.2,68.1,66.1,66.8,66,62,62,58.8,64.5,67.3,63.8,57.8,58.8,57.9,58.2,37.8,19.9,19.9,21,15.1,15.1,15.1,38.2,37.8,15.1,15.1,37.8
06/02/2026 18:15:00,58.9,61.1,60.3,38,38,31.3,31.3,38,38,58.8,62.2,58.8,62.9,38.2,62.2,56.9,56.4,57.3,31.3,31.3,62.2,62.2,34.1,28.3,41.6,49.6,67.2,64.6,64.1,65.8,64.1,67,70.1,68.3,58.8,58.8,59.4,38.4,38,58.8,38,38,38.1,61.9,43.3,63.4,38,38,62.9,62.2,38,38,62.2,62.2,62.2,58.8,59.4,58.8,66.1,67.4,65.5,65.6,65.4,62.2,62.2,59.4,61.7,67.3,63.2,55.4,58.6,55.6,58.8,38,20.8,22.4,21.8,15.5,15.5,15.5,38.4,38,15.5,15.5,38
06/02/2026 18:20:00,58.5,61.5,59.9,38.9,38.9,31.3,31.3,38.9,38.9,59.6,62.4,59.5,63.1,39.1,62.4,57,56.5,57.4,31.3,31.3,62.4,62.4,33.9,28.3,42.2,50.7,67,64.5,64.1,65.9,64.1,67.5,70,68.8,59.6,59.5,60.1,39.3,38.9,59.6,38.9,38.9,39,61.9,44,63.4,38.9,38.9,63.1,62.4,38.9,38.9,62.4,62.4,62.4,59.5,60.1,59.5,63.9,66.1,65.3,65.3,65.1,62.4,62.4,60.1,65.3,68.3,65.5,56,58.9,56,59.5,38.9,21.2,21.2,22.2,15.7,15.7,15.7,39.3,38.9,15.7,15.7,38.9
06/02/2026 18:25:00,58,60.9,59.3,38.8,38.8,32.2,32.2,38.8,38.8,60.1,62.6,60.1,63.3,39,62.6,57.3,57.5,57.8,32.2,32.2,62.6,62.6,34.2,28.1,40.5,49.7,67,64.6,64.1,65.7,64.1,65.9,68.4,67.2,60.1,60.1,60.7,39.2,38.8,60.1,38.8,38.8,38.9,61.9,44,63.4,38.8,38.8,63.3,62.6,38.8,38.8,62.6,62.6,62.6,60.1,60.7,60.1,64.1,65.8,65.5,66.5,65.3,62.6,62.6,60.7,61.5,66.8,63,57.5,60,57.5,60.1,38.8,21.2,21.7,22.1,16.3,16.3,16.3,39.2,38.8,16.3,16.3,38.8
06/02/2026 18:30:00,57.6,61.5,58.9,40.5,40.5,33.1,33.1,40.5,40.5,61,62.8,60.9,63.5,40.7,62.8,58.4,58.3,58.9,33.1,33.1,62.8,62.8,34.8,28.9,42.3,50.4,66.8,64.4,64.1,65.8,64.1,67.4,69.3,68.7,61,60.9,61.5,40.9,40.5,61,40.5,40.5,40.6,61.9,45.4,63.4,40.5,40.5,63.5,62.8,40.5,40.5,62.8,62.8,62.8,60.9,61.5,60.9,63.6,65.7,67.7,66.8,66.7,62.8,62.8,61.5,61.8,66.5,63.2,57.2,58.4,57.2,60.9,40.5,21.8,25.4,22.7,16.4,16.4,16.4,40.9,40.5,16.4,16.4,40.5
06/02/2026 18:35:00,57.7,62.1,59,41.6,41.6,34.4,34.4,41.6,41.6,61.5,63.2,61.5,63.8,41.8,63.2,59.6,60.3,60.1,34.4,34.4,63.1,63.1,41.6,37.9,48.8,54.6,67,64.5,64.1,65.8,64.1,69.4,71.5,70.9,61.5,61.5,62.1,42,41.6,61.5,41.6,41.6,41.7,61.9,46.4,63.4,41.6,41.6,63.8,63.1,41.6,41.6,63.2,63.2,63.1,61.5,62.1,61.5,63.3,65.4,65.9,65.7,65.9,63.1,63.1,62.1,64,66.3,62.5,56.8,57.2,56.8,61.5,41.6,22.7,24.3,23.7,17,17,17,42,41.6,17,17,41.6
06/02/2026 18:40:00,57.3,62,58.6,42.7,42.7,35.4,35.4,42.7,42.7,62.1,63.2,62,63.7,42.9,63.2,58.8,58.8,59.4,35.4,35.4,63.1,63.1,50.4,48.7,54.5,58.2,66.7,64.3,64.2,65.9,64.2,66.5,68.6,67.8,62.1,62,62.6,43.1,42.7,62.1,42.7,42.7,42.8,61.9,47.4,63.4,42.7,42.7,63.7,63.1,42.7,42.7,63.2,63.2,63.1,62,62.6,62,63,64.9,65.9,65.6,65.5,63.1,63.1,62.6,63.9,66.4,62.9,56.2,59.3,56.3,62,42.7,24.5,23.9,25.6,17.4,17.4,17.4,43.1,42.7,17.4,17.4,42.7
06/02/2026 18:45:00,57.1,61.5,58.4,43.6,43.6,37.4,37.4,43.6,43.6,62.8,63.4,62.7,63.9,43.9,63.4,59.8,61,60.4,37.4,37.4,63.3,63.3,55.8,55.9,58.1,59.7,67,64.5,64.2,66,64.2,65.7,67.4,66.9,62.8,62.7,63.3,44,43.6,62.8,43.6,43.6,43.7,61.9,48.2,63.4,43.6,43.6,63.9,63.3,43.6,43.6,63.4,63.4,63.3,62.7,63.3,62.7,64.2,65.8,66.5,66.3,66,63.3,63.3,63.3,61,65.2,61.4,55,57.5,55.2,62.7,43.6,24.6,24.3,25.6,18.2,18.2,18.2,44,43.6,18.2,18.2,43.6
06/02/2026 18:50:00,58.2,63.4,59.5,45.4,45.4,39.3,39.3,45.4,45.4,63.3,63.6,63.2,64.2,45.7,63.6,60.4,61.1,61.1,39.3,39.3,63.6,63.6,57.5,58.7,60.7,61.6,67,64.6,64.2,65.9,64.2,64.1,67.3,65.2,63.3,63.2,63.9,45.9,45.4,63.3,45.4,45.4,45.5,61.9,49.8,63.4,45.4,45.4,64.2,63.6,45.4,45.4,63.6,63.6,63.6,63.2,63.9,63.2,63.7,65.2,66.8,65.2,66.2,63.6,63.6,63.9,60.6,65,61.8,55.8,58.3,56,63.2,45.4,29.3,33.1,30.2,19.4,19.4,19.4,45.9,45.4,19.4,19.4,45.4
06/02/2026 18:55:00,58.5,63.6,59.8,47.5,47.5,41.5,41.5,47.5,47.5,63.8,63.9,63.7,64.5,47.8,63.9,62.5,62.7,63.4,41.5,41.5,63.8,63.8,58.2,60.3,62.5,63,67,64.4,64.2,66,64.2,63.3,67.2,64.3,63.8,63.7,64.4,48,47.5,63.8,47.5,47.5,47.6,62.4,52,64,47.5,47.5,64.5,63.8,47.5,47.5,63.9,63.9,63.8,63.7,64.4,63.7,64.1,66.1,65.7,65,65.5,63.8,63.8,64.4,61.4,65.5,62.9,58.5,59.7,58.6,63.7,47.5,36.6,41,37.3,19.8,19.8,19.8,48,47.5,19.8,19.8,47.5
06/02/2026 19:00:00,60.6,67.7,62.1,49.7,49.7,43.6,43.6,49.7,49.7,64.2,64.1,64.1,64.6,50,64.1,63.6,63.9,64.7,43.6,43.6,64,64,60,61.7,63,62.9,66.9,64.4,64.2,65.9,64.2,64.7,68.8,65.9,64.2,64.1,64.8,50.2,49.7,64.2,49.7,49.7,49.8,62.2,54.9,63.7,49.7,49.7,64.6,64,49.7,49.7,64.1,64.1,64,64.1,64.8,64.1,64.2,66.3,64.7,64.8,64.6,64,64,64.8,61.9,65.6,61.4,58.2,57.4,58.3,64.1,49.7,47.2,50.6,47.7,21,21,21,50.2,49.7,21,21,49.7
06/02/2026 19:05:00,61.1,68.7,62.6,51.7,51.7,46.1,46.1,51.7,51.7,64.7,64.2,64.6,64.9,52,64.2,60.8,61.1,61.5,46.1,46.1,64.2,64.2,60.6,63.5,65,63.9,66.9,64.4,64.2,66.1,64.2,65.2,68.9,66.4,64.7,64.6,65.3,52.2,51.7,64.7,51.7,51.7,51.8,58.3,56.3,59.8,51.7,51.7,64.9,64.2,51.7,51.7,64.2,64.2,64.2,64.6,65.3,64.6,65.5,67.6,65,65.3,64.7,64.2,64.2,65.3,59.2,65.4,61.7,58.3,58.5,58.3,64.6,51.7,52.5,55.8,52.5,22.6,22.6,22.6,52.2,51.7,22.6,22.6,51.7
06/02/2026 19:10:00,61.6,69.6,63.1,54.5,54.5,47.7,47.7,54.5,54.5,64.8,64.2,64.7,64.9,54.8,64.2,60.8,61.1,61.5,47.7,47.7,64.2,64.2,60.6,62.9,63.7,63.5,67,64.5,64.1,66.1,64.2,66.9,71.6,68.2,64.8,64.7,65.4,55.1,54.5,64.8,54.5,54.5,54.6,58.3,58.1,59.8,54.5,54.5,64.9,64.2,54.5,54.5,64.2,64.2,64.2,64.7,65.4,64.7,66.1,67.9,64.6,65.6,65.3,64.2,64.2,65.4,58.1,65.1,61.2,58.2,58.5,58.2,64.7,54.5,54,58.5,54.3,24,24,24,55.1,54.5,24,24,54.5
06/02/2026 19:15:00,61.8,71.7,63.3,55.8,55.8,49.2,49.2,55.8,55.8,65.1,64.5,65,65.1,56.1,64.5,61,61.8,61.7,49.2,49.2,64.4,64.4,61.1,64.2,65.4,64.4,67,64.5,64.1,65.9,64,67,69.4,68.2,65.1,65,65.7,56.4,55.8,65.1,55.8,55.8,55.9,57.2,58.3,58.6,55.8,55.8,65.1,64.4,55.8,55.8,64.5,64.5,64.4,65,65.7,65,66.6,67.9,66.1,65.5,65.9,64.4,64.4,65.7,59.8,66.3,62.2,61,62.6,61,65,55.8,55.8,56.3,56,25.2,25.2,25.2,56.4,55.8,25.2,25.2,55.8
06/02/2026 19:20:00,61.7,70.3,63.3,57.5,57.5,51.1,51.1,57.5,57.5,65.3,64.5,65.2,65.2,57.7,64.5,59.9,61.6,60.5,51.1,51.1,64.5,64.5,61.5,65.1,66.2,64.3,66.9,64.6,64.1,66,64.1,66.6,69.1,67.9,65.3,65.2,65.9,58,57.5,65.3,57.4,57.5,57.5,57.8,59.6,59.3,57.5,57.5,65.2,64.5,57.5,57.5,64.5,64.5,64.5,65.2,65.9,65.2,66.5,68,66.3,66.3,66.4,64.5,64.5,65.9,66,69.4,64.2,60.9,65.5,60.9,65.2,57.4,56,58.7,56.3,26.7,26.7,26.7,58,57.5,26.7,26.7,57.5
06/02/2026 19:25:00,62.4,71.8,64,59,59,52.5,52.5,59,59,65.5,64.7,65.4,65.2,59.2,64.7,61.7,62.9,62.5,52.5,52.5,64.6,64.6,61.8,65.4,66.5,64.6,67.1,64.6,64.1,66,64.2,66.6,69.9,67.9,65.5,65.4,66.1,59.5,59,65.5,58.9,59,59,58.9,61.1,60.4,59,59,65.2,64.6,59,59,64.7,64.7,64.6,65.4,66.1,65.4,67.2,69.2,67.5,68.1,66.8,64.6,64.6,66.1,65,69,64.2,62.2,66.9,62.2,65.4,58.9,58.3,62.4,58.4,29.3,29.3,29.3,59.5,59,29.3,29.3,59
06/02/2026 19:30:00,62,71.2,63.5,60.1,60.1,54.4,54.4,60.1,60.1,65.7,64.8,65.6,65.4,60.4,64.8,60.7,62.8,61.4,54.4,54.4,64.7,64.7,62.2,66.1,69.4,64.4,67,64.5,64.2,66.1,64.1,67,70.3,68.3,65.7,65.6,66.3,60.6,60.1,65.7,60,60.1,60.1,59.8,62.2,61.3,60.1,60.1,65.4,64.7,60.1,60.1,64.8,64.8,64.7,65.6,66.3,65.6,67,68.5,66.8,67.3,66.2,64.7,64.7,66.3,64.3,69.9,65.2,64.2,69.4,64.1,65.6,60,60.5,63.8,60.5,31.5,31.5,31.5,60.6,60.1,31.5,31.5,60.1
06/02/2026 19:35:00,62.4,71,64,61.2,61.2,55.6,55.6,61.2,61.2,65.8,64.8,65.7,65.4,61.5,64.8,61.3,62,62.2,55.6,55.6,64.7,64.7,62.5,64.4,65.1,64.5,67,64.5,64.2,66.1,64.2,67.5,72.4,68.9,65.8,65.7,66.4,61.7,61.2,65.8,61.1,61.2,61.3,58.1,62.2,59.5,61.2,61.2,65.4,64.7,61.2,61.2,64.8,64.8,64.7,65.7,66.4,65.7,66.8,68.6,67.1,67.1,66.6,64.7,64.7,66.4,64.8,69.8,64.9,64.7,70.8,64.6,65.7,61.1,58.5,63.3,58.5,33.7,33.7,33.7,61.7,61.2,33.7,33.7,61.2
06/02/2026 19:40:00,61.9,70.8,63.5,61.9,61.9,57.5,57.5,61.9,61.9,65.8,64.8,65.7,65.4,62.2,64.8,60.8,61.9,61.4,57.5,57.5,64.7,64.7,63.2,65.8,66.7,64.6,67.2,64.6,64.2,66,64.2,66.9,70.2,68.2,65.8,65.7,66.4,62.4,61.9,65.8,61.8,61.9,61.9,56.9,62.1,58.4,61.9,61.9,65.4,64.7,61.9,61.9,64.8,64.8,64.7,65.7,66.4,65.7,67.8,70.1,68.6,69.6,68.2,64.7,64.7,66.4,64,69.2,63.7,64.6,70.6,64.5,65.7,61.8,58,62.8,58.2,36.9,36.9,36.9,62.4,61.9,36.9,36.9,61.9
06/02/2026 19:45:00,61.6,70.3,63.2,62.6,62.6,59.1,59.1,62.6,62.6,65.8,64.9,65.7,65.4,62.9,64.9,59.2,60.2,59.7,59.1,59.1,64.8,64.8,63.4,65.4,66.5,64.5,67,64.6,64.2,66.2,64.2,64.7,70.9,65.8,65.8,65.7,66.4,63.1,62.6,65.8,62.5,62.6,62.6,57.3,62.6,58.7,62.6,62.6,65.4,64.8,62.6,62.6,64.9,64.9,64.8,65.7,66.4,65.7,67.9,69.9,68.1,68,67.2,64.8,64.8,66.4,62.8,68.8,64.3,65.7,71.1,65.6,65.7,62.5,57.2,62.2,57.2,40.5,40.5,40.5,63.1,62.6,40.5,40.5,62.6
06/02/2026 19:50:00,61.7,69.2,63.2,63.2,63.2,60.1,60.1,63.2,63.2,65.9,64.8,65.8,65.5,63.5,64.8,58.4,59.4,59.1,60.1,60.1,64.8,64.8,62.8,65.5,66.7,64.7,67.1,64.7,64.3,66.3,64.3,66.2,71,67.5,65.9,65.8,66.5,63.7,63.2,65.9,63.1,63.2,63.3,57.9,63.2,59.4,63.2,63.2,65.5,64.8,63.2,63.2,64.8,64.8,64.8,65.8,66.5,65.8,67.8,69.7,68.5,69,67.5,64.8,64.8,66.5,64,67.6,64.4,65.1,69.6,65,65.8,63.1,57.5,62.7,57.7,44.9,44.9,44.9,63.7,63.2,44.9,44.9,63.2
06/02/2026 19:55:00,61.8,70.9,63.4,64,64,61.4,61.4,64,64,66,64.8,65.9,65.5,64.2,64.8,59.6,59.6,60.4,61.4,61.4,64.8,64.8,63.1,66.3,67.6,64.7,67.3,64.7,64.2,66.2,64.2,66.5,72.3,67.7,66,65.9,66.6,64.6,64,66,63.9,64,64.1,57.3,63.1,58.8,64,64,65.5,64.8,64,64,64.8,64.8,64.8,65.9,66.6,65.9,67.3,69.3,64.2,65.7,65.9,64.8,64.8,66.6,64.6,68.9,65.4,64.7,69.9,64.6,65.9,63.9,57.8,63.7,57.8,51,51,51,64.6,64,51,51,64
06/02/2026 20:00:00,61.1,70.2,62.6,64.6,64.6,62.1,62.1,64.6,64.6,66,64.8,65.9,65.4,64.7,64.8,59.5,59.9,60,62.1,62.1,64.8,64.8,63.4,64.8,65.5,64.6,67.4,64.6,64.2,66.1,64.2,65,69.4,66.2,66,65.9,66.6,65.2,64.6,66,64.5,64.6,64.7,59,64.9,60.5,64.6,64.6,65.4,64.8,64.6,64.6,64.8,64.8,64.8,65.9,66.6,65.9,67.8,70.1,67.3,67.3,66.8,64.8,64.8,66.6,64.1,68.4,65.1,65.6,70.9,65.5,65.9,64.5,59.7,63.9,59.7,54.9,54.9,54.9,65.2,64.6,54.9,54.9,64.6
06/02/2026 20:05:00,61.2,70,62.8,64.9,64.9,62.6,62.6,64.9,64.9,66.1,64.9,66,65.5,65,64.9,61.3,61.3,62.1,62.6,62.6,64.8,64.8,63.8,65.1,64.2,64,67.1,64.6,64.1,66.1,64.1,63.7,68,64.7,66.1,66,66.7,65.5,64.9,66.1,64.8,64.9,65,57.8,64,59.3,64.9,64.9,65.5,64.8,64.9,64.9,64.9,64.9,64.8,66,66.7,66,67.6,69.6,66.3,66,65.9,64.8,64.8,66.7,64.4,68.9,65.2,65.7,71,65.6,66,64.8,59.9,64.6,59.9,58.6,58.5,58.5,65.5,64.9,58.6,58.6,64.9
06/02/2026 20:10:00,61.4,69.4,63,65,65,63.2,63.2,65,65,66.1,65,66,65.6,65.2,65,60.5,60.4,61.1,63.2,63.2,64.9,64.9,63.1,64.3,64,64.2,67.2,64.5,64.1,66.1,64.1,65.5,70.3,66.7,66.1,66,66.7,65.6,65,66.1,64.9,65,65.1,59.4,64.9,60.9,65,65,65.6,64.9,65,65,65,65,64.9,66,66.7,66,67.6,69.8,67.3,67.5,66.7,64.9,64.9,66.7,63.9,69.7,65,65.7,71.3,65.6,66,64.9,60.2,64.3,60.1,60.9,60.8,60.8,65.6,65,60.9,60.9,65
06/02/2026 20:15:00,60.9,67.8,62.4,65.1,65.1,63.5,63.5,65.1,65.1,66.1,65,66,65.5,65.4,65,59.8,60.7,60.4,63.5,63.5,65,65,63.3,64.4,63.3,63.5,67.1,64.6,64.2,66.2,64.2,64.4,67.6,65.5,66.1,66,66.7,65.7,65.1,66.1,65,65.1,65.2,58.6,64.8,60,65.1,65.1,65.5,65,65.1,65.1,65,65,65,66,66.7,66,66.8,68.3,66.6,66.4,65.8,65,65,66.7,62,67.4,63.3,64.9,71.8,64.9,66,65,61.7,66.2,61.7,61.3,61.2,61.2,65.7,65.1,61.3,61.3,65.1
06/02/2026 20:20:00,62.4,69.8,64,65.2,65.2,63.8,63.8,65.2,65.2,66.1,64.9,66,65.6,65.5,64.9,57.3,57.6,57.6,63.8,63.8,64.9,64.9,62.4,63.9,63.4,63.6,67.1,64.5,64.2,66.3,64.2,61.9,65.9,62.9,66.1,66,66.7,65.8,65.2,66.1,65.1,65.2,65.3,57.2,63.9,58.7,65.2,65.2,65.6,64.9,65.2,65.2,64.9,64.9,64.9,66,66.7,66,67.7,69.2,66.7,67.4,66.2,64.9,64.9,66.7,63.4,68.9,64.4,64.5,70.8,64.4,66,65.1,59.8,64.4,59.8,62.5,62.4,62.4,65.8,65.2,62.5,62.5,65.2
06/02/2026 20:25:00,61.8,69.2,63.3,65.3,65.3,63.7,63.7,65.3,65.3,66,64.9,65.9,65.5,65.6,64.9,60.3,60.1,60.9,63.7,63.7,64.8,64.8,62.2,62.7,62.4,63.7,67.2,64.6,64.2,66.3,64.2,63.6,66.7,64.6,66,65.9,66.6,65.9,65.3,66,65.2,65.3,65.4,59.7,65.3,61.2,65.3,65.3,65.5,64.8,65.3,65.3,64.9,64.9,64.8,65.9,66.6,65.9,67.8,69.1,69.2,68.1,68.3,64.8,64.8,66.6,63.1,67.8,62.5,64.5,70,64.5,65.9,65.2,57.1,62.7,57.2,62.9,62.8,62.8,65.9,65.3,62.9,62.9,65.3
06/02/2026 20:30:00,61.9,69.8,63.5,65.3,65.3,64.1,64.1,65.3,65.3,65.9,64.9,65.8,65.4,65.6,64.9,58.1,58.3,58.5,64.1,64.1,64.8,64.8,62.7,63.4,63.2,64.1,66.9,64.4,64.2,66.2,64.2,64,67.1,65,65.9,65.8,66.5,65.9,65.3,65.9,65.2,65.3,65.4,60.6,65.8,62.1,65.3,65.3,65.4,64.8,65.3,65.3,64.9,64.9,64.8,65.8,66.5,65.8,67.4,69,69.7,68.3,68.4,64.8,64.8,66.5,63.4,68,63.9,63.3,68,63.3,65.8,65.2,58,62.2,57.9,62.8,62.7,62.7,65.9,65.3,62.8,62.8,65.3
06/02/2026 20:35:00,60.4,64.8,61.8,65.4,65.4,64,64,65.4,65.4,65.8,64.9,65.7,65.5,65.7,64.9,59.5,59.3,60,64,64,64.8,64.8,62.6,63.5,63.7,64.5,67.2,64.5,64.2,66.3,64.2,65.3,68.8,66.5,65.8,65.7,66.4,66,65.4,65.8,65.3,65.4,65.5,61.1,65.8,62.6,65.4,65.4,65.5,64.8,65.4,65.4,64.9,64.9,64.8,65.7,66.4,65.7,67,68,68.1,66.9,66.9,64.8,64.8,66.4,63.2,67.8,64.5,63.5,67.9,63.4,65.7,65.3,57.1,62.4,57.1,63.3,63.2,63.2,66,65.4,63.3,63.3,65.4
06/02/2026 20:40:00,61.2,66.5,62.7,65,65,64.1,64.1,65,65,65.8,64.8,65.7,65.5,65.7,64.8,58.7,58.6,59.2,64.1,64.1,64.8,64.8,62.3,64.2,64,63.2,67,64.5,64.3,66.4,64.3,66,68.8,67.2,65.8,65.7,66.4,65.6,65,65.8,64.9,65,65.1,60.5,65.1,62,65,65,65.5,64.8,65,65,64.8,64.8,64.8,65.7,66.4,65.7,66.1,67.9,68.2,68.1,67.4,64.8,64.8,66.4,62.1,67.2,63.6,63.3,69.5,63.2,65.7,64.9,58.2,62.9,58.4,63.7,63.6,63.6,65.6,65,63.7,63.7,65
06/02/2026 20:45:00,61.9,67.3,63.5,65.5,65.5,64.6,64.6,65.5,65.5,65.8,64.8,65.7,65.4,65.9,64.8,58.7,59,59.3,64.6,64.6,64.8,64.8,63.6,66.4,67.5,64.5,67.1,64.5,64.3,66.4,64.3,64.7,68.5,65.8,65.8,65.7,66.4,66.1,65.5,65.8,65.4,65.5,65.6,58.8,64.6,60.2,65.5,65.5,65.4,64.8,65.5,65.5,64.8,64.8,64.8,65.7,66.4,65.7,66.5,68.4,64.9,66.3,64.9,64.8,64.8,66.4,61.5,67.3,63.5,63.2,68.2,63.2,65.7,65.4,58.4,63.4,58.4,64,63.9,63.9,66.1,65.5,64,64,65.5
06/02/2026 20:50:00,61.6,67.7,63.2,65.2,65.2,64.9,64.9,65.2,65.2,65.8,64.8,65.7,65.4,66.1,64.8,58.4,58.5,58.8,64.9,64.9,64.8,64.8,62.7,66,67.7,64.4,67,64.4,64.2,66.2,64.2,65.1,67.9,66.2,65.8,65.7,66.4,65.8,65.2,65.8,65.1,65.2,65.3,59.2,65,60.6,65.2,65.2,65.4,64.8,65.2,65.2,64.8,64.8,64.8,65.7,66.4,65.7,67.7,68.8,67.3,67.4,67,64.8,64.8,66.4,60.1,68.1,62.6,64.2,68.6,64.2,65.7,65.1,59.7,63.8,59.7,64.5,64.4,64.4,65.8,65.2,64.5,64.5,65.2
06/02/2026 20:55:00,61.2,66.7,62.7,65.6,65.6,65,65,65.6,65.6,65.8,65,65.7,65.6,66.2,65,60.2,60.4,60.7,65,65,65,65,63,64.4,65.1,64.4,67.1,64.4,64.2,66.2,64.2,65.1,68.6,66.3,65.8,65.7,66.4,66.2,65.6,65.8,65.5,65.6,65.7,59.1,64.7,60.6,65.6,65.6,65.6,65,65.6,65.6,65,65,65,65.7,66.4,65.7,67.8,69.4,68.3,68.1,68,65,65,66.4,62.5,67.9,64.2,63.9,69.4,63.9,65.7,65.5,59.6,62.7,59.6,64.7,64.6,64.6,66.2,65.6,64.7,64.7,65.6
06/02/2026 21:00:00,61.5,67.6,63.1,66.6,66.6,66.3,66.3,66.6,66.6,67.2,65,67.1,65.6,67.9,65,64.7,65.5,65.6,66.3,66.3,64.9,64.9,63.2,65.6,66.4,64.3,66.8,64.3,64.2,66.4,64.2,66.1,69,67.3,67.2,67.1,67.8,67.2,66.6,67.2,66.5,66.6,66.7,60.4,66.2,61.8,66.6,66.6,65.6,64.9,66.6,66.6,65,65,64.9,67.1,67.8,67.1,67.3,68.8,63.9,65.6,64.2,64.9,64.9,67.8,64.5,68.7,64.3,64.2,70.2,64.1,67.1,66.5,59.6,63.6,59.6,67,66.9,66.9,67.2,66.6,67,67,66.6
06/02/2026 21:05:00,60.9,68,62.4,67.8,67.8,67,67,67.8,67.8,67.8,65,67.7,65.7,68.7,65,64.9,66.7,65.9,67,67,65,65,63.7,66.5,66.7,63.9,66.9,64.3,64.3,66.5,64.3,65.9,68,67.1,67.8,67.7,68.4,68.4,67.8,67.8,67.7,67.8,67.9,61,67.4,62.5,67.8,67.8,65.7,65,67.8,67.8,65,65,65,67.7,68.4,67.7,67.5,68.3,67.3,68,67.2,65,65,68.4,66.2,69.5,66.1,65.5,70.5,65.5,67.7,67.7,57.3,62,57.5,67.8,67.7,67.7,68.4,67.8,67.8,67.8,67.8
06/02/2026 21:10:00,60.4,67.3,61.8,68,68,67.3,67.3,68,68,68,65.1,67.9,65.7,69.1,65.1,65.7,67.4,66.8,67.3,67.3,65.1,65.1,63.3,67.1,67.9,64.3,66.7,64.3,64.3,66.4,64.3,66.2,68.4,67.5,68,67.9,68.6,68.6,68,68,67.9,68,68.1,60.5,67.2,62,68,68,65.7,65.1,68,68,65.1,65.1,65.1,67.9,68.6,67.9,67.1,68.4,68.6,67.9,67.8,65.1,65.1,68.6,63.7,68.2,64,64.2,68.7,64.1,67.9,67.9,57.5,63,57.7,68.4,68.3,68.3,68.6,68,68.4,68.4,68
06/02/2026 21:15:00,60.3,67.1,61.7,68.4,68.4,67.6,67.6,68.4,68.4,68.2,65.1,68.1,65.6,69.4,65.1,66.9,69.1,68.2,67.6,67.6,65.1,65.1,63.3,67.4,68.4,64.5,66.8,64.3,64.3,66.2,64.3,66.4,69.2,67.6,68.2,68.1,68.8,69,68.4,68.2,68.3,68.4,68.5,60.4,67.2,61.8,68.4,68.4,65.6,65.1,68.4,68.4,65.1,65.1,65.1,68.1,68.8,68.1,67.4,68.3,67.4,67.1,67.3,65.1,65.1,68.8,61.6,67.2,63.2,64.4,69.3,64.3,68.1,68.3,58.2,62.9,58.4,68.8,68.7,68.7,69,68.4,68.8,68.8,68.4
06/02/2026 21:20:00,60.5,68.1,62,68.3,68.3,67.6,67.6,68.3,68.3,68.3,65.2,68.2,65.8,69.6,65.2,69.8,71.4,71.3,67.6,67.6,65.1,65.1,63.9,67.4,67.7,64.3,66.8,64.4,64.3,66.4,64.3,66.1,69.2,67.3,68.3,68.2,68.9,68.9,68.3,68.3,68.2,68.3,68.4,60.5,67.5,62,68.3,68.3,65.8,65.1,68.3,68.3,65.2,65.2,65.1,68.2,68.9,68.2,67.7,68.6,67.6,67.5,67.1,65.1,65.1,68.9,59.9,66.7,62.4,63.5,68,63.5,68.2,68.2,59.7,63.2,59.9,68.9,68.8,68.8,68.9,68.3,68.9,68.9,68.3
06/02/2026 21:25:00,60.8,68.4,62.4,68.3,68.3,67.7,67.7,68.3,68.3,68.4,65.2,68.3,65.8,69.6,65.2,69.4,68.4,70.8,67.7,67.7,65.1,65.1,63.3,68.7,70.1,65.6,66.8,64.4,64.3,66.4,64.3,65.6,67.7,66.8,68.4,68.3,69,68.9,68.3,68.4,68.2,68.3,68.4,60,67.1,61.5,68.3,68.3,65.8,65.1,68.3,68.3,65.2,65.2,65.1,68.3,69,68.3,66.1,67.5,66.7,67.7,66.9,65.1,65.1,69,63.6,67.8,64.5,64.9,70.1,64.9,68.3,68.2,57.9,63.3,57.9,69.3,69.2,69.2,68.9,68.3,69.3,69.3,68.3
06/02/2026 21:30:00,60.1,67.7,61.6,68.3,68.3,67.9,67.9,68.3,68.3,68.6,65.1,68.5,65.8,69.8,65.1,66.8,66.7,68.1,67.9,67.9,65.1,65.1,63.1,68.3,69.8,65.5,67,64.5,64.2,66.1,64.2,65,68.4,66.2,68.6,68.5,69.2,68.9,68.3,68.6,68.2,68.3,68.4,60.8,67.6,62.3,68.3,68.3,65.8,65.1,68.3,68.3,65.1,65.1,65.1,68.5,69.2,68.5,67.2,68,71.9,70.7,68.7,65.1,65.1,69.2,64.6,69.5,64.4,64.6,69.8,64.6,68.5,68.2,56.2,60.4,56.2,69.4,69.3,69.3,68.9,68.3,69.4,69.4,68.3
06/02/2026 21:35:00,60.4,68.5,61.9,68.5,68.5,68.1,68.1,68.5,68.5,68.7,65.2,68.6,65.8,69.7,65.2,66.4,66.7,67.6,68.1,68.1,65.2,65.2,62,67.1,68.2,64.5,67.1,64.5,64.2,66.2,64.2,68.2,71.1,69.6,68.7,68.6,69.3,69.1,68.5,68.7,68.4,68.5,68.6,61.4,68.2,62.9,68.5,68.5,65.8,65.2,68.5,68.5,65.2,65.2,65.2,68.6,69.3,68.6,66.6,67.9,68.5,68.6,67.8,65.2,65.2,69.3,64.8,68.9,63.5,61,67,61,68.6,68.4,55.5,61.5,55.5,69.5,69.4,69.4,69.1,68.5,69.5,69.5,68.5
06/02/2026 21:40:00,60.8,68,62.3,68.6,68.6,68.2,68.2,68.6,68.6,68.7,65.2,68.6,65.8,70,65.2,63.3,66.5,64.3,68.2,68.2,65.2,65.2,61.8,65.5,65.9,63.9,67.1,64.5,64,65.9,64,65.6,70.1,66.7,68.7,68.6,69.3,69.2,68.6,68.7,68.5,68.6,68.7,60.4,67.5,61.9,68.6,68.6,65.8,65.2,68.6,68.6,65.2,65.2,65.2,68.6,69.3,68.6,66.9,67.9,65.8,66.6,65.8,65.2,65.2,69.3,63.1,67.4,62.7,62.1,68.3,62.1,68.6,68.5,57.1,62.4,57.3,69.4,69.3,69.3,69.2,68.6,69.4,69.4,68.6
06/02/2026 21:45:00,62,68.8,63.5,68.6,68.6,68.3,68.3,68.6,68.6,68.8,65.2,68.7,65.7,70,65.2,65,67.3,66.1,68.3,68.3,65.2,65.2,62,65.3,64.5,62.4,67,64.5,64.2,66.2,64.2,65.8,69.3,67,68.8,68.7,69.4,69.2,68.6,68.8,68.5,68.6,68.7,56.1,66.1,57.5,68.6,68.6,65.7,65.2,68.6,68.6,65.2,65.2,65.2,68.7,69.4,68.7,66.3,67.6,65.7,66,66,65.2,65.2,69.4,64.2,68.8,64.4,63.9,69.2,63.9,68.7,68.5,60.5,64.6,60.5,69.5,69.4,69.4,69.2,68.6,69.5,69.5,68.6
06/02/2026 21:50:00,61.3,68.5,62.8,68.7,68.7,68.5,68.5,68.7,68.7,68.8,65.3,68.7,65.8,70.2,65.3,66,67.1,67.2,68.5,68.5,65.2,65.2,62.3,66.3,67,64.2,66.8,64.3,64.4,66.3,64.4,64.7,68.5,65.8,68.8,68.7,69.4,69.3,68.7,68.8,68.6,68.7,68.8,57.2,65.9,58.6,68.7,68.7,65.8,65.2,68.7,68.7,65.3,65.3,65.2,68.7,69.4,68.7,66.4,68,66.4,68.1,67.4,65.2,65.2,69.4,64.6,69.5,65,64.3,70.8,64.4,68.7,68.6,60.3,65.1,60.3,69.7,69.6,69.6,69.3,68.7,69.7,69.7,68.7
06/02/2026 21:55:00,61.9,68.9,63.5,68.6,68.6,68.5,68.5,68.6,68.6,68.8,65.3,68.7,65.9,70.4,65.3,70.4,72.2,71.8,68.5,68.5,65.2,65.2,62.6,66.3,67.1,64.3,67,64.4,64.3,66.4,64.3,64.5,68.5,65.6,68.8,68.7,69.4,69.2,68.6,68.8,68.5,68.6,68.7,56.5,65.1,57.9,68.6,68.6,65.9,65.2,68.6,68.6,65.3,65.3,65.2,68.7,69.4,68.7,66.6,67.4,67.6,68.7,68.1,65.2,65.2,69.4,64.3,69.9,65.3,65,71.1,64.9,68.7,68.5,59.1,63.2,59.1,70.2,70.1,70.1,69.2,68.6,70.2,70.2,68.6
06/02/2026 22:00:00,62.1,69.7,63.7,68.5,68.5,68.2,68.2,68.5,68.5,68.6,65.2,68.5,65.8,70,65.2,68.5,70,69.9,68.2,68.2,65.2,65.2,63.7,68.5,70.5,65,66.9,64.3,64.3,66.5,64.3,64.1,67.3,65.2,68.6,68.5,69.2,69.1,68.5,68.6,68.4,68.5,68.6,55.4,64.5,56.8,68.5,68.5,65.8,65.2,68.5,68.5,65.2,65.2,65.2,68.5,69.2,68.5,65.9,66.6,67.9,68.3,67.6,65.2,65.2,69.2,60.9,66.4,63.1,63.4,68.5,63.3,68.5,68.4,56.6,61.5,56.6,69.8,69.7,69.7,69.1,68.5,69.8,69.8,68.5
06/02/2026 22:05:00,61.5,68.8,63.1,68.3,68.3,67.9,67.9,68.3,68.3,68.5,65.2,68.4,65.8,69.7,65.2,66.3,66.9,67.5,67.9,67.9,65.1,65.1,64,66.9,66.5,63.8,66.9,64.3,64.3,66.5,64.3,67.3,70,68.6,68.5,68.4,69.1,68.9,68.3,68.5,68.2,68.3,68.4,56.1,64.1,57.5,68.3,68.3,65.8,65.1,68.3,68.3,65.2,65.2,65.1,68.4,69.1,68.4,64.8,66,63.3,65.8,65.3,65.1,65.1,69.1,59.2,65.3,61.5,62.4,67.1,62.4,68.4,68.2,57.3,62.1,57.3,69.3,69.2,69.2,68.9,68.3,69.3,69.3,68.3
06/02/2026 22:10:00,61.3,68.5,62.8,68.5,68.5,67.9,67.9,68.5,68.5,68.5,65.2,68.4,65.8,69.5,65.2,67,67.7,68.2,67.9,67.9,65.2,65.2,64,65.5,64.7,63.2,66.9,64.3,64.3,66.5,64.3,64.2,69.3,65.3,68.5,68.4,69.1,69.1,68.5,68.5,68.4,68.5,68.6,58.3,66.2,59.8,68.5,68.5,65.8,65.2,68.5,68.5,65.2,65.2,65.2,68.4,69.1,68.4,66.5,67.8,65.5,66.9,65.4,65.2,65.2,69.1,61.6,67,62.7,64,67.4,63.9,68.4,68.4,58.2,61.6,58.2,69.2,69.1,69.1,69.1,68.5,69.2,69.2,68.5
06/02/2026 22:15:00,61,68,62.5,68.3,68.3,67.9,67.9,68.3,68.3,68.5,65.2,68.4,65.8,69.4,65.2,68.1,69.7,69.4,67.9,67.9,65.2,65.2,64.1,65.6,64.7,62.9,66.8,64.2,64.3,66.4,64.3,64.9,68.1,66,68.5,68.4,69.1,68.9,68.3,68.5,68.2,68.3,68.4,57.1,65.7,58.6,68.3,68.3,65.8,65.2,68.3,68.3,65.2,65.2,65.2,68.4,69.1,68.4,65.5,67.1,68.7,69,68.3,65.2,65.2,69.1,61.1,66.5,60.6,61.9,67.8,61.8,68.4,68.2,59.9,64,59.9,69.1,69,69,68.9,68.3,69.1,69.1,68.3
06/02/2026 22:20:00,61.5,69.6,63.1,68.4,68.4,67.8,67.8,68.4,68.4,68.5,65.1,68.4,65.8,69.5,65.1,68.7,70.1,69.8,67.8,67.8,65.1,65.1,61.9,64.9,63.9,62.9,66.8,64.3,64.3,66.5,64.3,66.9,70,68.2,68.5,68.4,69.1,69,68.4,68.5,68.3,68.4,68.5,57.3,66.2,58.7,68.4,68.4,65.8,65.1,68.4,68.4,65.1,65.1,65.1,68.4,69.1,68.4,67.2,69,68.8,68.5,68.1,65.1,65.1,69.1,62.8,67.6,62.1,63.3,68.2,63.3,68.4,68.3,62,64.5,62,69.2,69.1,69.1,69,68.4,69.2,69.2,68.4
06/02/2026 22:25:00,61.4,69.7,63,68.5,68.5,67.8,67.8,68.5,68.5,68.5,65.1,68.4,65.7,69.5,65.1,65.8,66.9,66.9,67.8,67.8,65.2,65.2,61.3,63.8,62.8,64,66.9,64.4,64.3,66.5,64.3,63.6,67.7,64.6,68.5,68.4,69.1,69.1,68.5,68.5,68.4,68.5,68.6,57.7,65.7,59.2,68.5,68.5,65.7,65.2,68.5,68.5,65.1,65.1,65.2,68.4,69.1,68.4,67.4,69,70,69.1,68.6,65.2,65.2,69.1,61.7,67.7,62.6,64.1,68.9,64,68.4,68.4,59.6,64.5,59.6,69.3,69.2,69.2,69.1,68.5,69.3,69.3,68.5
06/02/2026 22:30:00,61.7,70.1,63.3,68.5,68.5,67.8,67.8,68.5,68.5,68.5,65.1,68.4,65.7,69.7,65.1,64.2,65.8,65.1,67.8,67.8,65.2,65.2,62,61.5,58.4,56.2,52.7,53.8,64.3,66.6,64.3,65.1,69.1,66.2,68.5,68.4,69.1,69.1,68.5,68.5,68.4,68.5,68.6,59.8,67.2,61.2,68.5,68.5,65.7,65.2,68.5,68.5,65.1,65.1,65.2,68.4,69.1,68.4,68.2,69.7,72.7,71.6,71,65.2,65.2,69.1,62.9,68.5,64.2,64.4,70.1,64.4,68.4,68.4,58.7,64.3,58.9,69.7,69.6,69.6,69.1,68.5,69.7,69.7,68.5
06/02/2026 22:35:00,61.5,69.2,63.1,68.8,68.8,68,68,68.8,68.8,68.5,65.2,68.5,65.7,70,65.2,63.5,64.5,64.4,68,68,65,65,62.4,62.2,58.7,56.8,60.3,59.2,64.3,66.5,64.3,62,64.5,63,68.5,68.5,69.2,69.4,68.8,68.5,68.7,68.8,68.9,57.1,65.7,58.5,68.8,68.8,65.7,65,68.8,68.8,65.2,65.2,65,68.5,69.2,68.5,67.1,69.3,71.3,70.5,69.7,65,65,69.2,61,67.6,62.3,62.7,68.3,62.7,68.5,68.7,59,63.7,59.2,69.9,69.8,69.8,69.4,68.8,69.9,69.9,68.8
06/02/2026 22:40:00,61.6,69.3,63.1,69.1,69.1,68.2,68.2,69.1,69.1,68.7,65.2,68.6,65.7,70.2,65.2,63.9,65.3,64.9,68.2,68.2,65,65,61.6,64.7,65.9,61.7,63.3,61.7,64.3,67.1,64.3,58.5,62.2,59.2,68.7,68.6,69.3,69.7,69.1,68.7,69,69.1,69.2,57.6,66.3,59.1,69.1,69.1,65.7,65,69.1,69.1,65.2,65.2,65,68.6,69.3,68.6,66.1,67.3,66.2,67.7,65.9,65,65,69.3,62,68.6,63.7,64.3,68.3,64.2,68.6,69,58.7,63.1,58.9,70.1,70,70,69.7,69.1,70.1,70.1,69.1
06/02/2026 22:45:00,61.6,69.1,63.3,68.7,68.7,68.3,68.3,68.7,68.7,68.7,65.1,68.6,65.9,70.3,65.1,66.2,68.8,67.3,68.3,68.3,65.2,65.2,59.1,60.9,61.2,59.8,65.3,63,64.3,66.3,64.3,63,67.1,64,68.7,68.6,69.3,69.3,68.7,68.7,68.6,68.7,68.8,59.5,66.8,61,68.7,68.7,65.9,65.2,68.7,68.7,65.1,65.1,65.2,68.6,69.3,68.6,66.4,67.5,68.4,68.2,67.7,65.2,65.2,69.3,60,66.4,62.1,63,67.3,63,68.6,68.6,58,62.5,58,70.1,70,70,69.3,68.7,70.1,70.1,68.7
06/02/2026 22:50:00,62,69.1,63.7,69.1,69.1,68.5,68.5,69.1,69.1,68.7,65.2,68.6,65.8,70.5,65.2,67.8,70,69,68.5,68.5,65.2,65.2,61.5,63.4,63.5,61.9,65.9,63.7,64.3,66.4,64.3,60.9,64.1,61.9,68.7,68.6,69.3,69.7,69.1,68.7,69,69.1,69.2,59.5,67.6,61,69.1,69.1,65.8,65.2,69.1,69.1,65.2,65.2,65.2,68.6,69.3,68.6,66.6,67.4,68.4,67.8,67.7,65.2,65.2,69.3,61.2,66.6,61.8,59.2,65.6,59.4,68.6,69,59.7,62.4,59.6,70.1,70,70,69.7,69.1,70.1,70.1,69.1
06/02/2026 22:55:00,61.6,68.7,63.1,68.8,68.8,68.3,68.3,68.8,68.8,68.7,65.1,68.6,65.7,70.4,65.1,69.1,70,70.5,68.3,68.3,65.2,65.2,62.5,63.5,62.6,62.2,66.3,64,64.3,66.8,64.3,61.8,65.3,62.8,68.7,68.6,69.3,69.4,68.8,68.7,68.7,68.8,68.9,61,67.8,62.5,68.8,68.8,65.7,65.2,68.8,68.8,65.1,65.1,65.2,68.6,69.3,68.6,65.6,66.8,65.6,65.9,65.7,65.2,65.2,69.3,61.4,66.8,62.4,61.1,67.9,61.1,68.6,68.7,58,62.4,58,70.5,70.4,70.4,69.4,68.8,70.5,70.5,68.8
06/02/2026 23:00:00,61.7,68.3,63.2,68.5,68.5,68.3,68.3,68.5,68.5,68.6,65.2,68.5,65.7,70.1,65.2,68.5,69.4,69.9,68.3,68.3,65.2,65.2,62.8,64.8,65.7,64.1,66.6,64.2,64.3,66.7,64.3,61.4,66.8,62.3,68.6,68.5,69.2,69.2,68.5,68.6,68.5,68.5,68.7,61.8,68.2,63.3,68.5,68.5,65.7,65.2,68.5,68.5,65.2,65.2,65.2,68.5,69.2,68.5,65.6,66.9,63.7,65.3,64.1,65.2,65.2,69.2,61.7,67.5,61.8,62.8,69.1,62.8,68.5,68.5,57.3,62,57.5,70,69.9,69.9,69.2,68.5,70,70,68.5
06/02/2026 23:05:00,61.1,65.8,62.6,68.9,68.9,68.3,68.3,68.9,68.9,68.5,65.1,68.4,65.6,70,65.1,69.2,69.5,70.6,68.3,68.3,65.1,65.1,63.6,66,66.9,64.3,66.9,64.3,64.4,66.7,64.4,62.7,67.2,63.7,68.5,68.4,69.1,69.5,68.9,68.5,68.8,68.9,69,61.2,67.9,62.7,68.9,68.9,65.6,65.1,68.9,68.9,65.1,65.1,65.1,68.4,69.1,68.4,65.7,66.2,66.4,67.2,66.9,65.1,65.1,69.1,60.1,66.2,59.4,62.4,68,62.3,68.4,68.8,58.6,62.7,58.6,69.6,69.5,69.5,69.5,68.9,69.6,69.6,68.9
06/02/2026 23:10:00,61.2,67,62.8,68.5,68.5,68.3,68.3,68.5,68.5,68.5,65.1,68.4,65.8,69.7,65.1,71.3,72.7,72.6,68.3,68.3,65.1,65.1,63.7,67.1,69.3,64.4,66.7,64.3,64.4,66.9,64.4,64.3,67.1,65.4,68.5,68.4,69.1,69.1,68.5,68.5,68.4,68.5,68.6,61.9,67.9,63.4,68.5,68.5,65.8,65.1,68.5,68.5,65.1,65.1,65.1,68.4,69.1,68.4,64.9,66,65.1,66.7,64.9,65.1,65.1,69.1,63.3,68.8,64.8,65.6,70.1,65.6,68.4,68.4,60.6,63.9,60.6,69.3,69.2,69.2,69.1,68.5,69.3,69.3,68.5
06/02/2026 23:15:00,61.6,68.2,63.2,68.7,68.7,68.4,68.4,68.7,68.7,68.6,65,68.5,65.7,69.8,65,69.1,70.5,70.5,68.4,68.4,65.1,65.1,65,67.8,68.4,64.4,66.7,64.3,64.3,66.9,64.3,65.7,69.6,66.9,68.6,68.5,69.2,69.3,68.7,68.6,68.6,68.7,68.8,60,66.9,61.5,68.7,68.7,65.7,65.1,68.7,68.7,65,65,65.1,68.5,69.2,68.5,67.4,68.9,67.5,67.9,65.6,65.1,65.1,69.2,63.8,68.8,64.9,65.6,70.8,65.6,68.5,68.6,59.8,63.1,59.9,69.2,69.1,69.1,69.3,68.7,69.2,69.2,68.7
06/02/2026 23:20:00,61.6,68.5,63.3,68.7,68.7,68.3,68.3,68.7,68.7,68.5,65.1,68.4,65.7,70,65.1,71,73.4,72.5,68.3,68.3,64.9,64.9,64.9,68.6,69.5,65.3,66.9,64.4,64.4,66.7,64.4,65.2,69.7,66.3,68.5,68.4,69.1,69.4,68.7,68.5,68.7,68.7,68.9,61,67.4,62.5,68.7,68.7,65.7,64.9,68.7,68.7,65.1,65.1,64.9,68.4,69.1,68.4,67.8,68.6,66.4,66.9,66.1,64.9,64.9,69.1,64.1,68.9,63.8,66,71.4,66,68.4,68.7,61.3,64.1,61.2,69.4,69.3,69.3,69.4,68.7,69.4,69.4,68.7
06/02/2026 23:25:00,61.8,68.7,63.4,68.9,68.9,68.1,68.1,68.9,68.9,68.4,65.2,68.3,65.6,70,65.2,67.6,68.9,68.9,68.1,68.1,65.1,65.1,64.3,68.1,69.3,65.1,67,64.4,64.4,66.7,64.4,63.4,68.8,64.4,68.4,68.3,69,69.5,68.9,68.4,68.8,68.9,69,61.5,68,63,68.9,68.9,65.6,65.1,68.9,68.9,65.2,65.2,65.1,68.3,69,68.3,67,66.8,67.1,68.1,65.9,65.1,65.1,69,65.4,69.9,64.9,64.6,70.5,64.5,68.3,68.8,58,62.6,58.1,69.7,69.6,69.6,69.5,68.9,69.7,69.7,68.9
06/02/2026 23:30:00,61.8,69.6,63.5,68.9,68.9,68.3,68.3,68.9,68.9,68.4,65.1,68.3,65.9,70.1,65.1,66.4,66.4,67.6,68.3,68.3,65,65,63.1,63.6,62.6,62.7,66.9,64.3,64.4,66.8,64.4,66,71.4,67.2,68.4,68.3,69,69.5,68.9,68.4,68.8,68.9,69,59.7,66.6,61.1,68.9,68.9,65.9,65,68.9,68.9,65.1,65.1,65,68.3,69,68.3,66.8,66.6,65.8,66.3,66.5,65,65,69,61.3,68,63.7,64.4,68.5,64.4,68.3,68.8,61.6,65,61.7,69.7,69.6,69.6,69.5,68.9,69.7,69.7,68.9
06/02/2026 23:35:00,61.9,69.1,63.5,68.9,68.9,67.9,67.9,68.9,68.9,68.4,65.1,68.3,65.9,70,65.1,65,65.3,66.1,67.9,67.9,65.2,65.2,63.6,64.7,62.5,62.4,67,64.4,64.4,67.1,64.4,64.6,69.2,65.7,68.4,68.3,69,69.6,68.9,68.4,68.9,68.9,69.1,60.5,66.7,62,68.9,68.9,65.9,65.2,68.9,68.9,65.1,65.1,65.2,68.3,69,68.3,65.9,66.4,65.6,66.3,65.6,65.2,65.2,69,59.2,65.4,60.8,64.1,69.3,64,68.3,68.9,59.6,64.1,59.7,69.6,69.5,69.5,69.6,68.9,69.6,69.6,68.9
06/02/2026 23:40:00,61.8,69.6,63.4,69,69,67.9,67.9,69,69,68.5,65.1,68.4,65.7,70.1,65.1,65.8,65.3,66.8,67.9,67.9,65.2,65.2,63.4,63.9,62,62.3,67.4,64.4,64.4,67,64.4,63.9,67.4,65,68.5,68.4,69.1,69.6,69,68.5,68.9,69,69.1,57.2,64.6,58.7,69,69,65.7,65.2,69,69,65.1,65.1,65.2,68.4,69.1,68.4,66.2,68,67.4,68.3,67.3,65.2,65.2,69.1,61.4,67.9,62.6,64.4,67.5,64.4,68.4,68.9,58.4,61.3,58.5,69.9,69.8,69.8,69.6,69,69.9,69.9,69
06/02/2026 23:45:00,61.5,68.9,63.2,69.1,69.1,68,68,69.1,69.1,68.4,65.1,68.5,65.7,70.1,65.1,61.7,61.2,62.3,68,68,65.2,65.2,63.6,61,58.3,61,67,64.4,64.4,66.9,64.4,63,68.1,64,68.4,68.5,69.1,69.7,69.1,68.4,69,69.1,69.2,59.4,66.5,60.9,69.1,69.1,65.7,65.2,69.1,69.1,65.1,65.1,65.2,68.5,69.1,68.5,67.1,68.2,64.1,64.8,64.5,65.2,65.2,69.1,59.4,65.6,62.8,64.8,67.8,64.7,68.5,69,58.1,61.5,58.1,70,69.9,69.9,69.7,69.1,70,70,69.1
06/02/2026 23:50:00,61.7,68.7,63.3,69.1,69.1,67.7,67.7,69.1,69.1,68.3,65.1,68.3,65.7,70,65.1,63.7,63.1,64.7,67.7,67.7,65.2,65.2,64.3,62.6,60.5,61.9,67,64.4,64.4,66.9,64.4,63.4,66.8,64.5,68.3,68.3,69,69.7,69.1,68.3,69.1,69.1,69.2,61,67.7,62.5,69.1,69.1,65.7,65.2,69.1,69.1,65.1,65.1,65.2,68.3,69,68.3,65.4,66.1,65.4,65,65.9,65.2,65.2,69,62.1,67,64.2,64.6,68.1,64.6,68.3,69.1,63.1,65.5,63.1,70.1,70,70,69.7,69.1,70.1,70.1,69.1
06/02/2026 23:55:00,61.4,68.6,63,69,69,67.7,67.7,69,69,68.2,65.1,68.1,65.5,69.8,65.1,64,62.4,64.8,67.7,67.7,65.2,65.2,64.6,60.8,56.8,60.7,67,64.3,64.4,67,64.4,60.5,64,61.3,68.2,68.1,68.8,69.6,69,68.2,68.9,69,69.1,60.1,66.4,61.6,69,69,65.5,65.2,69,69,65.1,65.1,65.2,68.1,68.8,68.1,67.4,68.6,65.9,66.7,66.3,65.2,65.2,68.8,62.9,67.8,62.8,63.9,67.7,63.9,68.1,68.9,58.6,60.9,58.6,70.3,70.2,70.2,69.6,69,70.3,70.3,69
