timestamp,777204,777212,777223,777233,777243,772689,772980,777253,777262,774411,774444,717962,717966,774373,717968,761734,718488,717770,718102,718492,717977,717660,768984,718151,717983,774359,717992,717995,776266,718147,776290,718320,776493,776203,763468,718014,768978,776221,776228,718016,776242,776196,776188,777203,777213,777224,777232,777245,772701,772711,777254,777263,774389,774445,717960,717963,774372,716847,717970,761851,717975,717972,761761,718493,717978,716857,717980,761776,774358,717986,717989,776295,718002,776289,718008,718012,776208,716891,718321,716875,776215,776253,718017,718018,776197
06/03/2026 00:00:00,61.9,68.4,63.5,69.2,69.2,69,69,69.2,69.2,69.3,65,69.2,65.4,70.7,65,67.2,68.8,68.4,69,69,65.1,65.1,63.5,66.9,67.5,64.4,67.3,64.4,64.4,67.5,64.4,67,72.5,68.2,69.3,69.2,69.9,69.8,69.2,69.3,69.1,69.2,69.3,63.4,68.3,64.9,69.2,69.2,65.4,65.1,69.2,69.2,65,65,65.1,69.2,69.9,69.2,67.2,68.7,67.9,67.8,67.9,65.1,65.1,69.9,63.1,68.9,64.4,64.5,68.9,64.4,69.2,69.1,67.9,71.3,67.9,70.2,70.1,70.1,69.8,69.2,70.2,70.2,69.2
06/03/2026 00:05:00,62.1,69.4,63.7,69.2,69.2,68.7,68.7,69.2,69.2,69.1,65.4,69,65.8,70.4,65.4,67.8,68.9,68.8,68.7,68.7,65.1,65.1,59.7,64,65.7,63.7,67,64.4,64.4,67.9,64.5,67.2,72.3,68.3,69.1,69,69.7,69.8,69.2,69.1,69.1,69.2,69.3,62.5,68.1,64,69.2,69.2,65.8,65.1,69.2,69.2,65.4,65.4,65.1,69,69.7,69,66.9,67.5,70.4,69.4,69.4,65.1,65.1,69.7,62.8,68.7,64.6,64.5,69.7,64.4,69,69.1,67.4,71.4,67.2,69.8,69.7,69.7,69.8,69.2,69.8,69.8,69.2
06/03/2026 00:10:00,62.1,68.6,63.7,68.9,68.9,68.5,68.5,68.9,68.9,68.8,65.4,68.8,65.8,70.3,65.4,69.3,70.3,70.5,68.5,68.5,65.1,65.1,62.4,64.3,63.3,62.6,67,64.4,64.4,68.2,64.4,65.4,69.8,66.6,68.8,68.8,69.5,69.5,68.9,68.8,68.8,68.9,69,62.3,67.8,63.8,68.9,68.9,65.8,65.1,68.9,68.9,65.4,65.4,65.1,68.8,69.5,68.8,66.7,68.2,71.7,70.6,69.3,65.1,65.1,69.5,64,68.9,64.4,64.8,68.7,64.7,68.8,68.8,68.2,70.8,68.1,69.9,69.8,69.8,69.5,68.9,69.9,69.9,68.9
06/03/2026 00:15:00,61.8,68.9,63.5,68.8,68.8,68.5,68.5,68.8,68.8,68.8,65.1,68.7,65.9,70.2,65.1,67.9,70.6,69.3,68.5,68.5,64.9,64.9,61.4,63.3,62.4,63.3,67,64.3,64.4,68.4,64.4,64.4,69.8,65.5,68.8,68.7,69.4,69.4,68.8,68.8,68.7,68.8,68.9,60.6,66.1,62.1,68.8,68.8,65.9,64.9,68.8,68.8,65.1,65.1,64.9,68.7,69.4,68.7,67.3,66.9,72.6,71.3,70.1,64.9,64.9,69.4,63,69,64.8,64.9,70.1,64.8,68.7,68.7,68.4,72,68.3,69.9,69.8,69.8,69.4,68.8,69.9,69.9,68.8
06/03/2026 00:20:00,61.9,68.6,63.5,68.7,68.7,68,68,68.7,68.7,68.7,65,68.6,65.7,69.9,65,67.4,68.9,68.5,68,68,65.3,65.3,62.1,63,62.2,63,67.1,64.4,64.4,68,64.4,65.2,68.2,66.4,68.7,68.6,69.3,69.3,68.7,68.7,68.6,68.7,68.8,60.5,66.1,62,68.7,68.7,65.7,65.3,68.7,68.7,65,65,65.3,68.6,69.3,68.6,67.3,67.6,70,69.5,68.5,65.3,65.3,69.3,63,69.2,64.5,64.7,70.7,64.6,68.6,68.6,68.7,71.1,68.6,69.8,69.7,69.7,69.3,68.7,69.8,69.8,68.7
06/03/2026 00:25:00,61.8,68.8,63.4,68.5,68.5,67.8,67.8,68.5,68.5,68.4,65.3,68.5,65.5,69.9,65.3,70.2,69.7,71.5,67.8,67.8,65.1,65.1,63.7,63.4,60.4,64.3,66.8,64.4,64.4,68.5,64.4,66,68.3,67.3,68.4,68.5,69.1,69.1,68.5,68.4,68.4,68.5,68.6,61.6,67.4,63.2,68.5,68.5,65.5,65.1,68.5,68.5,65.3,65.3,65.1,68.5,69.1,68.5,65.8,66.1,70,69.9,68.3,65.1,65.1,69.1,64.8,69.9,64.7,63.6,69.2,63.5,68.5,68.4,66.9,68.8,66.8,69.7,69.6,69.6,69.1,68.5,69.7,69.7,68.5
06/03/2026 00:30:00,61.2,67.6,62.8,68.8,68.8,67.5,67.5,68.8,68.8,68.2,65,68.2,65.4,69.6,65,71.6,71.1,73,67.5,67.5,65.1,65.1,64.6,63.8,59.6,63.3,67,64.3,64.4,67,64.4,64.2,66.6,65.3,68.2,68.2,68.9,69.4,68.8,68.2,68.7,68.8,68.9,62.1,67.4,63.6,68.8,68.8,65.4,65.1,68.8,68.8,65,65,65.1,68.2,68.9,68.2,66.1,64.8,67.5,68.6,67.6,65.1,65.1,68.9,59.5,65.8,62.4,62.8,68.1,62.8,68.2,68.7,67,69.1,66.9,69.5,69.4,69.4,69.4,68.8,69.5,69.5,68.8
06/03/2026 00:35:00,61.7,68.1,63.3,68,68,67.5,67.5,68,68,68.1,65,68,65.4,69.5,65,70.8,70.1,72,67.5,67.5,65.1,65.1,63,63.8,61.5,64.4,67.2,64.4,64.4,66.5,64.4,65.4,69.6,66.6,68.1,68,68.7,68.7,68,68.1,68,68,68.2,62.8,67.3,64.3,68,68,65.4,65.1,68,68,65,65,65.1,68,68.7,68,66.2,65.4,65.2,66.6,67.2,65.1,65.1,68.7,59.3,63.5,57.8,59.7,65.8,59.8,68,68,66.1,67.8,66.1,69.3,69.4,69.4,68.7,68,69.3,69.3,68
06/03/2026 00:40:00,61.8,68.3,63.4,68.5,68.5,67.5,67.5,68.5,68.5,68,64.8,67.9,65.6,69.5,64.8,70.9,69.7,72.2,67.5,67.5,65.1,65.1,63.2,63.9,61.2,64.3,66.8,64.3,64.4,67.9,64.4,62.4,67.1,63.4,68,67.9,68.6,69.1,68.5,68,68.4,68.5,68.6,62.5,67.3,64,68.5,68.5,65.6,65.1,68.5,68.5,64.8,64.8,65.1,67.9,68.6,67.9,66.5,66.4,64.4,65.5,66.8,65.1,65.1,68.6,57.3,62.2,57.3,60.1,64.3,60.2,67.9,68.4,66.9,69,66.8,69.3,69.2,69.2,69.1,68.5,69.3,69.3,68.5
06/03/2026 00:45:00,61.9,68.1,63.5,68,68,67.3,67.3,68,68,68,65.3,67.9,65.9,69.4,65.3,71.8,72.6,73.2,67.3,67.3,65,65,62.8,64.5,60.1,64.1,67.1,64.3,64.4,67.4,64.4,65,67.6,66.2,68,67.9,68.6,68.6,68,68,67.9,68,68.1,62,66.4,63.5,68,68,65.9,65,68,68,65.3,65.3,65,67.9,68.6,67.9,65.9,65.6,65.6,66.2,66.1,65,65,68.6,59.7,64,61,62.2,67.7,62.3,67.9,67.9,67,69.2,66.8,69.2,69.1,69.1,68.6,68,69.2,69.2,68
06/03/2026 00:50:00,62.1,69.7,63.7,68.1,68.1,67.1,67.1,68.1,68.1,67.8,65.2,67.7,65.7,69.3,65.2,69.6,72,71,67.1,67.1,65,65,63.4,65,62.3,64.2,67,64.2,64.4,68.9,64.4,63.6,67.1,64.6,67.8,67.7,68.4,68.7,68.1,67.8,68,68.1,68.1,61.8,66.3,63.3,68.1,68.1,65.7,65,68.1,68.1,65.2,65.2,65,67.7,68.4,67.7,67.3,68,66.3,66.5,67,65,65,68.4,60.6,63.7,60.3,64.1,67.1,64.1,67.7,68,66.1,68,66.1,69.1,69,69,68.7,68.1,69.1,69.1,68.1
06/03/2026 00:55:00,61.8,69.7,63.4,67.5,67.5,67.1,67.1,67.5,67.5,67.5,65.2,67.5,65.7,68.9,65.2,69.6,71,71,67.1,67.1,65,65,63.6,64.4,62.9,63.3,67.2,64.3,64.3,67.8,64.4,64.3,69.5,65.5,67.5,67.5,68.3,68.2,67.5,67.5,67.6,67.5,67.7,62.1,66.2,63.7,67.5,67.5,65.7,65,67.5,67.5,65.2,65.2,65,67.5,68.3,67.5,66.1,67.3,68.7,67.6,68.6,65,65,68.3,60.4,66,62.4,61.4,66.4,61.5,67.5,67.6,66.5,67.8,66.3,68.9,68.8,68.8,68.2,67.5,68.9,68.9,67.5
06/03/2026 01:00:00,61.5,69.6,63.1,68,68,67.1,67.1,68,68,67.9,64.8,67.9,65.7,69.5,64.8,67.5,68.7,68.5,67.1,67.1,65.2,65.2,62.9,62.9,62.7,63,67,64.3,64.4,67.9,64.4,65.9,68.3,67,67.9,67.9,68.6,68.6,68,67.9,67.9,68,68.1,62.7,66.6,64.2,68,68,65.7,65.2,68,68,64.8,64.8,65.2,67.9,68.6,67.9,67.7,67.9,68.4,67.6,68.5,65.2,65.2,68.6,61.1,64.1,59.5,61.2,65.6,61.3,67.9,67.9,67.1,70.1,67.1,69.4,69.3,69.3,68.6,68,69.4,69.4,68
06/03/2026 01:05:00,61.9,69.3,63.4,68.1,68.1,67.3,67.3,68.1,68.1,68,64.8,68,65.7,69.6,64.8,68.3,69.4,69.5,67.3,67.3,65.2,65.2,63.5,63.8,61.3,62.6,67,64.3,64.4,68.8,64.4,62,65.1,62.9,68,68,68.7,68.8,68.1,68,68.1,68.1,68.3,61.8,66.1,63.4,68.1,68.1,65.7,65.2,68.1,68.1,64.8,64.8,65.2,68,68.7,68,66.7,67,65.8,64.4,66.3,65.2,65.2,68.7,61.6,65.1,61.1,61.8,66.1,61.9,68,68.1,62.5,65.5,62.7,69.5,69.4,69.4,68.8,68.1,69.5,69.5,68.1
06/03/2026 01:10:00,61.7,69.6,63.4,68.2,68.2,67.3,67.3,68.2,68.2,68.2,65.2,68.1,65.7,69.6,65.2,65,65.8,66,67.3,67.3,65,65,63.1,64.1,63.8,63.2,67.3,64.4,64.3,69.4,64.3,61.8,65.8,62.7,68.2,68.1,68.8,68.8,68.2,68.2,68.1,68.2,68.3,61.9,66.6,63.5,68.2,68.2,65.7,65,68.2,68.2,65.2,65.2,65,68.1,68.8,68.1,66.2,66.1,63,63.3,63.9,65,65,68.8,58.9,62.3,61.2,62.2,66.2,62.3,68.1,68.1,65.9,68.5,65.8,69.5,69.4,69.4,68.8,68.2,69.5,69.5,68.2
06/03/2026 01:15:00,60.6,69.1,62.2,68.2,68.2,67.2,67.2,68.2,68.2,68.1,65.2,68.1,65.7,69.6,65.2,66,65.5,67.1,67.2,67.2,65,65,63,61.6,60.7,62.1,67.1,64.4,64.4,68.7,64.4,63.5,68.1,64.5,68.1,68.1,68.8,68.8,68.2,68.1,68.1,68.2,68.3,62,66.2,63.5,68.2,68.2,65.7,65,68.2,68.2,65.2,65.2,65,68.1,68.8,68.1,66,66.3,61.7,63.9,64.8,65,65,68.8,58.5,64.9,62.3,64.1,68.9,64,68.1,68.1,68.4,70.9,68.2,69.4,69.3,69.3,68.8,68.2,69.4,69.4,68.2
06/03/2026 01:20:00,61.4,68.5,63,68.1,68.1,67.1,67.1,68.1,68.1,68.1,65.2,68,66,69.5,65.2,65.6,66.4,66.7,67.1,67.1,64.2,64.2,62.5,62.5,62.2,63.6,67.2,64.5,64.4,69.4,64.4,62.7,65.5,63.6,68.1,68,68.7,68.7,68.1,68.1,68,68.1,68.2,61.3,65.5,62.8,68.1,68.1,66,64.2,68.1,68.1,65.2,65.2,64.2,68,68.7,68,66.7,65.8,64.5,64.2,65.5,64.2,64.2,68.7,60.1,65.9,63,64.5,68.9,64.4,68,68,68,71.3,67.9,69.5,69.4,69.4,68.7,68.1,69.5,69.5,68.1
06/03/2026 01:25:00,61.5,70,63.2,68.2,68.2,67,67,68.2,68.2,68,65.2,67.9,66,69.6,65.2,65,65.9,66,67,67,64.2,64.2,62.3,65,67.3,64.3,67.3,64.3,64.4,69,64.4,61.6,63.9,62.6,68,67.9,68.6,68.8,68.2,68,68.2,68.2,68.2,60.7,65,62.2,68.2,68.2,66,64.2,68.2,68.2,65.2,65.2,64.2,67.9,68.6,67.9,67.4,67.5,67.4,66.3,67.9,64.2,64.2,68.6,63,68.6,64.1,64.7,69.5,64.5,67.9,68.2,68.8,71,68.6,69.3,69.2,69.2,68.8,68.2,69.3,69.3,68.2
06/03/2026 01:30:00,61.6,69.5,63.3,68.8,68.8,67.1,67.1,68.8,68.8,67.8,65.2,67.8,66,69.4,65.2,65.3,64.4,66.3,67.1,67.1,64.2,64.2,62.8,63.6,65.3,64.4,66.9,64.3,64.4,68.9,64.4,63.9,67.6,65,67.8,67.8,68.5,69.4,68.8,67.8,68.7,68.8,68.9,61.4,65.9,62.8,68.8,68.8,66,64.2,68.8,68.8,65.2,65.2,64.2,67.8,68.5,67.8,66.7,67.5,65.1,65.8,66.2,64.2,64.2,68.5,60.9,67.3,64,63.9,67.7,63.8,67.8,68.7,65.9,67.6,65.8,69.2,69.1,69.1,69.4,68.8,69.2,69.2,68.8
06/03/2026 01:35:00,61.6,70.2,63.2,68.1,68.1,67.1,67.1,68.1,68.1,67.9,65.2,67.8,65,69.2,65.2,65.8,66,66.8,67.1,67.1,65.1,65.1,62.7,65.4,66.4,64.3,66.9,64.4,64.4,68.5,64.4,65.5,70,66.7,67.9,67.8,68.5,68.8,68.1,67.9,68.2,68.1,68.2,61.7,66,63.3,68.1,68.1,65,65.1,68.1,68.1,65.2,65.2,65.1,67.8,68.5,67.8,66.7,66.5,67.1,66.3,67.7,65.1,65.1,68.5,61.7,67.3,64.2,52.9,54.9,53.1,67.8,68.2,67.5,70.7,67.4,69.1,69,69,68.8,68.1,69.1,69.1,68.1
06/03/2026 01:40:00,61.4,70.6,63,68,68,67.2,67.2,68,68,67.9,65.2,67.8,65,69.1,65.2,65.5,65.7,66.4,67.2,67.2,65.1,65.1,63.1,64.3,62.2,62,67,64.4,64.3,69.3,64.3,66.6,71.4,67.8,67.9,67.8,68.5,68.6,68,67.9,67.9,68,68.1,61.6,65.5,63.2,68,68,65,65.1,68,68,65.2,65.2,65.1,67.8,68.5,67.8,66.8,66.9,66.4,65.9,67.2,65.1,65.1,68.5,40.5,49.3,48.9,58,62,58.1,67.8,67.9,66.5,69.9,66.3,68.9,68.8,68.8,68.6,68,68.9,68.9,68
06/03/2026 01:45:00,62.1,68.1,63.8,68,68,67.2,67.2,68,68,67.8,65.2,67.7,65,69.1,65.2,64.3,64.4,65.2,67.2,67.2,65.1,65.1,58.1,58.5,58.4,61.1,66.9,64.3,64.4,68.6,64.4,66.5,70,67.6,67.8,67.7,68.4,68.6,68,67.8,67.9,68,68,61.8,65.8,63.3,68,68,65,65.1,68,68,65.2,65.2,65.1,67.7,68.4,67.7,67.9,69.1,67.6,67,67.6,65.1,65.1,68.4,47.8,58,55.8,61.6,63.7,61.7,67.7,67.9,67,72.1,66.9,68.8,68.7,68.7,68.6,68,68.8,68.8,68
06/03/2026 01:50:00,61.6,69,63.2,67.8,67.8,67,67,67.8,67.8,67.8,64.3,67.7,65,69.2,64.3,64.6,65.7,65.5,67,67,65.4,65.4,60.9,60.2,59.1,61.3,67.4,64.3,64.4,68.3,64.4,66.8,69.9,68.1,67.8,67.7,68.4,68.4,67.8,67.8,67.7,67.8,67.8,61.9,65.6,63.5,67.8,67.8,65,65.4,67.8,67.8,64.3,64.3,65.4,67.7,68.4,67.7,67.1,67.8,66.5,65.1,67,65.4,65.4,68.4,56.8,61.7,60.2,61.8,66.6,61.8,67.7,67.7,67.6,70.8,67.5,68.7,68.7,68.7,68.4,67.8,68.7,68.7,67.8
06/03/2026 01:55:00,61.4,69.8,63.2,67.7,67.7,66.7,66.7,67.7,67.7,67.6,64.3,67.6,65,69,64.3,65,64.4,65.9,66.7,66.7,65.4,65.4,61.6,61.6,62.4,63,66.9,64.3,64.4,69,64.4,66.5,68.6,67.8,67.6,67.6,68.3,68.3,67.7,67.6,67.6,67.7,67.8,61.9,65.5,63.4,67.7,67.7,65,65.4,67.7,67.7,64.3,64.3,65.4,67.6,68.3,67.6,67.2,67.7,66.1,65.9,66.7,65.4,65.4,68.3,59,64.9,60.8,62.6,67.8,62.7,67.6,67.6,69.3,72.2,69.3,68.6,68.5,68.5,68.3,67.7,68.6,68.6,67.7
06/03/2026 02:00:00,61.8,69.7,63.4,67.9,67.9,66.7,66.7,67.9,67.9,67.7,64.3,67.7,65,69.1,64.3,63.9,63.5,64.9,66.7,66.7,65.4,65.4,62.3,59.7,58.4,60.7,67.2,64.3,64.4,68.7,64.4,66.5,70,67.7,67.7,67.7,68.4,68.5,67.9,67.7,67.8,67.9,68,62.1,65.8,63.7,67.9,67.9,65,65.4,67.9,67.9,64.3,64.3,65.4,67.7,68.4,67.7,67.2,68.1,68.2,67.4,68.1,65.4,65.4,68.4,62.2,67,63.2,63.6,67.8,63.6,67.7,67.8,67.7,70.2,67.5,68.9,68.8,68.8,68.5,67.9,68.9,68.9,67.9
06/03/2026 02:05:00,61.7,69.4,63.3,67.9,67.9,66.6,66.6,67.9,67.9,67.8,64.3,67.8,65,69.4,64.3,64.5,64.6,65.5,66.6,66.6,65.4,65.4,62.7,60.2,58.9,61.2,67.3,64.3,64.5,69.6,64.5,65.1,67.2,66.3,67.8,67.8,68.5,68.5,67.9,67.8,67.8,67.9,68,62.8,66.4,64.3,67.9,67.9,65,65.4,67.9,67.9,64.3,64.3,65.4,67.8,68.5,67.8,67.9,68.7,68.6,67.5,68.7,65.4,65.4,68.5,61.3,66.1,62.9,61.8,64.5,61.8,67.8,67.8,66.9,70.4,66.9,69,69,69,68.5,67.9,69,69,67.9
06/03/2026 02:10:00,62,69.3,63.7,68,68,66.8,66.8,68,68,67.9,64.4,67.9,65.1,69.5,64.4,65.9,65.9,67,66.8,66.8,65.5,65.5,62.6,63.2,60.9,62.2,67.3,64.4,64.4,69.5,64.4,65,68.1,66.1,67.9,67.9,68.6,68.6,68,67.9,68,68,68.1,62.8,66.6,64.3,68,68,65.1,65.5,68,68,64.4,64.4,65.5,67.9,68.6,67.9,66.8,67.9,66.4,66.5,67,65.5,65.5,68.6,60.5,66.6,60.2,63.6,69.4,63.6,67.9,68,67.2,69.9,67.2,69.5,69.4,69.4,68.6,68,69.5,69.5,68
06/03/2026 02:15:00,62.1,70.4,63.7,68.2,68.2,67,67,68.2,68.2,68,64.4,67.9,65.1,69.5,64.4,64.8,63.9,65.8,67,67,65.5,65.5,63,61.7,59.6,61.6,66.9,64.3,64.4,69.4,64.4,65.1,69.3,66.2,68,67.9,68.6,68.8,68.2,68,68.2,68.2,68.3,62.8,66.6,64.3,68.2,68.2,65.1,65.5,68.2,68.2,64.4,64.4,65.5,67.9,68.6,67.9,67,68.5,67,67.2,67.2,65.5,65.5,68.6,63.5,67.8,63.5,64.6,69,64.5,67.9,68.2,68.2,72.8,68.1,69.5,69.5,69.5,68.8,68.2,69.5,69.5,68.2
06/03/2026 02:20:00,61.8,70.4,63.4,68.1,68.1,67.1,67.1,68.1,68.1,67.9,64.4,67.9,65.1,69.6,64.4,65.9,67.2,66.7,67.1,67.1,65.5,65.5,62.8,62.1,60.9,62.1,66.9,64.4,64.4,69.5,64.4,63.9,67.4,64.9,67.9,67.9,68.6,68.7,68.1,67.9,68,68.1,68.2,62.4,65.8,63.9,68.1,68.1,65.1,65.5,68.1,68.1,64.4,64.4,65.5,67.9,68.6,67.9,66.6,65.9,67.9,67.1,68.1,65.5,65.5,68.6,63.5,66.8,62.9,63.2,68.7,63.2,67.9,68,67.8,70.6,67.8,69.3,69.3,69.3,68.7,68.1,69.3,69.3,68.1
06/03/2026 02:25:00,61.7,69.4,63.3,67.9,67.9,67.2,67.2,67.9,67.9,67.8,64.4,67.8,65.1,69.4,64.4,67.5,67.7,68.5,67.2,67.2,65.5,65.5,63,63.5,62.6,62.5,66.9,64.3,64.4,68.1,64.4,64.4,66.9,65.5,67.8,67.8,68.5,68.6,67.9,67.8,68,67.9,68.1,62.2,65.8,63.7,67.9,67.9,65.1,65.5,67.9,67.9,64.4,64.4,65.5,67.8,68.5,67.8,66.4,66,67.3,65.5,67.2,65.5,65.5,68.5,61.9,65.4,62.2,63.2,66.6,63.2,67.8,68,66.6,68.3,66.4,69.3,69.2,69.2,68.6,67.9,69.3,69.3,67.9
06/03/2026 02:30:00,61.6,70.4,63.2,67.8,67.8,66.9,66.9,67.8,67.8,67.8,64.4,67.8,65.1,69.3,64.4,65.8,65.8,66.5,66.9,66.9,65.5,65.5,63.3,64.1,64.5,63.7,67.1,64.4,64.3,68.1,64.4,65.7,69.5,67,67.8,67.8,68.5,68.4,67.8,67.8,67.7,67.8,67.9,62.2,65.7,63.7,67.8,67.8,65.1,65.5,67.8,67.8,64.4,64.4,65.5,67.8,68.5,67.8,66.4,64.6,65.2,65.5,66.9,65.5,65.5,68.5,63.3,66.2,63.3,62.3,66.5,62.4,67.8,67.7,66.6,69.4,66.4,68.9,68.9,68.9,68.4,67.8,68.9,68.9,67.8
06/03/2026 02:35:00,61.9,69.9,63.4,67.8,67.8,67.1,67.1,67.8,67.8,67.7,64.3,67.7,65,69.4,64.3,66.8,66.2,67.8,67.1,67.1,65.4,65.4,63.3,63.5,62.6,62.4,66.9,64.3,64.3,67.7,64.4,66,71.2,67.2,67.7,67.7,68.4,68.4,67.8,67.7,67.7,67.8,67.9,62.4,65.9,63.9,67.8,67.8,65,65.4,67.8,67.8,64.3,64.3,65.4,67.7,68.4,67.7,66.1,64.7,61.8,63.8,64.9,65.4,65.4,68.4,62.3,66.9,62.5,63.7,68.1,63.6,67.7,67.7,66.8,69.8,66.6,68.9,68.8,68.8,68.4,67.8,68.9,68.9,67.8
06/03/2026 02:40:00,61.8,69.9,63.5,67.8,67.8,67.3,67.3,67.8,67.8,67.9,64.4,67.8,65.1,69.5,64.4,66.1,65.6,67.1,67.3,67.3,65.5,65.5,63.5,64,62.8,62,67,64.4,64.4,68.8,64.4,65.5,70.6,66.5,67.9,67.8,68.5,68.5,67.8,67.9,67.8,67.8,67.9,61.9,65.6,63.5,67.8,67.8,65.1,65.5,67.8,67.8,64.4,64.4,65.5,67.8,68.5,67.8,66.4,66.7,64.4,66.1,65.6,65.5,65.5,68.5,62.7,66.4,63.4,63.3,67.8,63.3,67.8,67.8,66.6,69.7,66.5,68.8,68.8,68.8,68.5,67.8,68.8,68.8,67.8
06/03/2026 02:45:00,62,70,63.6,67.8,67.8,67.2,67.2,67.8,67.8,67.9,64.4,67.8,65.1,69.2,64.4,66.3,66.9,67.3,67.2,67.2,65.5,65.5,62.6,64.4,65.8,64.3,67.2,64.4,64.4,69,64.4,66.8,71,68.1,67.9,67.8,68.5,68.5,67.8,67.9,67.9,67.8,68,62,65.7,63.6,67.8,67.8,65.1,65.5,67.8,67.8,64.4,64.4,65.5,67.8,68.5,67.8,66.1,66,64.2,64.1,65.9,65.5,65.5,68.5,62.8,64.4,63.6,62.8,66.5,62.9,67.8,67.9,66.5,69.1,66.4,68.7,68.7,68.7,68.5,67.8,68.7,68.7,67.8
06/03/2026 02:50:00,62.2,70.1,63.8,67.8,67.8,67.2,67.2,67.8,67.8,67.7,64.4,67.7,65.1,69.1,64.4,68.4,68.1,69.5,67.2,67.2,65.5,65.5,63.1,64.8,65.4,64.2,67,64.3,64.4,69.1,64.4,64.7,69.7,65.8,67.7,67.7,68.4,68.4,67.8,67.7,67.7,67.8,67.9,61.1,64.5,62.6,67.8,67.8,65.1,65.5,67.8,67.8,64.4,64.4,65.5,67.7,68.4,67.7,66.5,67.8,65.3,65.4,65.9,65.5,65.5,68.4,63.1,66.2,63.9,64.2,69.1,64.2,67.7,67.7,67.5,71.2,67.4,68.9,68.8,68.8,68.4,67.8,68.9,68.9,67.8
06/03/2026 02:55:00,61.6,69.2,63.2,67.7,67.7,66.8,66.8,67.7,67.7,67.6,64.3,67.6,65,68.9,64.3,65.8,64.9,66.6,66.8,66.8,65.4,65.4,63.1,63.5,62.5,63,67.1,64.4,64.4,68.6,64.5,65.5,70,66.7,67.6,67.6,68.3,68.3,67.7,67.6,67.6,67.7,67.8,61.1,64.6,62.6,67.7,67.7,65,65.4,67.7,67.7,64.3,64.3,65.4,67.6,68.3,67.6,66.6,67,66.5,66.4,66.5,65.4,65.4,68.3,62.1,65.4,64.4,64.6,68.2,64.4,67.6,67.6,69.4,71.2,69.3,68.6,68.6,68.6,68.3,67.7,68.6,68.6,67.7
06/03/2026 03:00:00,61.6,69.1,63.2,67.3,67.3,66.7,66.7,67.3,67.3,67.5,64.3,67.4,65,68.9,64.3,66.2,66.5,67.1,66.7,66.7,65.4,65.4,63,63.3,63.5,63.7,67.4,64.4,64.5,68.5,64.4,64,68.8,64.9,67.5,67.4,68.1,67.9,67.3,67.5,67.2,67.3,67.4,60.6,64,62.1,67.3,67.3,65,65.4,67.3,67.3,64.3,64.3,65.4,67.4,68.1,67.4,66.4,66.2,64.1,64.8,66.2,65.4,65.4,68.1,60.9,67.8,63.8,63.8,68.2,63.7,67.4,67.2,66.1,70.4,66,68.6,68.5,68.5,67.9,67.3,68.6,68.6,67.3
06/03/2026 03:05:00,61.5,69.3,63.1,67.3,67.3,66.8,66.8,67.3,67.3,67.5,64.3,67.5,65,68.9,64.3,65.1,64.4,66.1,66.8,66.8,65.4,65.4,63.1,62.5,61.2,62.2,67.4,64.4,64.4,67.2,64.4,65.8,70.4,67,67.5,67.5,68.2,67.9,67.3,67.5,67.2,67.3,67.4,61.3,64.8,62.9,67.3,67.3,65,65.4,67.3,67.3,64.3,64.3,65.4,67.5,68.2,67.5,66.5,67.1,66.5,66.8,67.5,65.4,65.4,68.2,63,68.8,64,64.6,68.4,64.5,67.5,67.2,66,67.7,66.1,68.5,68.4,68.4,67.9,67.3,68.5,68.5,67.3
06/03/2026 03:10:00,61.5,69.6,63.1,67.3,67.3,66.8,66.8,67.3,67.3,67.5,65.2,67.5,65,68.9,65.2,66.9,66.2,68.1,66.8,66.8,65.1,65.1,63.4,63.6,62.2,62.4,66.9,64.3,64.3,67.2,64.4,66.1,71.6,67.2,67.5,67.5,68.2,67.9,67.3,67.5,67.2,67.3,67.4,61.9,65.3,63.4,67.3,67.3,65,65.1,67.3,67.3,65.2,65.2,65.1,67.5,68.2,67.5,66.3,66.2,62.8,64.4,65.4,65.1,65.1,68.2,61.4,64.5,63.9,60.3,66.4,60.3,67.5,67.2,65.8,68,65.7,68.6,68.5,68.5,67.9,67.3,68.6,68.6,67.3
06/03/2026 03:15:00,61.3,69.9,63,67.6,67.6,66.8,66.8,67.6,67.6,67.7,65.3,67.6,65.1,68.7,65.3,65.2,64.1,66.1,66.8,66.8,65.2,65.2,63.5,62,60.4,62.8,66.9,64.4,64.4,69.8,64.5,66.8,72.1,68,67.7,67.6,68.3,68.2,67.6,67.7,67.5,67.6,67.7,62.3,65.9,63.9,67.6,67.6,65.1,65.2,67.6,67.6,65.3,65.3,65.2,67.6,68.3,67.6,66.3,66.3,63.7,64.3,64.6,65.2,65.2,68.3,60.4,64.9,61.9,60.3,65.2,60.4,67.6,67.5,61.8,64.1,61.8,68.9,68.8,68.8,68.2,67.6,68.9,68.9,67.6
06/03/2026 03:20:00,61.3,68.7,62.9,67.6,67.6,67,67,67.6,67.6,67.8,65.3,67.7,66.1,69,65.3,64.7,62.8,65.6,67,67,64.3,64.3,63.8,62.4,59.8,61.6,67.4,64.4,64.4,69.1,64.4,68,73.8,69.3,67.8,67.7,68.4,68.2,67.6,67.8,67.5,67.6,67.7,62.4,66,64,67.6,67.6,66.1,64.3,67.6,67.6,65.3,65.3,64.3,67.7,68.4,67.7,65.5,66.5,64,63.9,65.1,64.3,64.3,68.4,59.2,64.9,59.6,61.7,67.3,61.7,67.7,67.5,65.4,67.3,65.4,68.9,68.8,68.8,68.2,67.6,68.9,68.9,67.6
06/03/2026 03:25:00,61.4,68.7,63,67.6,67.6,66.9,66.9,67.6,67.6,67.9,65.3,67.8,65.8,69,65.3,66.6,66.6,67.9,66.9,66.9,65.1,65.1,63.3,62.2,61,62.2,67.1,64.3,64.4,68.9,64.4,66.2,71.3,67.4,67.9,67.8,68.5,68.3,67.6,67.9,67.6,67.6,67.7,62.2,66.2,63.8,67.6,67.6,65.8,65.1,67.6,67.6,65.3,65.3,65.1,67.8,68.5,67.8,66.5,67.9,66.6,67.4,67.6,65.1,65.1,68.5,61.1,65.2,62.4,60.2,65.2,60.3,67.8,67.6,66.9,68.9,66.7,68.7,68.6,68.6,68.3,67.6,68.7,68.7,67.6
06/03/2026 03:30:00,61.3,69.6,63,67.9,67.9,67.1,67.1,67.9,67.9,67.8,65.3,67.8,65.8,69.2,65.3,68,67.7,69,67.1,67.1,65.1,65.1,63.4,63.9,63,62.5,67.3,64.3,64.4,67.4,64.4,62.8,67.8,63.6,67.8,67.8,68.5,68.6,67.9,67.8,68,67.9,68,62.6,66.4,64.1,67.9,67.9,65.8,65.1,67.9,67.9,65.3,65.3,65.1,67.8,68.5,67.8,67.9,69.2,67.2,68.2,67.8,65.1,65.1,68.5,62.4,65,64.3,61.7,67.2,61.8,67.8,68,66.7,69.9,66.4,68.8,68.8,68.8,68.6,67.9,68.8,68.8,67.9
06/03/2026 03:35:00,61.4,69.2,63,68.2,68.2,67.2,67.2,68.2,68.2,68,64.9,68,65.8,69.2,64.9,69.4,69.8,70.6,67.2,67.2,65.3,65.3,63.5,66.1,66.6,64.5,67.3,64.5,64.4,68,64.4,65.2,70.9,66.3,68,68,68.7,68.8,68.2,68,68.1,68.2,68.2,62.2,66.4,63.8,68.2,68.2,65.8,65.3,68.2,68.2,64.9,64.9,65.3,68,68.7,68,65.9,67.7,67.4,68.3,66.6,65.3,65.3,68.7,61.7,67.7,63.2,63.7,68.5,63.6,68,68.1,67.3,71.1,67.1,68.8,68.8,68.8,68.8,68.2,68.8,68.8,68.2
06/03/2026 03:40:00,61.3,69.2,62.9,68.6,68.6,67.7,67.7,68.6,68.6,68.3,65.3,68.2,65.8,69.5,65.3,67.6,68.8,68.7,67.7,67.7,65.1,65.1,63.7,66.4,67.4,64.5,67.4,64.5,64.4,67.2,64.4,65.8,71.4,67,68.3,68.2,68.9,69.2,68.6,68.3,68.5,68.6,68.7,61.7,66.4,63.2,68.6,68.6,65.8,65.1,68.6,68.6,65.3,65.3,65.1,68.2,68.9,68.2,66.4,67.5,66.4,67.6,67.3,65.1,65.1,68.9,61.4,68.5,63.9,64.5,69.1,64.4,68.2,68.5,67.1,73.9,67,69,68.9,68.9,69.2,68.6,69,69,68.6
06/03/2026 03:45:00,61.3,69.8,62.9,68.6,68.6,68,68,68.6,68.6,68.4,65.4,68.3,66,69.7,65.4,69,68.9,70.1,68,68,65.1,65.1,63.6,65.3,64.7,63.2,67.2,64.6,64.4,67.6,64.4,62.3,68.5,63.3,68.4,68.3,69,69.3,68.6,68.4,68.6,68.6,68.8,61.6,66.2,63.2,68.6,68.6,66,65.1,68.6,68.6,65.4,65.4,65.1,68.3,69,68.3,66,67.4,68.5,68.6,67.5,65.1,65.1,69,61.7,67.4,63.1,64.5,69.7,64.4,68.3,68.6,74.5,76.6,74.4,69.1,69,69,69.3,68.6,69.1,69.1,68.6
06/03/2026 03:50:00,61.3,70.6,63,68.9,68.9,67.8,67.8,68.9,68.9,68.4,64.9,68.3,65.7,69.5,64.9,65.3,65.9,66.2,67.8,67.8,65.2,65.2,62.4,65.6,65.2,63.3,67.1,64.5,64.4,67.8,64.4,64.9,71.1,66,68.4,68.3,69,69.5,68.9,68.4,68.9,68.9,69,61.7,66.2,63.2,68.9,68.9,65.7,65.2,68.9,68.9,64.9,64.9,65.2,68.3,69,68.3,65.4,67.4,67.5,68.8,67.5,65.2,65.2,69,61.3,67.3,61.1,64.6,69.5,64.5,68.3,68.9,68.9,74,68.8,68.9,68.8,68.8,69.5,68.9,68.9,68.9,68.9
06/03/2026 03:55:00,61.5,69.8,63.1,68.8,68.8,67.6,67.6,68.8,68.8,68.4,64.9,68.3,65.7,69.4,64.9,67,67.7,68,67.6,67.6,65.2,65.2,63.2,65.5,65.4,64.4,67.4,64.4,64.4,68.3,64.4,66,71.5,67.2,68.4,68.3,69,69.4,68.8,68.4,68.7,68.8,68.9,61.6,66.1,63.2,68.8,68.8,65.7,65.2,68.8,68.8,64.9,64.9,65.2,68.3,69,68.3,66.7,67.9,68,68.4,67.9,65.2,65.2,69,60.6,65.7,61.4,64.6,67,64.5,68.3,68.7,69.4,74.4,69.4,68.8,68.7,68.7,69.4,68.8,68.8,68.8,68.8
06/03/2026 04:00:00,61.5,70.2,63.1,68.8,68.8,67.4,67.4,68.8,68.8,68.3,65.1,68.2,65.5,69.1,65.1,67.9,67.6,69.2,67.4,67.4,65.2,65.2,62.8,66.7,67.9,64.5,67.1,64.5,64.4,69.1,64.4,66.6,70.9,67.8,68.3,68.2,68.9,69.4,68.8,68.3,68.7,68.8,68.9,61.6,66.2,63.1,68.8,68.8,65.5,65.2,68.8,68.8,65.1,65.1,65.2,68.2,68.9,68.2,66.7,68.4,66.4,66.8,66.4,65.2,65.2,68.9,60.6,65,60.5,64.8,66.7,64.7,68.2,68.7,66.8,70.3,66.6,68.9,68.8,68.8,69.4,68.8,68.9,68.9,68.8
06/03/2026 04:05:00,61.6,69.2,63.2,68.7,68.7,67.7,67.7,68.7,68.7,68.3,65,68.2,65.7,69,65,64.8,64.8,65.8,67.7,67.7,65.3,65.3,63.1,65.6,65,64,67.3,64.5,64.5,67.3,64.5,65.5,72.3,66.7,68.3,68.2,68.9,69.3,68.7,68.3,68.6,68.7,68.8,61.4,66.1,62.9,68.7,68.7,65.7,65.3,68.7,68.7,65,65,65.3,68.2,68.9,68.2,67.5,69.2,66.7,66.7,66.6,65.3,65.3,68.9,64.2,66,63.2,60.4,66.9,60.5,68.2,68.6,67.4,70,67.2,68.9,68.8,68.8,69.3,68.7,68.9,68.9,68.7
06/03/2026 04:10:00,61.3,69.4,63,68.9,68.9,67.5,67.5,68.9,68.9,68.6,65.4,68.5,65.8,69.4,65.4,62.8,63.5,63.6,67.5,67.5,65.1,65.1,64,66.4,65.6,63.8,67.2,64.5,64.4,67.8,64.5,64.8,71.3,65.8,68.6,68.5,69.2,69.5,68.9,68.6,68.8,68.9,69,61.3,66.5,62.9,68.9,68.9,65.8,65.1,68.9,68.9,65.4,65.4,65.1,68.5,69.2,68.5,66.5,67.7,63.8,64.5,64.3,65.1,65.1,69.2,63.3,65.1,61.4,64.3,68.5,64.2,68.5,68.8,68,71.4,67.9,68.9,68.8,68.8,69.5,68.9,68.9,68.9,68.9
06/03/2026 04:15:00,61.5,68.8,63.2,69.1,69.1,68.4,68.4,69.1,69.1,68.8,65.3,68.9,65.7,69.7,65.3,66,66.1,67.3,68.4,68.4,64.9,64.9,62.5,64.3,62.2,61.5,67,64.4,64.5,68.7,64.5,65.4,71.5,66.6,68.8,68.9,69.5,69.7,69.1,68.8,69,69.1,69.2,61.4,66.6,62.9,69.1,69.1,65.7,64.9,69.1,69.1,65.3,65.3,64.9,68.9,69.5,68.9,66.7,68.2,67.4,68.2,67,64.9,64.9,69.5,63.7,67.8,62.2,64.7,69.6,64.6,68.9,69,68.5,70.9,68.4,69,69,69,69.7,69.1,69,69,69.1
06/03/2026 04:20:00,61.7,68.8,63.3,69.4,69.4,68.6,68.6,69.4,69.4,69.1,65.2,69,66,69.9,65.2,66.2,67.8,67.3,68.6,68.6,65.1,65.1,63.6,66.2,65.4,63.2,67.3,64.4,64.4,68.9,64.4,63.9,69.3,65,69.1,69,69.7,70,69.4,69.1,69.3,69.4,69.5,58.8,64.7,60.3,69.4,69.4,66,65.1,69.4,69.4,65.2,65.2,65.1,69,69.7,69,67.6,69.8,68.7,68.2,67.7,65.1,65.1,69.7,64.6,67.1,63.7,64.3,68.9,64.3,69,69.3,69.2,72.6,69.1,69.4,69.3,69.3,70,69.4,69.4,69.4,69.4
06/03/2026 04:25:00,61.5,69.7,63.1,69.5,69.5,68.6,68.6,69.5,69.5,69.3,65.3,69.3,65.7,70.1,65.3,65.4,66.9,66.4,68.6,68.6,65.3,65.3,64.5,67.2,66.2,63.5,67.1,64.4,64.5,67.7,64.4,66.3,73.8,67.5,69.3,69.3,69.9,70.1,69.5,69.3,69.4,69.5,69.6,59.4,66.2,60.9,69.5,69.5,65.7,65.3,69.5,69.5,65.3,65.3,65.3,69.3,69.9,69.3,67.7,69.6,67.2,67.1,66.4,65.3,65.3,69.9,63.9,66.9,64.1,65.2,69.9,65.1,69.3,69.4,68.9,72.8,68.8,69.4,69.5,69.5,70.1,69.5,69.4,69.4,69.5
06/03/2026 04:30:00,61.5,69.8,63.1,69.9,69.9,68.8,68.8,69.9,69.9,69.4,65.3,69.3,65.8,70.3,65.3,66.9,67.3,67.9,68.8,68.8,65.3,65.3,64.4,66.8,64.4,62.1,67.1,64.5,64.5,67.5,64.5,67,73.4,68.3,69.4,69.3,70,70.5,69.9,69.4,69.8,69.9,69.9,60.6,66.6,62.1,69.9,69.9,65.8,65.3,69.9,69.9,65.3,65.3,65.3,69.3,70,69.3,68.5,70.6,68.8,67.7,67.8,65.3,65.3,70,63.9,67.6,62.4,65,70.3,64.9,69.3,69.8,71.5,74.8,71.4,69.9,69.8,69.8,70.5,69.9,69.9,69.9,69.9
06/03/2026 04:35:00,61.5,69.7,63,70,70,69.1,69.1,70,70,69.7,65.4,69.6,65.9,70.5,65.4,69.6,70.5,70.9,69.1,69.1,65.4,65.4,63.3,67,66.9,64.4,67.2,64.4,64.6,67.6,64.6,69.6,74.7,71,69.7,69.6,70.3,70.6,70,69.7,69.9,70,70.1,61.1,68.6,62.7,70,70,65.9,65.4,70,70,65.4,65.4,65.4,69.6,70.3,69.6,68.8,70.8,67.4,67.3,67.2,65.4,65.4,70.3,60.9,67.9,63.4,65.1,71,65,69.6,69.9,66.3,72.1,66.3,70,69.9,69.9,70.6,70,70,70,70
06/03/2026 04:40:00,61.8,70.3,63.4,70.4,70.4,69.2,69.2,70.4,70.4,69.9,65.2,69.8,66,70.9,65.2,72.1,74.1,73.6,69.2,69.2,65.3,65.3,64.3,69.1,69.5,64.5,67.3,64.6,64.5,67.5,64.5,67.8,73.3,69.1,69.9,69.8,70.5,71,70.4,69.9,70.3,70.4,70.5,61,68.5,62.6,70.4,70.4,66,65.3,70.4,70.4,65.2,65.2,65.3,69.8,70.5,69.8,68.7,71.5,71.2,70.1,69.6,65.3,65.3,70.5,62.7,67.7,61.9,67.6,71.5,67.5,69.8,70.3,69.3,73.7,69.2,70.5,70.4,70.4,71,70.4,70.5,70.5,70.4
06/03/2026 04:45:00,62.1,70.2,63.6,70.5,70.5,69.4,69.4,70.5,70.5,70.1,65.2,70,65.8,71,65.2,71.4,73.5,72.8,69.4,69.4,65.3,65.3,63.9,70.3,71.8,65.8,67.2,64.5,64.6,66.9,64.6,69.3,72.7,70.7,70.1,70,70.7,71.1,70.5,70.1,70.4,70.5,70.6,61.5,69.1,63,70.5,70.5,65.8,65.3,70.5,70.5,65.2,65.2,65.3,70,70.7,70,68.7,71.4,72,70.5,70.3,65.3,65.3,70.7,63.6,69.3,64.6,67.2,71.7,67.1,70,70.4,70.9,74.2,70.8,70.9,70.8,70.8,71.1,70.5,70.9,70.9,70.5
06/03/2026 04:50:00,62.1,69.7,63.8,70.6,70.6,69.5,69.5,70.6,70.6,70,65.3,69.9,65.9,71.1,65.3,68.9,71.4,70.3,69.5,69.5,65.2,65.2,64,70.5,72.1,65.8,67.3,64.5,64.6,67.8,64.6,69.8,74,71.3,70,69.9,70.6,71.2,70.6,70,70.5,70.6,70.7,62.4,69,63.9,70.6,70.6,65.9,65.2,70.6,70.6,65.3,65.3,65.2,69.9,70.6,69.9,68.4,71.3,73.3,71.8,71.4,65.2,65.2,70.6,66,71,66.2,68.3,72.8,68.2,69.9,70.5,70.8,72.8,70.7,70.7,70.6,70.6,71.2,70.6,70.7,70.7,70.6
06/03/2026 04:55:00,62,70.5,63.7,70.4,70.4,69.1,69.1,70.4,70.4,69.6,65.2,69.5,65.8,70.9,65.2,69.7,72.8,71,69.1,69.1,65.2,65.2,64.5,68.8,68.2,64.5,67.1,64.5,64.5,66.9,64.4,68.1,72.7,69.4,69.6,69.5,70.2,71,70.4,69.6,70.3,70.4,70.5,62.8,69.3,64.3,70.4,70.4,65.8,65.2,70.4,70.4,65.2,65.2,65.2,69.5,70.2,69.5,68.7,71.4,73.7,72,71.6,65.2,65.2,70.2,64,68.8,64.5,64.2,70,64.2,69.5,70.3,69.3,72.8,69.2,70.7,70.6,70.6,71,70.4,70.7,70.7,70.4
06/03/2026 05:00:00,61.7,69.7,63.4,70.4,70.4,70,70,70.4,70.4,70.1,65.6,70,66.1,70.6,65.6,68.7,71.4,69.9,70,70,65.5,65.5,64.8,69.2,67.5,64.5,67.2,64.5,64.5,66.9,64.5,66.8,74.3,68,70.1,70,70.7,71,70.4,70.1,70.3,70.4,70.5,61,68.1,62.5,70.4,70.4,66.1,65.5,70.4,70.4,65.6,65.6,65.5,70,70.7,70,70,74,73.5,72.3,71.6,65.5,65.5,70.7,66.3,70.1,66.7,64.9,69.7,64.8,70,70.3,66.8,70.3,66.8,70.4,70.3,70.3,71,70.4,70.4,70.4,70.4
06/03/2026 05:05:00,61.7,69.9,63.2,70.4,70.4,70.3,70.3,70.4,70.4,70,65.7,69.9,66.4,70.7,65.7,67.6,70,68.8,70.3,70.3,65.7,65.7,64.3,68.7,67.4,63.9,67.3,64.5,64.5,66.7,64.5,69,75.8,70.4,70,69.9,70.6,71,70.4,70,70.3,70.4,70.5,61.9,68.8,63.4,70.4,70.4,66.4,65.7,70.4,70.4,65.7,65.7,65.7,69.9,70.6,69.9,69.8,73.8,70.9,69.6,69.1,65.7,65.7,70.6,60.6,67.5,62.5,63,68.3,63,69.9,70.3,64.9,69.3,64.8,70.2,70.1,70.1,71,70.4,70.2,70.2,70.4
06/03/2026 05:10:00,62,70.9,63.7,70.4,70.4,70.3,70.3,70.4,70.4,69.9,65.8,69.8,66.3,70.7,65.8,67.7,70.3,68.8,70.3,70.3,65.8,65.8,64.9,69.5,68.6,64.6,67.5,64.6,64.5,66.2,64.5,67.5,74.3,68.7,69.9,69.8,70.5,71,70.4,69.9,70.3,70.4,70.5,61.1,68.6,62.6,70.4,70.4,66.3,65.8,70.4,70.4,65.8,65.8,65.8,69.8,70.5,69.8,69.2,72.5,68.5,68.6,67.8,65.8,65.8,70.5,62,67.6,63.3,64.1,68.2,64,69.8,70.3,64,68.8,64,70.1,70,70,71,70.4,70.1,70.1,70.4
06/03/2026 05:15:00,61.7,69.9,63.3,70.6,70.6,70.3,70.3,70.6,70.6,69.9,65.8,69.8,66.4,70.9,65.8,68.2,70.8,69.4,70.3,70.3,65.7,65.7,64.8,70.7,70.5,65,67.3,64.6,64.5,66.8,64.5,67.6,75.5,69,69.9,69.8,70.5,71.2,70.6,69.9,70.5,70.6,70.7,62,70.1,63.6,70.6,70.6,66.4,65.7,70.6,70.6,65.8,65.8,65.7,69.8,70.5,69.8,69.4,72.1,66,67.1,65.8,65.7,65.7,70.5,62.2,68.7,63.6,64.8,69.9,64.8,69.8,70.5,65.2,70.1,65.2,70,69.9,69.9,71.2,70.6,70,70,70.6
06/03/2026 05:20:00,61.7,69.6,63.3,70.5,70.5,70.2,70.2,70.5,70.5,69.8,65.7,69.7,66.3,70.8,65.7,66.9,71.3,68,70.2,70.2,65.7,65.7,65,71.8,72.7,66.1,67.5,64.7,64.6,67,64.6,70.1,76.2,71.7,69.8,69.7,70.4,71.1,70.5,69.8,70.4,70.5,70.6,61.1,69.3,62.5,70.5,70.5,66.3,65.7,70.5,70.5,65.7,65.7,65.7,69.7,70.4,69.7,69.7,73,68.6,69.6,68.2,65.7,65.7,70.4,64,69.6,64.3,64.7,70,64.6,69.7,70.4,66,70.4,66,70.2,70.1,70.1,71.1,70.5,70.2,70.2,70.5
06/03/2026 05:25:00,62.1,69.6,63.7,70.7,70.7,69.8,69.8,70.7,70.7,69.6,65.7,69.5,66.2,71,65.7,68.2,71.4,69.5,69.8,69.8,65.6,65.6,64.8,71.7,73.4,66.9,67.3,64.6,64.7,67.1,64.7,71.8,77.2,73.5,69.6,69.5,70.2,71.3,70.7,69.6,70.6,70.7,70.8,60.8,69.4,62.3,70.7,70.7,66.2,65.6,70.7,70.7,65.7,65.7,65.6,69.5,70.2,69.5,69.3,72.3,69.8,69.9,69.1,65.6,65.6,70.2,63.2,69.1,64.5,64.2,69.3,64.2,69.5,70.6,67.5,71.5,67.4,70.3,70.2,70.2,71.3,70.7,70.3,70.3,70.7
06/03/2026 05:30:00,62.4,70.8,64.1,70.7,70.7,69.6,69.6,70.7,70.7,69.4,65.5,69.3,66.1,71,65.5,68.6,71.9,69.8,69.6,69.6,65.4,65.4,64.1,70.2,71.6,65.3,67.2,64.6,64.6,67,64.6,73,77.7,74.7,69.4,69.3,70,71.3,70.7,69.4,70.6,70.7,70.8,61.4,69.9,62.8,70.7,70.7,66.1,65.4,70.7,70.7,65.5,65.5,65.4,69.3,70,69.3,68.6,70.8,69.7,68.8,68.8,65.4,65.4,70,62.1,68.3,63.8,64.4,69.2,64.3,69.3,70.6,67.4,72.1,67.3,70.3,70.2,70.2,71.3,70.7,70.3,70.3,70.7
06/03/2026 05:35:00,62.6,70.8,64.2,70.2,70.2,69.4,69.4,70.2,70.2,69.2,65.3,69.1,65.8,71.1,65.3,68.6,71.7,69.9,69.4,69.4,65.2,65.2,63.7,70.9,72.5,65.2,67.3,64.7,64.6,67.1,64.6,70.9,75.7,72.4,69.2,69.1,69.8,70.8,70.2,69.2,70.1,70.2,70.3,60.6,69.2,62.1,70.2,70.2,65.8,65.2,70.2,70.2,65.3,65.3,65.2,69.1,69.8,69.1,68.1,69.9,68.8,68.4,67.6,65.2,65.2,69.8,62.1,68.8,63.8,64.3,69,64.2,69.1,70.1,68.2,73.9,68.2,70.2,70.1,70.1,70.8,70.2,70.2,70.2,70.2
06/03/2026 05:40:00,62.1,70.3,63.7,69.5,69.5,69.4,69.4,69.5,69.5,69.1,65.2,69,65.8,70.9,65.2,67.6,70.5,68.8,69.4,69.4,65.1,65.1,61.7,68,69.9,64.9,67.2,64.5,64.5,66.5,64.5,72.2,76.8,73.9,69.1,69,69.7,70.1,69.5,69.1,69.4,69.5,69.6,60.2,68.1,61.6,69.5,69.5,65.8,65.1,69.5,69.5,65.2,65.2,65.1,69,69.7,69,67,68.9,66.8,67.6,66,65.1,65.1,69.7,63.1,69.8,64.2,64,69.7,64,69,69.4,70.2,73.4,70.1,70.3,70.2,70.2,70.1,69.5,70.3,70.3,69.5
06/03/2026 05:45:00,62.2,68.9,63.8,69.2,69.2,69.2,69.2,69.2,69.2,69.1,65.2,69,65.8,71,65.2,66.7,69.3,68,69.2,69.2,65.1,65.1,56.5,59,63.3,61.5,66.9,64.5,64.5,66.9,64.5,72.2,75.9,73.8,69.1,69,69.7,69.8,69.2,69.1,69.1,69.2,69.3,61.6,68.8,63.1,69.2,69.2,65.8,65.1,69.2,69.2,65.2,65.2,65.1,69,69.7,69,67.8,69.8,67.4,68.3,66.7,65.1,65.1,69.7,62,70.1,63.7,64.1,70.3,64,69,69.1,72.1,74.6,71.9,70.5,70.4,70.4,69.8,69.2,70.5,70.5,69.2
06/03/2026 05:50:00,62.4,69.7,64.1,69.1,69.1,69.2,69.2,69.1,69.1,69.1,65.1,69,65.7,71.1,65.1,68.1,70.8,69.5,69.2,69.2,65,65,45.9,45.1,54.4,57.1,66.8,64.5,64.5,67.6,64.5,69.2,73.5,70.7,69.1,69,69.7,69.7,69.1,69.1,69,69.1,69.2,62.3,68.9,63.9,69.1,69.1,65.7,65,69.1,69.1,65.1,65.1,65,69,69.7,69,69.1,71.1,67.7,68.2,66.6,65,65,69.7,66,71,66,68.1,71.6,68,69,69,73,74.1,72.8,71,70.9,70.9,69.7,69.1,71,71,69.1
06/03/2026 05:55:00,62.9,70.7,64.5,68.7,68.7,69.2,69.2,68.7,68.7,69,65.1,68.9,65.7,71.1,65.1,66.7,70.1,67.9,69.2,69.2,65,65,38.6,35.4,47.4,53.2,67,64.5,64.5,66.4,64.5,69.1,73,70.5,69,68.9,69.6,69.3,68.7,69,68.6,68.7,68.8,61.7,68.8,63.2,68.7,68.7,65.7,65,68.7,68.7,65.1,65.1,65,68.9,69.6,68.9,67.7,70.3,68.4,68.2,67.5,65,65,69.6,66.4,70.5,64.9,66.8,70.9,66.7,68.9,68.6,73.7,75,73.5,70.9,70.8,70.8,69.3,68.7,70.9,70.9,68.7
06/03/2026 06:00:00,63.2,71.9,64.8,66.1,66.1,67.1,67.1,66.1,66.1,66.6,65,66.5,65.6,68.9,65,64.5,67,65.5,67.1,67.1,64.9,64.9,33.9,30.5,45.4,52.2,66.9,64.5,64.4,65.7,64.4,63.3,66.6,64.4,66.6,66.5,67.2,66.7,66.1,66.6,66,66.1,66.2,62.7,67.3,64.2,66.1,66.1,65.6,64.9,66.1,66.1,65,65,64.9,66.5,67.2,66.5,65.5,68,66.5,68.2,66.1,64.9,64.9,67.2,63.7,68.4,63.3,61.7,68.5,61.8,66.5,66,67.1,71.4,67,69.5,69.4,69.4,66.7,66.1,69.5,69.5,66.1
06/03/2026 06:05:00,62.9,71.2,64.5,65.2,65.2,65.8,65.8,65.2,65.2,65.2,64.9,65.1,65.5,67.9,64.9,64.1,67.4,65.1,65.8,65.8,64.8,64.8,36,32.1,47.4,52.1,66.8,64.4,64.3,64.2,64.3,61.4,63.9,62.3,65.2,65.1,65.8,65.8,65.2,65.2,65.1,65.2,65.3,62.8,66.9,64.3,65.2,65.2,65.5,64.8,65.2,65.2,64.9,64.9,64.8,65.1,65.8,65.1,64.8,66.4,65.3,67.3,66.2,64.8,64.8,65.8,63.1,67.3,62.4,59.1,66.1,59.2,65.1,65.1,67,70.2,66.9,68.6,68.5,68.5,65.8,65.2,68.6,68.6,65.2
06/03/2026 06:10:00,62.9,70.7,64.6,64.7,64.7,64.7,64.7,64.7,64.7,64.4,64.7,64.3,65.2,67.3,64.7,64,66.7,65,64.7,64.7,64.6,64.6,36.1,32,46.8,53.3,66.7,64.4,64.3,64.5,64.3,57,58.2,57.6,64.4,64.3,65,65.3,64.7,64.4,64.6,64.7,64.8,61.2,65.9,62.6,64.7,64.7,65.2,64.6,64.7,64.7,64.7,64.7,64.6,64.3,65,64.3,63.1,65.1,65.4,66.9,65.2,64.6,64.6,65,62,66.6,61,59.4,66.7,59.6,64.3,64.6,65.8,68.7,65.9,68,67.9,67.9,65.3,64.7,68,68,64.7
06/03/2026 06:15:00,63,70.4,64.6,64.2,64.2,64.1,64.1,64.2,64.2,64,64.6,63.9,65.2,66.8,64.6,65.5,68.2,66.5,64.1,64.1,64.5,64.5,33.1,27.5,42.9,50.9,66.9,64.5,64.2,64.7,64.2,58.8,62.2,59.5,64,63.9,64.6,64.8,64.2,64,64.1,64.2,64.3,61.7,65.6,63.1,64.2,64.2,65.2,64.5,64.2,64.2,64.6,64.6,64.5,63.9,64.6,63.9,63.5,65.9,64.7,66.3,65.2,64.5,64.5,64.6,62.1,67.3,59.9,59.7,65.6,59.8,63.9,64.1,64.9,69,64.8,68,67.9,67.9,64.8,64.2,68,68,64.2
06/03/2026 06:20:00,62.4,68.7,64,63.5,63.5,63.3,63.3,63.5,63.5,63.5,64.4,63.4,65.1,66.6,64.4,63.8,66.1,64.7,63.3,63.3,64.4,64.4,31.9,26.7,42.7,50.7,66.9,64.5,64.2,65.3,64.2,57.9,60.8,58.6,63.5,63.4,64.1,64,63.5,63.5,63.4,63.5,63.6,61,64.7,62.5,63.5,63.5,65.1,64.4,63.5,63.5,64.4,64.4,64.4,63.4,64.1,63.4,63.8,65.4,63.6,65.8,63.7,64.4,64.4,64.1,61.2,65.4,58.6,60.2,65.1,60.3,63.4,63.4,65.2,69.5,65.1,67.8,67.7,67.7,64,63.5,67.8,67.8,63.5
06/03/2026 06:25:00,62.9,70.3,64.5,63.1,63.1,62.8,62.8,63.1,63.1,63.3,64.4,63.2,65,66.4,64.4,66.2,67,67.3,62.8,62.8,64.3,64.3,30.5,25.4,42.8,49.9,67.1,64.6,64.2,65.8,64.1,59.4,63.7,60.2,63.3,63.2,63.9,63.6,63.1,63.3,63,63.1,63.1,59.1,63.3,60.5,63.1,63.1,65,64.3,63.1,63.1,64.4,64.4,64.3,63.2,63.9,63.2,62.9,64.1,64.1,66.1,65.4,64.3,64.3,63.9,60.8,65.6,59.8,57.9,64.6,58.1,63.2,63,65.8,69.4,65.8,67.9,67.8,67.8,63.6,63.1,67.9,67.9,63.1
06/03/2026 06:30:00,62.5,70.9,64.2,62.3,62.3,62.2,62.2,62.3,62.3,63,64.3,62.9,64.9,66.2,64.3,65.7,68.1,66.9,62.2,62.2,64.2,64.2,31.6,27.2,43.3,49.8,67,64.6,64.2,65.8,64.2,58.5,62.3,59.2,63,62.9,63.5,62.8,62.3,63,62.2,62.3,62.4,59.3,63,60.8,62.3,62.3,64.9,64.2,62.3,62.3,64.3,64.3,64.2,62.9,63.5,62.9,62.8,64,66.1,66.2,65.7,64.2,64.2,63.5,60,64.4,56.8,56.8,63.5,57,62.9,62.2,65.2,69,65.1,67.9,67.8,67.8,62.8,62.3,67.9,67.9,62.3
06/03/2026 06:35:00,62.9,70.9,64.5,61.5,61.5,61.4,61.4,61.5,61.5,62.8,64.1,62.7,64.8,66,64.1,64.1,66.7,65.1,61.4,61.4,64.1,64.1,33.4,29,43.4,50,66.7,64.4,64.2,65.6,64.2,56.9,60.9,57.5,62.8,62.7,63.3,62,61.5,62.8,61.4,61.5,61.6,56,60.4,57.4,61.5,61.5,64.8,64.1,61.5,61.5,64.1,64.1,64.1,62.7,63.3,62.7,58.8,60,65.1,64.2,64.7,64.1,64.1,63.3,59.5,63.2,57.2,57.9,62.2,58.1,62.7,61.4,65.1,68.8,65,67.5,67.4,67.4,62,61.5,67.5,67.5,61.5
06/03/2026 06:40:00,61.8,69.2,63.4,60.3,60.3,60.2,60.2,60.3,60.3,62.6,64.1,62.5,64.7,65.9,64.1,64.4,66.4,65.4,60.2,60.2,64,64,31.8,27.2,42.2,49.9,66.6,64.4,64.1,65.5,64.1,57.7,60.1,58.4,62.6,62.5,63.1,60.8,60.3,62.6,60.2,60.3,60.3,56.5,60.1,57.9,60.3,60.3,64.7,64,60.3,60.3,64.1,64.1,64,62.5,63.1,62.5,51.7,53.1,60.3,61.6,60.8,64,64,63.1,60,64.6,59.3,59.4,62.1,59.5,62.5,60.2,63.7,67.3,63.6,67.4,67.3,67.3,60.8,60.3,67.4,67.4,60.3
06/03/2026 06:45:00,61.5,66.9,63,59.1,59.1,59,59,59.1,59.1,62.4,64.1,62.3,64.7,65.6,64.1,68.1,70.9,69.3,59,59,64,64,29.5,24.5,40.4,48.3,66.6,64.3,64.2,65.4,64.1,59,62.6,59.7,62.4,62.3,62.9,59.6,59.1,62.4,59,59.1,59.1,58,60.4,59.4,59.1,59.1,64.7,64,59.1,59.1,64.1,64.1,64,62.3,62.9,62.3,46.7,46.2,58.9,59.3,60,64,64,62.9,58.1,63.5,58.8,58.3,59.4,58.4,62.3,59,63.3,68.3,63.3,67.5,67.4,67.4,59.6,59.1,67.5,67.5,59.1
06/03/2026 06:50:00,62,67.2,63.5,57.8,57.8,57.8,57.8,57.8,57.8,62.3,63.9,62.2,64.6,65.6,63.9,65.7,68.6,66.7,57.8,57.8,63.9,63.9,28.5,24.2,40.5,49.8,66.6,64.4,64.1,65.5,64.1,60.3,63.5,61.1,62.3,62.2,62.8,58.4,57.8,62.3,57.8,57.8,57.9,56.4,58.8,57.8,57.8,57.8,64.6,63.9,57.8,57.8,63.9,63.9,63.9,62.2,62.8,62.2,44.5,43.5,57.5,57.5,59,63.9,63.9,62.8,57.9,62.5,59.1,58.8,59.5,58.9,62.2,57.8,63,67.1,63,67.5,67.4,67.4,58.4,57.8,67.5,67.5,57.8
06/03/2026 06:55:00,62.2,68.6,63.8,57.4,57.4,57.3,57.3,57.4,57.4,62.4,64,62.3,64.6,65.1,64,66.2,68,67.5,57.3,57.3,63.9,63.9,28.8,23.4,40.9,49.2,66.5,64.3,64.1,65.7,64.1,60.5,63.6,61.3,62.4,62.3,62.9,57.9,57.4,62.4,57.3,57.4,57.4,58.2,59.7,59.6,57.4,57.4,64.6,63.9,57.4,57.4,64,64,63.9,62.3,62.9,62.3,40.9,40.8,56.1,56.5,57.8,63.9,63.9,62.9,59.4,63.4,59.7,59.2,60,59.3,62.3,57.3,63.1,65.3,63,67.5,67.4,67.4,57.9,57.4,67.5,67.5,57.4
06/03/2026 07:00:00,61.7,68.6,63.2,56,56,55.9,55.9,56,56,62.3,64,62.2,64.6,65.1,64,67.8,69.1,69.2,55.9,55.9,63.9,63.9,29.1,23.7,39.8,49.2,66.7,64.4,64.2,66.4,64.1,62.9,67,64,62.3,62.2,62.8,56.5,56,62.3,55.9,56,56,55.8,57.5,57.2,56,56,64.6,63.9,56,56,64,64,63.9,62.2,62.8,62.2,42.3,42,59.7,58.2,60.7,63.9,63.9,62.8,58.9,63.6,60.5,58.8,60,58.9,62.2,55.9,61.3,62.1,61.3,67.4,67.3,67.3,56.5,56,67.4,67.4,56
06/03/2026 07:05:00,60.7,58.3,62.2,53.1,53.1,53.1,53.1,53.1,53.1,62.2,63.9,62.1,64.5,64.9,63.9,67.6,68.8,68.9,53.1,53.1,63.8,63.8,28.4,21.9,39.1,48.4,66.5,64.3,64.2,66.2,64.2,59.4,61,60.2,62.2,62.1,62.7,53.6,53.1,62.2,53.1,53.1,53.2,55.5,55.8,56.9,53.1,53.1,64.5,63.8,53.1,53.1,63.9,63.9,63.8,62.1,62.7,62.1,49.7,49.6,59.9,60.5,60.7,63.8,63.8,62.7,58.7,63.1,58.2,55.9,57.6,56.2,62.1,53.1,57.7,59.3,57.8,66.9,66.8,66.8,53.6,53.1,66.9,66.9,53.1
06/03/2026 07:10:00,60,61.6,61.5,50.4,50.4,50.4,50.4,50.4,50.4,61.8,63.6,61.7,64.1,64.2,63.6,69.2,71,70.6,50.4,50.4,63.5,63.5,28.5,21.7,38.3,47.3,66.9,64.6,64.1,66,64.1,54.2,52.8,54.6,61.8,61.7,62.3,50.9,50.4,61.8,50.4,50.4,50.5,54.8,54.1,56.2,50.4,50.4,64.1,63.5,50.4,50.4,63.6,63.6,63.5,61.7,62.3,61.7,50.1,51.1,59.7,60.2,60.5,63.5,63.5,62.3,58.6,62.7,58.4,52.8,55.3,53.1,61.7,50.4,55.3,56.2,55.5,66.2,66.1,66.1,50.9,50.4,66.2,66.2,50.4
06/03/2026 07:15:00,60,63.5,61.5,52.5,52.5,47.1,47.1,52.5,52.5,61.5,63.4,61.4,64,63.6,63.4,68.1,70,69.5,47.1,47.1,63.4,63.4,28.4,22.2,39.2,47.2,67,64.7,64.2,66.1,64.2,55.3,55.1,55.8,61.5,61.4,62,52.9,52.5,61.5,52.4,52.5,52.5,54.9,55.1,56.3,52.5,52.5,64,63.4,52.5,52.5,63.4,63.4,63.4,61.4,62,61.4,47.2,48.1,59.3,60.2,60.3,63.4,63.4,62,57.9,62.3,57.7,53.3,52.5,53.5,61.4,52.4,56.2,57.4,56.3,65.6,65.5,65.5,52.9,52.5,65.6,65.6,52.5
06/03/2026 07:20:00,59.7,63.5,61.1,51.6,51.6,42.5,42.5,51.6,51.6,61.1,63.3,61,63.9,62.8,63.3,66.2,67.4,67.2,42.5,42.5,63.3,63.3,27.1,20.4,36.3,46.8,67.1,64.7,64.2,66,64.2,43,39.8,42.6,61.1,61,61.6,52.1,51.6,61.1,51.6,51.6,51.7,52.9,53.3,54.3,51.6,51.6,63.9,63.3,51.6,51.6,63.3,63.3,63.3,61,61.6,61,43.6,42.9,54.7,54.7,56.8,63.3,63.3,61.6,58.8,62.5,57.6,51.1,52.8,51.4,61,51.6,54.4,55.6,54.6,65.1,65,65,52.1,51.6,65.1,65.1,51.6
06/03/2026 07:25:00,60.2,65.1,61.7,49.5,49.5,39.3,39.3,49.5,49.5,60.5,62.9,60.4,63.6,62,62.9,66.8,67.5,68.1,39.3,39.3,62.9,62.9,28.5,21.9,38,47.5,66.9,64.6,64.3,64.6,64.3,36.2,28.7,35.2,60.5,60.4,61,50,49.5,60.5,49.5,49.5,49.6,41.5,45.3,42.7,49.5,49.5,63.6,62.9,49.5,49.5,62.9,62.9,62.9,60.4,61,60.4,39.9,39.3,45.2,44.3,49.7,62.9,62.9,61,58.9,62.9,58.5,54.1,53.9,54.4,60.4,49.5,46.7,41.7,46.8,64.8,64.7,64.7,50,49.5,64.8,64.8,49.5
06/03/2026 07:30:00,60,64.9,61.5,46.2,46.2,37,37,46.2,46.2,60,62.6,59.9,63.3,61.2,62.6,66.2,67.6,67.2,37,37,62.6,62.6,27.4,21.7,38.4,47.8,66.8,64.6,64.3,63.6,64.3,32.5,24.4,31.3,60,59.9,60.5,46.7,46.2,60,46.2,46.2,46.3,31.8,37.3,32.9,46.2,46.2,63.3,62.6,46.2,46.2,62.6,62.6,62.6,59.9,60.5,59.9,37.8,35.6,35.1,34.6,41.7,62.6,62.6,60.5,59.7,64.6,59.7,53.2,53.4,53.5,59.9,46.2,49.9,48.1,50,64.2,64.1,64.1,46.7,46.2,64.2,64.2,46.2
06/03/2026 07:35:00,60.6,66,62.1,44.3,44.3,36.3,36.3,44.3,44.3,59.5,62.4,59.4,63.1,60.8,62.4,66.2,67.6,67.5,36.3,36.3,62.4,62.4,27.6,20.7,38.2,46.8,66.6,64.4,64.3,63.6,64.3,30.6,21.8,29.4,59.5,59.4,60,44.8,44.3,59.5,44.3,44.3,44.4,31.1,34.8,32.3,44.3,44.3,63.1,62.4,44.3,44.3,62.4,62.4,62.4,59.4,60,59.4,36.6,34.6,26.6,27.3,35.1,62.4,62.4,60,59.2,64.5,59.9,53.2,52.8,53.5,59.4,44.3,42.4,37,42.5,63.9,63.8,63.8,44.8,44.3,63.9,63.9,44.3
06/03/2026 07:40:00,60.6,66.4,62.1,44.1,44.1,34.6,34.6,44.1,44.1,58.7,62,58.6,62.6,59.8,62,64.6,65.3,65.6,34.6,34.6,62,62,28.4,22.4,39.2,47.5,66.6,64.3,64.3,60.8,64.3,30.5,24.5,29.1,58.7,58.6,59.2,44.6,44.1,58.7,44.1,44.1,44.2,34.6,37,35.8,44.1,44.1,62.6,62,44.1,44.1,62,62,62,58.6,59.2,58.6,37.6,36.5,23.9,23.9,32.6,62,62,59.2,58.6,63.1,58.4,53.8,53.4,54,58.6,44.1,32.7,26.8,32.9,62.6,62.5,62.5,44.6,44.1,62.6,62.6,44.1
06/03/2026 07:45:00,60,66.4,61.5,42.6,42.6,34.3,34.3,42.6,42.6,57.9,61.7,57.8,62.3,58.6,61.7,65.3,64.9,66.3,34.3,34.3,61.7,61.7,27,20.3,37.5,47.7,66.8,64.5,64.3,62.2,64.3,29.7,25.4,28.3,57.9,57.8,58.4,43,42.6,57.9,42.6,42.6,42.7,42.7,42.2,43.9,42.6,42.6,62.3,61.7,42.6,42.6,61.7,61.7,61.7,57.8,58.4,57.8,34.1,33.6,23.2,24,32.2,61.7,61.7,58.4,58.2,62.9,58.2,54.7,55.5,54.9,57.8,42.6,31.6,26.2,32.4,61.7,61.6,61.6,43,42.6,61.7,61.7,42.6
06/03/2026 07:50:00,60.4,66.3,61.9,41.9,41.9,33.1,33.1,41.9,41.9,57.6,61.5,57.5,62.1,58.6,61.5,63.3,64.1,64.1,33.1,33.1,61.5,61.5,24.8,17.9,36,46.9,66.8,64.5,64.2,63.5,64.2,29.7,28.3,28.3,57.6,57.5,58.1,42.3,41.9,57.6,41.9,41.9,42,47.4,45,48.7,41.9,41.9,62.1,61.5,41.9,41.9,61.5,61.5,61.5,57.5,58.1,57.5,34.4,33.3,22.3,21.7,30.3,61.5,61.5,58.1,57.3,63,57.2,49.3,48.5,49.7,57.5,41.9,30.4,26.1,30.6,61.4,61.3,61.3,42.3,41.9,61.4,61.4,41.9
06/03/2026 07:55:00,60.5,67.6,62,40.8,40.8,33.9,33.9,40.8,40.8,57.4,61.5,57.4,62,58.4,61.5,65.3,66.2,66.5,33.9,33.9,61.4,61.4,27.8,20.5,38.9,47.4,67,64.6,64.2,63.6,64.2,30.3,29.6,28.9,57.4,57.4,58,41.2,40.8,57.4,40.8,40.8,40.9,51.9,47.4,53.3,40.8,40.8,62,61.4,40.8,40.8,61.5,61.5,61.4,57.4,58,57.4,32.9,32,21.5,20.7,29.3,61.4,61.4,58,58.5,62.1,55.9,44,42,44.5,57.4,40.8,35.5,26.2,35.6,60.8,60.7,60.7,41.2,40.8,60.8,60.8,40.8
06/03/2026 08:00:00,59.2,67.5,60.6,40.3,40.3,33.3,33.3,40.3,40.3,57.8,61.6,57.7,62.3,58.9,61.6,65,66.1,66.2,33.3,33.3,61.6,61.6,27.7,19.6,36.6,46.6,66.9,64.6,64.3,62.7,64.3,31.4,32.2,30.2,57.8,57.7,58.3,40.7,40.3,57.8,40.3,40.3,40.4,52.2,46.9,53.5,40.3,40.3,62.3,61.6,40.3,40.3,61.6,61.6,61.6,57.7,58.3,57.7,32.2,32.1,19.2,18.8,27.9,61.6,61.6,58.3,56.5,60.6,56.6,48.9,47.9,49.3,57.7,40.3,38.3,29.2,38.4,60.3,60.2,60.2,40.7,40.3,60.3,60.3,40.3
06/03/2026 08:05:00,59.6,65.9,61,42.2,42.2,33.7,33.7,42.2,42.2,58.1,61.5,58,62.2,59,61.5,66,67.1,67.2,33.7,33.7,61.5,61.5,28.8,21.2,38.8,46.9,66.7,64.4,64.3,60.7,64.2,32.2,33.2,31.1,58.1,58,58.6,42.6,42.2,58.1,42.2,42.2,42.3,52.7,48.7,54.1,42.2,42.2,62.2,61.5,42.2,42.2,61.5,61.5,61.5,58,58.6,58,32.3,31.9,20,19.8,28.1,61.5,61.5,58.6,58.2,61.1,55.8,52.3,52.5,52.6,58,42.2,33.8,25.4,33.9,60.8,60.7,60.7,42.6,42.2,60.8,60.8,42.2
06/03/2026 08:10:00,60,66.3,61.4,42.1,42.1,33.5,33.5,42.1,42.1,58.1,61.5,58,62.2,58.7,61.5,64,63.6,65.1,33.5,33.5,61.5,61.5,29.6,23.9,39.2,47.1,66.8,64.5,64.2,62,64.2,42.3,42.9,42.1,58.1,58,58.6,42.5,42.1,58.1,42.1,42.1,42.2,51,47.3,52.3,42.1,42.1,62.2,61.5,42.1,42.1,61.5,61.5,61.5,58,58.6,58,33.1,32,19.9,19.3,27.5,61.5,61.5,58.6,57.6,61.3,58.2,54.3,54.4,54.5,58,42.1,35.2,25.1,35.3,60.5,60.4,60.4,42.5,42.1,60.5,60.5,42.1
06/03/2026 08:15:00,59.9,64.7,61.3,43.9,43.9,34.6,34.6,43.9,43.9,57.9,61.6,57.8,62.1,58.8,61.6,61.6,61.7,62.3,34.6,34.6,61.5,61.5,28.2,21.9,37.9,46.5,66.8,64.5,64.2,58.7,64.2,39.8,38.3,39.2,57.9,57.8,58.4,44.4,43.9,57.9,43.9,43.9,44,49.7,47.5,51.1,43.9,43.9,62.1,61.5,43.9,43.9,61.6,61.6,61.5,57.8,58.4,57.8,34,32.8,20.2,20.3,28.3,61.5,61.5,58.4,57.2,61.9,56.7,54.7,55.8,54.9,57.8,43.9,36.3,27.5,36.5,59.6,59.5,59.5,44.4,43.9,59.6,59.6,43.9
06/03/2026 08:20:00,60.4,65.1,61.8,43.9,43.9,35.3,35.3,43.9,43.9,57.9,61.5,57.8,62.2,58.9,61.5,63.3,63.8,64.4,35.3,35.3,61.5,61.5,28.9,22.8,38.7,46,67,64.7,64.3,58.1,64.3,42.5,42.2,42.1,57.9,57.8,58.4,44.4,43.9,57.9,43.9,43.9,44,53.7,50,55,43.9,43.9,62.2,61.5,43.9,43.9,61.5,61.5,61.5,57.8,58.4,57.8,30.8,29.3,18.4,20.2,26.5,61.5,61.5,58.4,58.3,63.5,60.2,54.2,56.4,54.5,57.8,43.9,41.4,37.9,41.5,59.4,59.4,59.4,44.4,43.9,59.4,59.4,43.9
06/03/2026 08:25:00,60.3,65.7,61.8,44.9,44.9,35.1,35.1,44.9,44.9,57.5,61.5,57.5,62.2,59.2,61.5,61,62.2,61.9,35.1,35.1,61.5,61.5,25.9,18.3,34.2,45.5,67,64.7,64.3,60,64.2,50.3,52.3,50.6,57.5,57.5,58.1,45.4,44.9,57.5,44.9,44.9,45,54.5,51,55.9,44.9,44.9,62.2,61.5,44.9,44.9,61.5,61.5,61.5,57.5,58.1,57.5,30.1,27.4,15.9,17,24.8,61.5,61.5,58.1,58.7,63.6,60.3,55.1,55.2,55.3,57.5,44.9,49.1,49,49.4,60,59.9,59.9,45.4,44.9,60,60,44.9
06/03/2026 08:30:00,60.5,65.8,62,44,44,35.7,35.7,44,44,57.6,61.7,57.5,62.3,58.7,61.7,61.1,62,61.8,35.7,35.7,61.6,61.6,24,16,34.8,44,67,64.6,64.3,63.1,64.3,52.9,54.9,53.3,57.6,57.5,58.1,44.5,44,57.6,44,44,44.1,52.5,49.2,53.8,44,44,62.3,61.6,44,44,61.7,61.7,61.6,57.5,58.1,57.5,28.6,27.5,13.9,15.1,23.7,61.6,61.6,58.1,58.3,62.7,60.3,55.8,55.8,56,57.5,44,53.3,53.4,53.5,60.3,60.2,60.2,44.5,44,60.3,60.3,44
06/03/2026 08:35:00,60.5,65.9,61.9,44.6,44.6,35.1,35.1,44.6,44.6,57.6,61.7,57.5,62.3,58.6,61.7,62.1,61.5,62.8,35.1,35.1,61.6,61.6,25.4,16.2,33.7,44,67.2,64.7,64.2,64.3,64.2,47.5,49.4,47.4,57.6,57.5,58.1,45.1,44.6,57.6,44.6,44.6,44.7,52.5,49.5,53.9,44.6,44.6,62.3,61.6,44.6,44.6,61.7,61.7,61.6,57.5,58.1,57.5,31.2,30.1,16.1,16.2,25.8,61.6,61.6,58.1,58.5,62.9,59,54.8,54.1,55.1,57.5,44.6,55.1,54.5,55.2,60.3,60.2,60.2,45.1,44.6,60.3,60.3,44.6
06/03/2026 08:40:00,60.7,67.3,62.2,41.7,41.7,35.3,35.3,41.7,41.7,57.6,61.8,57.6,62.4,58.7,61.8,62.5,62.6,63.3,35.3,35.3,61.7,61.7,27.7,19.9,38,45.6,67.3,64.8,64.1,65.2,64.1,40.5,41.5,40,57.6,57.6,58.2,42.1,41.7,57.6,41.7,41.7,41.8,53.9,48.7,55.3,41.7,41.7,62.4,61.7,41.7,41.7,61.8,61.8,61.7,57.6,58.2,57.6,32.8,32,18.5,18.8,26.8,61.7,61.7,58.2,57.8,61.4,58,55.1,55.2,55.3,57.6,41.7,56.9,56.9,57,60.5,60.5,60.5,42.1,41.7,60.5,60.5,41.7
06/03/2026 08:45:00,60.3,65.7,61.7,44.2,44.2,36,36,44.2,44.2,57.8,61.8,57.8,62.4,58.6,61.8,61.6,61.6,62.3,36,36,61.7,61.7,28.8,21.8,38.3,45.9,67.3,64.8,64.2,65.2,64.2,50.2,51.7,50.5,57.8,57.8,58.4,44.7,44.2,57.8,44.2,44.2,44.3,53.5,50.1,54.9,44.2,44.2,62.4,61.7,44.2,44.2,61.8,61.8,61.7,57.8,58.4,57.8,30.9,30.7,20.5,20,28,61.7,61.7,58.4,59.5,60.3,56.3,54.4,54,54.7,57.8,44.2,53.4,55.4,53.7,61,60.9,60.9,44.7,44.2,61,61,44.2
06/03/2026 08:50:00,60,65.7,61.4,42.6,42.6,35.9,35.9,42.6,42.6,57.8,61.8,57.8,62.3,59.1,61.8,62.2,62.2,63,35.9,35.9,61.7,61.7,31.9,25,38.9,46.4,66.8,64.4,64.1,64.3,64.1,54.4,56.2,54.9,57.8,57.8,58.4,43,42.6,57.8,42.6,42.6,42.7,53.7,48.8,55,42.6,42.6,62.3,61.7,42.6,42.6,61.8,61.8,61.7,57.8,58.4,57.8,33.9,33.5,24.6,23.5,31.3,61.7,61.7,58.4,58.3,59.5,55.1,52,52.9,52.3,57.8,42.6,58.8,58.7,58.9,61.3,61.2,61.2,43,42.6,61.3,61.3,42.6
06/03/2026 08:55:00,59.6,65.2,61,42,42,37.4,37.4,42,42,58.3,61.9,58.3,62.4,59.4,61.9,61.8,62.3,62.5,37.4,37.4,61.8,61.8,33.5,25.3,39,47,67,64.6,64.2,64.4,64.2,58.5,61.4,59.2,58.3,58.3,58.9,42.4,42,58.3,42,42,42.1,53.4,48.6,54.8,42,42,62.4,61.8,42,42,61.9,61.9,61.8,58.3,58.9,58.3,34.5,34.9,36.7,36.7,42.8,61.8,61.8,58.9,57.6,60.1,53.2,51.8,54.5,52.1,58.3,42,59.2,60.1,59.4,61.3,61.2,61.2,42.4,42,61.3,61.3,42
06/03/2026 09:00:00,59.4,64.3,60.8,41.2,41.2,39,39,41.2,41.2,58.8,62.2,58.7,62.7,60.1,62.2,61,60.7,61.8,39,39,62.1,62.1,35,27.9,42.4,48.2,66.7,64.4,64.2,64.7,64.2,59.5,62.9,60.2,58.8,58.7,59.3,41.6,41.2,58.8,41.2,41.2,41.3,54.2,48.8,55.6,41.2,41.2,62.7,62.1,41.2,41.2,62.2,62.2,62.1,58.7,59.3,58.7,38.9,38.9,50,49.2,53.2,62.1,62.1,59.3,57.6,59.5,53.5,52.2,57.7,52.6,58.7,41.2,58.6,59.4,58.8,61.6,61.5,61.5,41.6,41.2,61.6,61.6,41.2
06/03/2026 09:05:00,59.5,65,60.9,42,42,42,42,42,42,59.1,62.3,59,62.8,60.6,62.3,61.4,60.3,62.2,42,42,62.2,62.2,46.9,42.4,47.5,52,67,64.5,64.4,63.3,64.4,58.8,62.4,59.5,59.1,59,59.6,42.4,42,59.1,42,42,42.1,57.5,51.3,58.9,42,42,62.8,62.2,42,42,62.3,62.3,62.2,59,59.6,59,44.2,44.1,52.8,53.8,55.1,62.2,62.2,59.6,59,61.6,56.1,51.1,59.1,51.4,59,42,55.4,56.3,55.6,61.5,61.4,61.4,42.4,42,61.5,61.5,42
06/03/2026 09:10:00,59.2,65.1,60.6,43.2,43.2,43.2,43.2,43.2,43.2,59,62.4,58.9,62.9,60.5,62.4,59.8,59.4,60.3,43.2,43.2,62.3,62.3,53.7,51.1,51.4,55.8,67,64.5,64.4,64.5,64.4,57.1,60.2,57.7,59,58.9,59.5,43.6,43.2,59,43.2,43.2,43.3,57.5,51.6,59,43.2,43.2,62.9,62.3,43.2,43.2,62.4,62.4,62.3,58.9,59.5,58.9,53.7,53.8,57.4,58.4,58.6,62.3,62.3,59.5,58.3,61.2,54,51.2,57.9,51.6,58.9,43.2,54.1,54.1,54.3,61.6,61.5,61.5,43.6,43.2,61.6,61.6,43.2
06/03/2026 09:15:00,59.2,64.8,60.6,45.9,45.9,45.9,45.9,45.9,45.9,59,62.4,58.9,62.9,60.6,62.4,58.1,58.2,58.6,45.9,45.9,62.3,62.3,56.7,55.9,55.1,58,67.1,64.5,64.4,64.7,64.4,58.8,62.9,59.6,59,58.9,59.5,46.4,45.9,59,45.9,45.9,46,55.7,52.2,57.2,45.9,45.9,62.9,62.3,45.9,45.9,62.4,62.4,62.3,58.9,59.5,58.9,55.7,56.6,56.2,58,57.4,62.3,62.3,59.5,58,59.7,56.3,51.4,56.6,51.8,58.9,45.9,53.6,53.8,53.9,61.1,61,61,46.4,45.9,61.1,61.1,45.9
06/03/2026 09:20:00,59.4,63.2,60.8,46.1,46.1,46.1,46.1,46.1,46.1,59,62.4,59,62.9,60.7,62.4,57.4,57.2,57.8,46.1,46.1,62.3,62.3,57.9,57.7,56.7,59.3,66.9,64.4,64.4,64.8,64.4,58,62.2,58.7,59,59,59.6,46.6,46.1,59,46.1,46.1,46.2,53.6,50.9,54.9,46.1,46.1,62.9,62.3,46.1,46.1,62.4,62.4,62.3,59,59.6,59,57.5,58.2,55.2,57.9,56.7,62.3,62.3,59.6,57.4,60.3,53.5,52.1,57.3,52.4,59,46.1,53.6,52.8,53.8,61.3,61.2,61.2,46.6,46.1,61.3,61.3,46.1
06/03/2026 09:25:00,59.6,64.4,61,45.3,45.3,45.3,45.3,45.3,45.3,59.1,62.4,59,63,60.7,62.4,58,58.2,58.4,45.3,45.3,62.4,62.4,59.7,60.6,59.6,60.1,66.8,64.3,64.3,64.7,64.3,58.1,61.5,58.8,59.1,59,59.6,45.8,45.3,59.1,45.3,45.3,45.4,56.2,52,57.6,45.3,45.3,63,62.4,45.3,45.3,62.4,62.4,62.4,59,59.6,59,60.2,61,56.2,59.5,57.7,62.4,62.4,59.6,56.7,58.8,53.7,55.8,55.8,56.1,59,45.3,40.8,36.5,41.3,61.6,61.5,61.5,45.8,45.3,61.6,61.6,45.3
06/03/2026 09:30:00,59.1,62.3,60.4,46.6,46.6,46.6,46.6,46.6,46.6,59.2,62.5,59.1,63,60.5,62.5,56.3,57.3,56.6,46.6,46.6,62.4,62.4,59.8,61,59.3,59.4,66.8,64.2,64.3,64.8,64.2,57.6,60.5,58.3,59.2,59.1,59.7,47.1,46.6,59.2,46.6,46.6,46.7,56.5,53,58,46.6,46.6,63,62.4,46.6,46.6,62.5,62.5,62.4,59.1,59.7,59.1,60.6,61.6,58.1,59.1,59.2,62.4,62.4,59.7,57.6,59,55.3,52.5,55.7,52.8,59.1,46.6,35.6,30.8,36.4,61.5,61.4,61.4,47.1,46.6,61.5,61.5,46.6
06/03/2026 09:35:00,59.3,62.4,60.7,48,48,48,48,48,48,59.2,62.5,59.1,63.1,60.7,62.5,56.7,58.4,57,48,48,62.5,62.5,58.8,59.6,57.3,58.4,66.7,64.3,64.3,64.1,64.3,59.9,63.3,60.8,59.2,59.1,59.7,48.5,48,59.2,48,48,48.1,55.1,52.7,56.5,48,48,63.1,62.5,48,48,62.5,62.5,62.5,59.1,59.7,59.1,57.9,59.6,57.1,58.3,58.5,62.5,62.5,59.7,54.7,57.2,53.1,49.7,53.9,50.1,59.1,48,34.1,29.1,34.9,61.5,61.4,61.4,48.5,48,61.5,61.5,48
06/03/2026 09:40:00,59.1,63.4,60.5,49,49,49,49,49,49,59.1,62.6,59,63.2,60.7,62.6,56.9,57.4,57.3,49,49,62.5,62.5,58.3,59.9,59.3,60.4,66.9,64.5,64.3,64.1,64.3,58.1,61.1,58.8,59.1,59,59.6,49.5,49,59.1,49,49,49.1,55.8,53.9,57.2,49,49,63.2,62.5,49,49,62.6,62.6,62.5,59,59.6,59,57,59.5,58.4,58.4,58.4,62.5,62.5,59.6,54.1,57.2,51.7,50.3,53.4,50.7,59,49,43.1,38.8,43.7,61.6,61.5,61.5,49.5,49,61.6,61.6,49
06/03/2026 09:45:00,59.8,64.6,61.2,49.2,49.2,49.2,49.2,49.2,49.2,59.2,62.6,59.1,63.2,60.7,62.6,57.2,57.8,57.6,49.2,49.2,62.5,62.5,58,59.5,58.8,60.2,66.9,64.4,64.3,64.1,64.2,52.2,55.3,52.5,59.2,59.1,59.7,49.7,49.2,59.2,49.2,49.2,49.3,57.8,55.2,59.2,49.2,49.2,63.2,62.5,49.2,49.2,62.6,62.6,62.5,59.1,59.7,59.1,57.3,59.7,55.9,57.8,57.5,62.5,62.5,59.7,51.1,56.3,53.4,50.4,54,50.7,59.1,49.2,49.8,48,50.2,61.6,61.5,61.5,49.7,49.2,61.6,61.6,49.2
06/03/2026 09:50:00,59.9,65.7,61.3,49.9,49.9,49.9,49.9,49.9,49.9,59.4,62.7,59.3,63.3,60.7,62.7,58.1,57.2,58.6,49.9,49.9,62.6,62.6,58.4,58.5,57.4,59.2,67,64.5,64.3,63.8,64.2,53.1,55.4,53.4,59.4,59.3,59.9,50.4,49.9,59.4,49.9,49.9,50,57.4,55.3,58.8,49.9,49.9,63.3,62.6,49.9,49.9,62.7,62.7,62.6,59.3,59.9,59.3,54.8,57,55.2,56.6,56.9,62.6,62.6,59.9,53.9,56.3,54.4,48.2,52.2,48.7,59.3,49.9,53.4,52.6,53.7,61.7,61.6,61.6,50.4,49.9,61.7,61.7,49.9
06/03/2026 09:55:00,59.9,65.9,61.3,51,51,51,51,51,51,59.4,62.7,59.3,63.2,60.4,62.7,57.8,57.3,58.3,51,51,62.6,62.6,58.4,58.4,57.1,59.2,66.9,64.3,64.3,63.8,64.3,55.4,58.5,56,59.4,59.3,59.9,51.5,51,59.4,51,51,51.1,57.6,55.7,59,51,51,63.2,62.6,51,51,62.7,62.7,62.6,59.3,59.9,59.3,53.9,55.3,56.9,57.2,58.1,62.6,62.6,59.9,54.7,56.9,51.2,48.5,53,48.9,59.3,51,56.6,56.9,56.7,61.4,61.3,61.3,51.5,51,61.4,61.4,51
06/03/2026 10:00:00,59.3,66,60.7,51.3,51.3,51.3,51.3,51.3,51.3,59.5,62.8,59.4,63.3,60.7,62.8,58.3,57.4,58.9,51.3,51.3,62.7,62.7,58.3,58.1,56.3,59,66.8,64.4,64.3,63.6,64.3,56.7,60.3,57.4,59.5,59.4,60,51.8,51.3,59.5,51.3,51.3,51.4,60,57.5,61.5,51.3,51.3,63.3,62.7,51.3,51.3,62.8,62.8,62.7,59.4,60,59.4,56.3,57,58.6,57.5,58.7,62.7,62.7,60,54.7,57.5,51.1,47.9,56,48.4,59.4,51.3,57.2,57.3,57.4,61.7,61.6,61.6,51.8,51.3,61.7,61.7,51.3
06/03/2026 10:05:00,60.2,66.1,61.6,51.3,51.3,51.3,51.3,51.3,51.3,59.5,62.9,59.4,63.4,60.5,62.9,58.6,57.7,59.2,51.3,51.3,62.8,62.8,58.8,58.6,56.5,59.3,67.1,64.6,64.3,63.3,64.3,57.2,60.6,57.8,59.5,59.4,60,51.8,51.3,59.5,51.3,51.3,51.4,58.6,56.7,60.1,51.3,51.3,63.4,62.8,51.3,51.3,62.9,62.9,62.8,59.4,60,59.4,58.6,59.2,56.2,56.3,56.4,62.8,62.8,60,52.4,55.9,49.6,46,54.9,46.5,59.4,51.3,56.9,57.9,57.2,61.5,61.4,61.4,51.8,51.3,61.5,61.5,51.3
06/03/2026 10:10:00,60.7,66.4,62.2,52.6,52.6,52.6,52.6,52.6,52.6,59.3,62.9,59.3,63.4,60.7,62.9,58.8,57.6,59.3,52.6,52.6,62.8,62.8,58,58.1,56.3,58.6,67.2,64.7,64.4,63.6,64.4,54.7,57.2,55.2,59.3,59.3,59.9,53.1,52.6,59.3,52.6,52.6,52.7,58.1,56.9,59.6,52.6,52.6,63.4,62.8,52.6,52.6,62.9,62.9,62.8,59.3,59.9,59.3,59.2,60.2,56.4,56.6,58,62.8,62.8,59.9,55,57.6,52.7,48.6,55.3,49,59.3,52.6,59.5,60.6,59.6,61.6,61.5,61.5,53.1,52.6,61.6,61.6,52.6
06/03/2026 10:15:00,59.6,65.6,61,52.9,52.9,52.8,52.8,52.9,52.9,59.4,63,59.3,63.5,60.7,63,57.8,56.3,58.2,52.8,52.8,62.9,62.9,58.7,57.8,55.1,58.1,67.3,64.8,64.4,63.2,64.4,54.2,57,54.7,59.4,59.3,59.9,53.3,52.9,59.4,52.8,52.9,52.9,59.4,58,60.9,52.9,52.9,63.5,62.9,52.9,52.9,63,63,62.9,59.3,59.9,59.3,61.9,62.1,57.8,57.9,58.5,62.9,62.9,59.9,56.6,59.6,53.2,51.7,56.5,52,59.3,52.8,59.2,59.5,59.3,61.1,61,61,53.3,52.9,61.1,61.1,52.9
06/03/2026 10:20:00,59.5,65.3,61,53.3,53.3,53.2,53.2,53.3,53.3,59.4,63,59.3,63.5,60.6,63,56.9,55.9,57.3,53.2,53.2,62.9,62.9,58.4,57.6,54.8,57.7,67.5,64.7,64.3,64,64.3,56.9,59.5,57.5,59.4,59.3,59.9,53.8,53.3,59.4,53.2,53.3,53.3,57.3,57,58.7,53.3,53.3,63.5,62.9,53.3,53.3,63,63,62.9,59.3,59.9,59.3,59,61.3,58.4,59.2,59.1,62.9,62.9,59.9,56.5,59,53.4,50.9,56.6,51.3,59.3,53.2,57.7,58.7,57.8,61.1,61,61,53.8,53.3,61.1,61.1,53.3
06/03/2026 10:25:00,59.7,65.7,61.1,53.5,53.5,53.4,53.4,53.5,53.5,59.4,63,59.3,63.5,60.6,63,56.7,56.6,57,53.4,53.4,62.9,62.9,59.2,58.7,56.5,59.2,67.2,64.6,64.3,63.4,64.3,58.7,61.5,59.4,59.4,59.3,59.9,54,53.5,59.4,53.4,53.5,53.5,58.3,57.5,59.8,53.5,53.5,63.5,62.9,53.5,53.5,63,63,62.9,59.3,59.9,59.3,60.8,62.5,59.4,60,60.4,62.9,62.9,59.9,56.1,58.5,53.3,52.7,56.7,53,59.3,53.4,54.9,55.6,55,61,60.9,60.9,54,53.5,61,61,53.5
06/03/2026 10:30:00,60.4,67.2,61.8,54.4,54.4,53,53,54.4,54.4,59.4,63,59.3,63.5,60.7,63,55,54.9,55.2,53,53,62.9,62.9,59,58.5,56.9,59.9,67.2,64.6,64.4,63.2,64.4,56.3,58.4,56.9,59.4,59.3,59.9,55,54.4,59.4,54.4,54.4,54.5,59.7,58.9,61.1,54.4,54.4,63.5,62.9,54.4,54.4,63,63,62.9,59.3,59.9,59.3,61.7,62.7,59.1,60.6,60,62.9,62.9,59.9,54.9,58.8,54.6,51.7,54.1,52.1,59.3,54.4,54.6,54.6,54.8,61,60.9,60.9,55,54.4,61,61,54.4
06/03/2026 10:35:00,59.4,66.4,60.8,54.9,54.9,52.3,52.3,54.9,54.9,59.5,63,59.4,63.5,60.7,63,56.7,56.3,57,52.3,52.3,62.9,62.9,56.4,54.9,52.9,57.9,67.2,64.7,64.3,63.5,64.3,56.4,58.7,57,59.5,59.4,60,55.4,54.9,59.5,54.8,54.9,54.9,61.3,59.9,62.8,54.9,54.9,63.5,62.9,54.9,54.9,63,63,62.9,59.4,60,59.4,59.8,62.5,59.4,59.9,60.3,62.9,62.9,60,55,58.1,51.7,49.4,52,49.8,59.4,54.8,56.8,55.8,56.9,60.7,60.6,60.6,55.4,54.9,60.7,60.7,54.9
06/03/2026 10:40:00,60.4,68.1,61.8,54.9,54.9,52.2,52.2,54.9,54.9,59.5,63,59.4,63.5,60.7,63,55,54.8,55.2,52.2,52.2,62.9,62.9,54.7,52.1,51.2,55.9,67.1,64.5,64.3,63.5,64.3,57.6,60.8,58.3,59.5,59.4,60,55.5,54.9,59.5,54.9,54.9,55,59,58.8,60.5,54.9,54.9,63.5,62.9,54.9,54.9,63,63,62.9,59.4,60,59.4,59.5,60.9,57.7,59,58.9,62.9,62.9,60,55,57.5,51.9,49.9,53,50.3,59.4,54.9,58.8,58.7,58.9,60.7,60.6,60.6,55.5,54.9,60.7,60.7,54.9
06/03/2026 10:45:00,60.8,67.2,62.3,53.7,53.7,52.3,52.3,53.7,53.7,59.6,63,59.5,63.5,60.5,63,55.4,56.3,55.6,52.3,52.3,62.9,62.9,56.6,54.5,51.5,55.2,66.8,64.5,64.3,63.7,64.3,54.6,57,55.1,59.6,59.5,60.1,54.2,53.7,59.6,53.6,53.7,53.7,58.7,57.8,60.1,53.7,53.7,63.5,62.9,53.7,53.7,63,63,62.9,59.5,60.1,59.5,60.5,61.2,56.3,57.4,57.9,62.9,62.9,60.1,55.7,57.2,52.5,50.1,54.2,50.5,59.5,53.6,59.9,60.7,60,60.4,60.3,60.3,54.2,53.7,60.4,60.4,53.7
06/03/2026 10:50:00,60.4,67.1,61.8,54.5,54.5,52.2,52.2,54.5,54.5,59.6,63,59.5,63.5,60.7,63,56.5,56.6,56.8,52.2,52.2,62.9,62.9,58,56.2,53.3,56.8,67.1,64.5,64.3,63.8,64.3,54,56.1,54.5,59.6,59.5,60.1,55.1,54.5,59.6,54.5,54.5,54.6,58.9,58.6,60.3,54.5,54.5,63.5,62.9,54.5,54.5,63,63,62.9,59.5,60.1,59.5,61,62,60.2,59.1,60.9,62.9,62.9,60.1,56.5,58.6,55.5,51,55.5,51.3,59.5,54.5,59.6,59.2,59.8,60.3,60.2,60.2,55.1,54.5,60.3,60.3,54.5
06/03/2026 10:55:00,60,67.7,61.5,56.2,56.2,52.1,52.1,56.2,56.2,59.7,63,59.6,63.6,60.8,63,57.7,58.2,58.1,52.1,52.1,62.9,62.9,59.4,58.6,57.1,59.7,67,64.5,64.4,63.8,64.3,41.7,42.7,41.4,59.7,59.6,60.2,56.7,56.2,59.7,56.1,56.2,56.2,58.1,59,59.6,56.2,56.2,63.6,62.9,56.2,56.2,63,63,62.9,59.6,60.2,59.6,59.7,61.7,56.3,57.4,58,62.9,62.9,60.2,56.4,58.8,56.7,51.8,55.2,52.2,59.6,56.1,59.3,59.7,59.3,60.3,60.2,60.2,56.7,56.2,60.3,60.3,56.2
06/03/2026 11:00:00,60.1,66.6,61.6,53.9,53.9,52.2,52.2,53.9,53.9,59.5,62.9,59.5,63.5,60.6,62.9,54.5,54.6,54.7,52.2,52.2,62.8,62.8,60,59.2,56.5,59.5,67.3,64.7,64.3,64.2,64.3,30.2,30.6,29.4,59.5,59.5,60.1,54.5,53.9,59.5,53.9,53.9,54,56.3,56.7,57.8,53.9,53.9,63.5,62.8,53.9,53.9,62.9,62.9,62.8,59.5,60.1,59.5,57.5,59.2,57.4,57.2,58.9,62.8,62.8,60.1,54.2,58.1,55.3,49.5,54.5,49.9,59.5,53.9,56.5,56.1,56.6,60.2,60.1,60.1,54.5,53.9,60.2,60.2,53.9
06/03/2026 11:05:00,60.3,66.7,61.7,55.3,55.3,52.2,52.2,55.3,55.3,59.5,62.9,59.5,63.5,60.6,62.9,55.6,55.9,55.9,52.2,52.2,62.8,62.8,60.5,58.5,54,57.8,67.2,64.6,64.4,63.3,64.4,26.9,21,25.6,59.5,59.5,60.1,55.9,55.3,59.5,55.3,55.3,55.4,56.7,57.7,58.1,55.3,55.3,63.5,62.8,55.3,55.3,62.9,62.9,62.8,59.5,60.1,59.5,56.1,58.9,56.6,56.6,57.8,62.8,62.8,60.1,55,57.9,54.5,50.4,54.6,50.8,59.5,55.3,55.9,56.6,56.1,59.9,59.9,59.9,55.9,55.3,59.9,59.9,55.3
06/03/2026 11:10:00,59.9,66.2,61.3,57.1,57.1,52.5,52.5,57.1,57.1,59.5,62.9,59.4,63.5,60.6,62.9,54.8,54.5,54.9,52.5,52.5,62.8,62.8,61.3,58.6,52.9,57,67.4,64.7,64.4,63.9,64.4,24.6,19.4,23,59.5,59.4,60,57.6,57.1,59.5,57,57.1,57.1,52,56.1,53.4,57.1,57.1,63.5,62.8,57.1,57.1,62.9,62.9,62.8,59.4,60,59.4,58.3,60.4,56.8,57.7,58.3,62.8,62.8,60,55.1,57.4,52.5,47.4,53.6,47.8,59.4,57,57.1,57.5,57.3,59.6,59.6,59.6,57.6,57.1,59.6,59.6,57.1
06/03/2026 11:15:00,59.5,64.7,60.9,55.8,55.8,52.1,52.1,55.8,55.8,59.6,62.9,59.5,63.5,60.7,62.9,56.2,56.3,56.5,52.1,52.1,62.8,62.8,61.4,60.3,56.1,58.3,67.3,64.6,64.4,63.8,64.3,24.5,22.8,23.2,59.6,59.5,60.1,56.4,55.8,59.6,55.8,55.8,55.9,51.6,55.2,53,55.8,55.8,63.5,62.8,55.8,55.8,62.9,62.9,62.8,59.5,60.1,59.5,58.1,59.3,56.3,56.8,57.8,62.8,62.8,60.1,55.1,58.3,52.4,51.7,55.1,52.1,59.5,55.8,57.9,58.5,58.1,59.5,59.4,59.4,56.4,55.8,59.5,59.5,55.8
06/03/2026 11:20:00,59.6,65.5,61,57.7,57.7,51.7,51.7,57.7,57.7,59.7,62.9,59.6,63.4,60.8,62.9,56.1,55.7,56.3,51.7,51.7,62.8,62.8,61.6,60.1,55.7,58.4,67.4,64.6,64.4,64.1,64.4,27.7,27.4,26.6,59.7,59.6,60.2,58.3,57.7,59.7,57.7,57.7,57.8,52.1,56.7,53.5,57.7,57.7,63.4,62.8,57.7,57.7,62.9,62.9,62.8,59.6,60.2,59.6,58,59,55.8,57.9,57.1,62.8,62.8,60.2,53,57.5,52.3,49,55,49.5,59.6,57.7,59.5,59.6,59.6,59.2,59.1,59.1,58.3,57.7,59.2,59.2,57.7
06/03/2026 11:25:00,60.7,67,62.2,57.5,57.5,51.9,51.9,57.5,57.5,59.7,62.9,59.6,63.5,60.6,62.9,57,56.7,57.4,51.9,51.9,62.8,62.8,60,59.4,56.5,58.3,66.8,64.4,64.3,64,64.3,43.3,44.2,43.2,59.7,59.6,60.2,58.1,57.5,59.7,57.5,57.5,57.6,54.7,57.8,56.1,57.5,57.5,63.5,62.8,57.5,57.5,62.9,62.9,62.8,59.6,60.2,59.6,58.1,59.7,52.9,57,55,62.8,62.8,60.2,53.9,57.6,52.9,49.7,55.6,50.1,59.6,57.5,59.6,60.7,59.6,58.8,58.7,58.7,58.1,57.5,58.8,58.8,57.5
06/03/2026 11:30:00,60.3,67,61.8,58.2,58.2,51.4,51.4,58.2,58.2,59.6,62.9,59.5,63.5,60.5,62.9,56.3,56.4,56.6,51.4,51.4,62.8,62.8,60.3,60.2,56.5,58.6,67.1,64.5,64.3,63.6,64.2,50.6,52.8,50.7,59.6,59.5,60.1,58.7,58.2,59.6,58.1,58.2,58.2,56,58.9,57.4,58.2,58.2,63.5,62.8,58.2,58.2,62.9,62.9,62.8,59.5,60.1,59.5,57.6,58.5,55.3,56.2,55.4,62.8,62.8,60.1,55.2,58.5,53.4,52.9,56.1,53.2,59.5,58.1,60.1,61.2,60.1,58.6,58.5,58.5,58.7,58.2,58.6,58.6,58.2
06/03/2026 11:35:00,59.5,66.4,60.9,57.4,57.4,51,51,57.4,57.4,59.6,62.9,59.6,63.4,60.4,62.9,57,56.7,57.5,51,51,62.8,62.8,60.2,59.9,57.3,59.4,67,64.5,64.3,63.6,64.3,53.1,57.1,53.5,59.6,59.6,60.2,58,57.4,59.6,57.4,57.4,57.5,55.9,58.4,57.3,57.4,57.4,63.4,62.8,57.4,57.4,62.9,62.9,62.8,59.6,60.2,59.6,59,59.8,56.7,57.6,56.6,62.8,62.8,60.2,55.4,60,54.7,50.8,57,51.2,59.6,57.4,59.9,61.8,59.9,58.6,58.5,58.5,58,57.4,58.6,58.6,57.4
06/03/2026 11:40:00,59.7,66.7,61.1,57.8,57.8,50.9,50.9,57.8,57.8,59.7,63,59.6,63.6,60.5,63,59.7,57.6,60.3,50.9,50.9,62.9,62.9,59.1,58.4,55.2,57.7,66.9,64.4,64.4,63.8,64.3,56.5,59.6,57.1,59.7,59.6,60.2,58.4,57.8,59.7,57.8,57.8,57.9,54.3,57.7,55.7,57.8,57.8,63.6,62.9,57.8,57.8,63,63,62.9,59.6,60.2,59.6,59.8,60.4,58.5,59.3,58.6,62.9,62.9,60.2,55.4,59.7,54.5,52.8,57.2,53.1,59.6,57.8,59,59.9,59.1,57.9,57.8,57.8,58.4,57.8,57.9,57.9,57.8
06/03/2026 11:45:00,58.7,65.7,60.1,57.7,57.7,50.7,50.7,57.7,57.7,59.7,63,59.6,63.5,60.6,63,60,58.9,60.7,50.7,50.7,62.9,62.9,59,58.1,55.7,58.9,67.2,64.6,64.3,63.4,64.3,57.6,60.9,58.3,59.7,59.6,60.2,58.3,57.7,59.7,57.7,57.7,57.8,54.8,57.9,56.2,57.7,57.7,63.5,62.9,57.7,57.7,63,63,62.9,59.6,60.2,59.6,56.3,57.3,56.7,58.3,57.1,62.9,62.9,60.2,56.6,59.3,54.4,52,56.7,52.3,59.6,57.7,58.8,59.8,58.9,57.8,57.7,57.7,58.3,57.7,57.8,57.8,57.7
06/03/2026 11:50:00,58.7,67,60.1,57.3,57.3,50.4,50.4,57.3,57.3,59.7,63,59.6,63.6,60.7,63,57.2,56.3,57.8,50.4,50.4,62.9,62.9,59.7,61,60.5,61,67,64.5,64.3,64,64.3,55.7,58.7,56.2,59.7,59.6,60.2,57.9,57.3,59.7,57.3,57.3,57.4,54.9,57.9,56.3,57.3,57.3,63.6,62.9,57.3,57.3,63,63,62.9,59.6,60.2,59.6,56.3,56.6,55.5,57.6,56.8,62.9,62.9,60.2,56.6,60.8,54.1,50.9,57.5,51.3,59.6,57.3,59.8,60.3,59.9,57.3,57.3,57.3,57.9,57.3,57.3,57.3,57.3
06/03/2026 11:55:00,58.8,66.6,60.1,57.6,57.6,51.3,51.3,57.6,57.6,59.7,62.9,59.6,63.5,60.6,62.9,54.6,53.4,54.8,51.3,51.3,62.9,62.9,59.8,59.8,57.3,58.5,67.1,64.6,64.3,63.8,64.2,56.9,61.1,57.5,59.7,59.6,60.2,58.1,57.6,59.7,57.5,57.6,57.6,55.6,58.5,57,57.6,57.6,63.5,62.9,57.6,57.6,62.9,62.9,62.9,59.6,60.2,59.6,58.1,58.9,56.2,58.2,57.6,62.9,62.9,60.2,56.3,59.7,54.5,51,56.7,51.4,59.6,57.5,61.2,60.7,61.3,57.6,57.5,57.5,58.1,57.6,57.6,57.6,57.6
06/03/2026 12:00:00,59.9,67.1,61.4,57.7,57.7,52.2,52.2,57.7,57.7,59.8,62.8,59.7,63.4,60.4,62.8,57.4,56.2,57.8,52.2,52.2,62.8,62.8,58.6,59.3,57.7,59.2,67.1,64.6,64.2,63.9,64.2,57.8,62.3,58.4,59.8,59.7,60.3,58.3,57.7,59.8,57.7,57.7,57.8,56.3,59,57.8,57.7,57.7,63.4,62.8,57.7,57.7,62.8,62.8,62.8,59.7,60.3,59.7,57.6,58.9,55.9,57.7,57.1,62.8,62.8,60.3,56.7,58.4,53.6,48.5,57.7,49,59.7,57.7,61,62.4,61.2,57.8,57.7,57.7,58.3,57.7,57.8,57.8,57.7
06/03/2026 12:05:00,60.5,67.3,61.9,57.7,57.7,52.1,52.1,57.7,57.7,59.7,62.8,59.7,63.4,60.2,62.8,58.8,58.2,59.3,52.1,52.1,62.8,62.8,49.5,48.5,53.3,56.6,67,64.5,64.2,64,64.2,58.2,61.8,58.9,59.7,59.7,60.3,58.3,57.7,59.7,57.7,57.7,57.8,55.4,58.5,56.8,57.7,57.7,63.4,62.8,57.7,57.7,62.8,62.8,62.8,59.7,60.3,59.7,59.2,59.9,57.9,59.3,58.9,62.8,62.8,60.3,56.3,58.8,52.7,48.2,57.2,48.7,59.7,57.7,57.9,59.3,58.1,57.8,57.7,57.7,58.3,57.7,57.8,57.8,57.7
06/03/2026 12:10:00,60.3,67.5,61.7,56.9,56.9,52.4,52.4,56.9,56.9,59.8,62.9,59.7,63.5,60.4,62.9,60,59.9,60.6,52.4,52.4,62.8,62.8,44.4,41.6,49.9,54,67.3,64.8,64.4,64.4,64.4,57.7,61.7,58.3,59.8,59.7,60.3,57.4,56.9,59.8,56.8,56.9,56.9,56.3,58.4,57.8,56.9,56.9,63.5,62.8,56.9,56.9,62.9,62.9,62.8,59.7,60.3,59.7,59.8,61.5,58,58.7,59.3,62.8,62.8,60.3,52.9,58,54,52.3,57.5,52.6,59.7,56.8,57.4,59.4,57.6,56.9,56.8,56.8,57.4,56.9,56.9,56.9,56.9
06/03/2026 12:15:00,60.3,66.8,61.8,56,56,52.2,52.2,56,56,59.8,62.9,59.7,63.4,60.3,62.9,60.6,59.6,61.4,52.2,52.2,62.8,62.8,42,38.2,46.6,50.5,66.9,64.5,64.3,64.1,64.3,57.6,59.8,58.3,59.8,59.7,60.3,56.6,56,59.8,56,56,56.1,54.5,56.9,55.9,56,56,63.4,62.8,56,56,62.9,62.9,62.8,59.7,60.3,59.7,58.4,61,56.8,58.1,58.2,62.8,62.8,60.3,52.6,58.3,56,48.7,55.4,49.1,59.7,56,59,59.6,59.2,55.4,55.3,55.3,56.6,56,55.4,55.4,56
06/03/2026 12:20:00,59.4,66.7,60.8,58.3,58.3,50.7,50.7,58.3,58.3,59.8,62.9,59.7,63.4,60.5,62.9,60.7,59.9,61.3,50.7,50.7,62.8,62.8,43.9,39.1,43.3,49.2,67.2,64.6,64.3,64.3,64.3,56.1,57.6,56.6,59.8,59.7,60.3,58.8,58.3,59.8,58.2,58.3,58.3,56.3,59.1,57.7,58.3,58.3,63.4,62.8,58.3,58.3,62.9,62.9,62.8,59.7,60.3,59.7,59.7,61,56.5,57.4,58.1,62.8,62.8,60.3,52.7,58.3,55,48.1,56,48.5,59.7,58.2,61.2,61.7,61.3,54.5,54.5,54.5,58.8,58.3,54.5,54.5,58.3
06/03/2026 12:25:00,59.8,63.7,61.3,57.6,57.6,51.2,51.2,57.6,57.6,59.8,62.8,59.7,63.3,60.3,62.8,61.9,61,62.6,51.2,51.2,62.7,62.7,45.9,39.8,41.9,48.4,67.3,64.7,64.3,64.1,64.3,43.2,40.5,42.8,59.8,59.7,60.3,58.1,57.6,59.8,57.5,57.6,57.6,55.7,58.4,57.2,57.6,57.6,63.3,62.7,57.6,57.6,62.8,62.8,62.7,59.7,60.3,59.7,60,61.2,56,57.6,57.2,62.7,62.7,60.3,54.4,59.5,55.3,52.4,57.4,52.7,59.7,57.5,58.9,60.7,59,54.5,54.4,54.4,58.1,57.6,54.5,54.5,57.6
06/03/2026 12:30:00,60.1,66.6,61.6,58,58,49.4,49.4,58,58,59.8,62.8,59.7,63.3,60.3,62.8,60,60.2,60.6,49.4,49.4,62.7,62.7,49.8,44.4,44,50.3,67.2,64.6,64.3,63.8,64.3,35.9,32.6,35,59.8,59.7,60.3,58.6,58,59.8,58,58,58.1,55.6,58.6,57,58,58,63.3,62.7,58,58,62.8,62.8,62.7,59.7,60.3,59.7,58.7,61,56.1,57.1,56.1,62.7,62.7,60.3,56.1,60.6,55.9,53.2,58,53.5,59.7,58,56.7,57.7,56.8,52.8,52.8,52.8,58.6,58,52.8,52.8,58
06/03/2026 12:35:00,59.9,66.3,61.3,57.1,57.1,48,48,57.1,57.1,59.9,62.7,59.8,63.4,59.9,62.7,60,60.3,60.6,48,48,62.7,62.7,54.8,52.3,51.6,54.9,67,64.5,64.3,63.9,64.3,34.4,29.4,33.3,59.9,59.8,60.4,57.6,57.1,59.9,57,57.1,57.1,55,57.9,56.4,57.1,57.1,63.4,62.7,57.1,57.1,62.7,62.7,62.7,59.8,60.4,59.8,60.4,62.1,56.4,58.8,57.8,62.7,62.7,60.4,54.6,60.2,54.8,53,56,53.4,59.8,57,53.6,55.8,53.9,51.7,51.7,51.7,57.6,57.1,51.7,51.7,57.1
06/03/2026 12:40:00,60.3,66.4,61.8,57,57,47.6,47.6,57,57,59.9,62.7,59.8,63.4,60,62.7,61.7,60.7,62.4,47.6,47.6,62.7,62.7,58,56.9,55,58.3,67.3,64.7,64.3,64.4,64.2,37.2,33,36.3,59.9,59.8,60.4,57.5,57,59.9,56.9,57,57,55,57.7,56.4,57,57,63.4,62.7,57,57,62.7,62.7,62.7,59.8,60.4,59.8,50.2,54.6,57.2,58.2,58.2,62.7,62.7,60.4,54,59.2,56.3,50.3,55.9,50.7,59.8,56.9,54.8,55.8,55,52.5,52.5,52.5,57.5,57,52.5,52.5,57
06/03/2026 12:45:00,61,66.9,62.5,55.9,55.9,47,47,55.9,55.9,59.9,62.8,59.8,63.4,59.8,62.8,61.4,61.3,62.2,47,47,62.7,62.7,59,59.2,57.5,59.2,67.4,64.8,64.2,64.6,64.2,51.1,49.7,51.3,59.9,59.8,60.4,56.5,55.9,59.9,55.9,55.9,56,56.8,58.2,58.2,55.9,55.9,63.4,62.7,55.9,55.9,62.8,62.8,62.7,59.8,60.4,59.8,43.1,48.3,57.5,58.2,58.7,62.7,62.7,60.4,56.5,59.1,53.9,51.7,55.4,52,59.8,55.9,55.9,57,56.1,52.6,52.6,52.6,56.5,55.9,52.6,52.6,55.9
06/03/2026 12:50:00,61.2,67.3,62.7,55.7,55.7,46.1,46.1,55.7,55.7,59.8,62.8,59.8,63.4,60,62.8,59.5,59.3,60.3,46.1,46.1,62.7,62.7,59.1,60.3,58.8,59.4,67.3,64.8,64.3,64.2,64.3,56,56.5,56.6,59.8,59.8,60.4,56.3,55.7,59.8,55.7,55.7,55.8,54.7,56.8,56.1,55.7,55.7,63.4,62.7,55.7,55.7,62.8,62.8,62.7,59.8,60.4,59.8,38.9,43.5,57.4,58.2,58.7,62.7,62.7,60.4,53.7,58.2,55.1,55.1,55.2,55.3,59.8,55.7,56.4,58.3,56.6,51,51,51,56.3,55.7,51,51,55.7
06/03/2026 12:55:00,60.5,66.3,62,57.3,57.3,46.4,46.4,57.3,57.3,59.8,62.7,59.8,63.4,60,62.7,61.1,60,61.9,46.4,46.4,62.7,62.7,58.9,58.6,56.2,58.5,67.3,64.7,64.2,64,64.2,57.2,61,57.9,59.8,59.8,60.4,57.8,57.3,59.8,57.2,57.3,57.3,53.5,56.8,54.9,57.3,57.3,63.4,62.7,57.3,57.3,62.7,62.7,62.7,59.8,60.4,59.8,38.1,41.1,57.4,58.4,58.8,62.7,62.7,60.4,53.8,59.8,56.9,53,56,53.3,59.8,57.2,58.3,59.9,58.4,49.2,49.2,49.2,57.8,57.3,49.2,49.2,57.3
06/03/2026 13:00:00,60.2,66.3,61.7,56.9,56.9,47.5,47.5,56.9,56.9,60,62.3,59.9,63,59.9,62.3,59.9,59.8,60.5,47.5,47.5,62.3,62.3,60.1,59.6,56.9,59.6,67.5,64.6,64.2,64.1,64.2,59.2,62.5,60,60,59.9,60.5,57.5,56.9,60,56.9,56.9,57,53.1,56.7,54.5,56.9,56.9,63,62.3,56.9,56.9,62.3,62.3,62.3,59.9,60.5,59.9,42.7,44.3,58.7,58.8,59.8,62.3,62.3,60.5,52.8,59.2,55.9,54.1,57.4,54.4,59.9,56.9,59.1,60.5,59.2,49.5,49.5,49.5,57.5,56.9,49.5,49.5,56.9
06/03/2026 13:05:00,59.6,66.8,61,56.7,56.7,46.6,46.6,56.7,56.7,60,62.2,59.9,62.9,59.9,62.2,58.9,59.5,59.4,46.6,46.6,62.2,62.2,59.3,60.1,58.4,59.8,67.2,64.7,64.4,64.5,64.3,58.6,62.2,59.3,60,59.9,60.5,57.3,56.7,60,56.7,56.7,56.8,56.1,58.2,57.5,56.7,56.7,62.9,62.2,56.7,56.7,62.2,62.2,62.2,59.9,60.5,59.9,45.3,46.7,61.5,61.2,62.1,62.2,62.2,60.5,54.7,61,55.5,50.3,55.6,50.7,59.9,56.7,57.7,58.7,57.8,47.4,47.4,47.4,57.3,56.7,47.4,47.4,56.7
06/03/2026 13:10:00,60.4,67.5,61.8,56.6,56.6,47.1,47.1,56.6,56.6,60,62.3,59.9,62.9,59.8,62.3,61.5,61.2,62.3,47.1,47.1,62.2,62.2,59.2,59.8,58.1,59.3,67,64.5,64.3,65.1,64.3,59.4,62.9,60.2,60,59.9,60.5,57.1,56.6,60,56.5,56.6,56.6,55.9,57.8,57.3,56.6,56.6,62.9,62.2,56.6,56.6,62.3,62.3,62.2,59.9,60.5,59.9,53.2,52,60,61.4,60.8,62.2,62.2,60.5,55,60.5,55.6,50.6,56.2,51,59.9,56.5,56.9,57.7,57,46.8,46.8,46.8,57.1,56.6,46.8,46.8,56.6
06/03/2026 13:15:00,60.3,66.3,61.8,57.2,57.2,45.2,45.2,57.2,57.2,60,62.3,59.9,62.9,59.4,62.3,61,60.4,61.8,45.2,45.2,62.2,62.2,58.2,58.8,57.6,58.4,67.2,64.6,64.4,64.9,64.4,59,62.9,59.7,60,59.9,60.5,57.7,57.2,60,57.1,57.2,57.2,56.4,58.6,57.8,57.2,57.2,62.9,62.2,57.2,57.2,62.3,62.3,62.2,59.9,60.5,59.9,56.2,57.6,59.3,60.9,60.3,62.2,62.2,60.5,56.3,61.5,58,52,57.1,52.4,59.9,57.1,55.2,55.9,55.4,44.5,44.5,44.5,57.7,57.2,44.5,44.5,57.2
06/03/2026 13:20:00,59.4,65.2,60.8,56.4,56.4,44.1,44.1,56.4,56.4,59.9,62.2,59.8,62.8,59.3,62.2,59.3,57.8,60.1,44.1,44.1,62.2,62.2,58.5,58.8,57.9,58.9,67.1,64.6,64.2,64.4,64.2,59.3,63.1,60,59.9,59.8,60.4,57,56.4,59.9,56.4,56.4,56.5,56.4,58.2,57.8,56.4,56.4,62.8,62.2,56.4,56.4,62.2,62.2,62.2,59.8,60.4,59.8,58.6,60,59.9,61.4,60.8,62.2,62.2,60.4,56.9,61.2,57.4,53.2,56.2,53.5,59.8,56.4,53.4,53.9,53.7,40.8,40.8,40.8,57,56.4,40.8,40.8,56.4
06/03/2026 13:25:00,59.7,65.4,61.1,55.8,55.8,43.5,43.5,55.8,55.8,59.8,62.3,59.7,62.8,58.9,62.3,58.9,57.9,59.6,43.5,43.5,62.2,62.2,56.6,57.5,57.7,58.6,67.1,64.6,64.3,64.9,64.3,58,61.6,58.7,59.8,59.7,60.3,56.4,55.8,59.8,55.8,55.8,55.9,58.5,59.1,60,55.8,55.8,62.8,62.2,55.8,55.8,62.3,62.3,62.2,59.7,60.3,59.7,61.5,62.3,61.9,61.3,62.4,62.2,62.2,60.3,56.5,61.1,57.9,51,52.5,51.4,59.7,55.8,54.1,54.9,54.3,39.5,39.5,39.5,56.4,55.8,39.5,39.5,55.8
06/03/2026 13:30:00,59.7,64.9,61.1,56.7,56.7,43,43,56.7,56.7,59.8,62.3,59.7,62.8,58.6,62.3,58.1,56.7,58.6,43,43,62.2,62.2,56.3,57.1,57.5,58.4,66.9,64.5,64.3,64.2,64.2,59.1,62.5,59.9,59.8,59.7,60.3,57.2,56.7,59.8,56.6,56.7,56.7,58.9,59.7,60.4,56.7,56.7,62.8,62.2,56.7,56.7,62.3,62.3,62.2,59.7,60.3,59.7,61.9,63.4,61.9,62.3,61.7,62.2,62.2,60.3,53.9,59.3,55.3,53.2,53.4,53.5,59.7,56.6,54.2,53.7,54.4,36,36,36,57.2,56.7,36,36,56.7
06/03/2026 13:35:00,60.9,67.8,62.4,55,55,41.2,41.2,55,55,59.7,62.2,59.6,62.7,58.6,62.2,57.9,58.9,58.3,41.2,41.2,62.1,62.1,38.8,35,44.7,50.6,66.5,64.2,64.6,65.2,64.6,58.7,61,59.4,59.7,59.6,60.2,55.6,55,59.7,55,55,55.1,59.6,59.6,61.1,55,55,62.7,62.1,55,55,62.2,62.2,62.1,59.6,60.2,59.6,54.8,55.4,55.8,58.8,57.2,62.1,62.1,60.2,54.3,59.1,53.3,56.4,55.8,56.6,59.6,55,52.8,53.3,53.1,35.2,35.2,35.2,55.6,55,35.2,35.2,55
06/03/2026 13:40:00,60.3,65.7,61.7,56.3,56.3,40.9,40.9,56.3,56.3,59.6,62.2,59.5,62.8,58.4,62.2,58.1,58.2,58.6,40.9,40.9,62.2,62.2,36.1,31,43.4,49.3,66.9,64.5,64.4,64.9,64.4,58.2,59.8,58.8,59.6,59.5,60.1,56.8,56.3,59.6,56.2,56.3,56.3,60.4,60.3,61.9,56.3,56.3,62.8,62.2,56.3,56.3,62.2,62.2,62.2,59.5,60.1,59.5,53.4,53.5,58.5,60,59.2,62.2,62.2,60.1,53.4,58.8,56,56.1,55.6,56.3,59.5,56.2,48.9,48.6,49.3,33.9,33.9,33.9,56.8,56.3,33.9,33.9,56.3
06/03/2026 13:45:00,60,65.7,61.4,54.8,54.8,39,39,54.8,54.8,59.5,62.2,59.5,62.8,58.3,62.2,56.9,56.1,57.3,39,39,62.2,62.2,35.4,29.4,41.7,48.4,66.7,64.4,64.3,64.3,64.3,58.9,61.6,59.6,59.5,59.5,60.1,55.4,54.8,59.5,54.8,54.8,54.9,59,58.7,60.4,54.8,54.8,62.8,62.2,54.8,54.8,62.2,62.2,62.2,59.5,60.1,59.5,56.4,56.2,59.6,60.5,59.8,62.2,62.2,60.1,46.8,52.1,48.5,55.2,54.6,55.5,59.5,54.8,37.4,34.4,38.1,32.5,32.5,32.5,55.4,54.8,32.5,32.5,54.8
06/03/2026 13:50:00,61,67.6,62.5,54.5,54.5,37.6,37.6,54.5,54.5,59.4,62.3,59.4,62.8,58.1,62.3,57.7,57.6,58.2,37.6,37.6,62.2,62.2,34,27.3,40.4,48.7,66.8,64.4,64.3,64.4,64.2,57.1,58.6,57.7,59.4,59.4,60,55.1,54.5,59.4,54.5,54.5,54.6,60.4,59.3,61.9,54.5,54.5,62.8,62.2,54.5,54.5,62.3,62.3,62.2,59.4,60,59.4,58.7,59.5,58.7,60.2,59.5,62.2,62.2,60,45.9,51.9,51,55.2,54.4,55.4,59.4,54.5,30.5,25,31.4,31.5,31.5,31.5,55.1,54.5,31.5,31.5,54.5
06/03/2026 13:55:00,59.8,68,61.2,53.6,53.6,36.3,36.3,53.6,53.6,59.5,62.2,59.4,62.8,57.7,62.2,61,60.7,61.9,36.3,36.3,62.1,62.1,34.1,27.1,40.5,46.8,67,64.4,64.2,64.3,64.2,59.1,62.7,59.9,59.5,59.4,60,54.1,53.6,59.5,53.5,53.6,53.6,59.6,58.2,61.1,53.6,53.6,62.8,62.1,53.6,53.6,62.2,62.2,62.1,59.4,60,59.4,59.9,61.5,59.2,60,59.9,62.1,62.1,60,51.5,57.1,56.3,55.7,55,55.9,59.4,53.5,34.8,31,35.3,30.5,30.5,30.5,54.1,53.6,30.5,30.5,53.6
06/03/2026 14:00:00,59.8,68.8,61.2,49.2,49.2,36.1,36.1,49.2,49.2,59.5,61.9,59.4,62.5,57.6,61.9,60.1,59.6,60.9,36.1,36.1,61.8,61.8,34.2,27.5,39.4,47.2,67,64.5,64.2,64.5,64.2,57.6,60.2,58.3,59.5,59.4,60,49.7,49.2,59.5,49.2,49.2,49.3,59,55.8,60.4,49.2,49.2,62.5,61.8,49.2,49.2,61.9,61.9,61.8,59.4,60,59.4,59.7,61.1,61.3,60.5,61.9,61.8,61.8,60,51.8,58.6,56.3,54.2,53.8,54.4,59.4,49.2,32.4,26.1,33.2,29.9,29.9,29.9,49.7,49.2,29.9,29.9,49.2
06/03/2026 14:05:00,59.9,66.3,61.3,50.5,50.5,35.6,35.6,50.5,50.5,59.6,61.7,59.5,62.3,57.1,61.7,57.5,57.1,58.2,35.6,35.6,61.6,61.6,33.7,27,40.2,47.4,67.1,64.6,64.2,64.6,64.2,59.6,62.9,60.4,59.6,59.5,60.1,51,50.5,59.6,50.5,50.5,50.6,57.7,55.7,59.1,50.5,50.5,62.3,61.6,50.5,50.5,61.7,61.7,61.6,59.5,60.1,59.5,59.2,60.3,60,60.1,60.8,61.6,61.6,60.1,52.6,59.9,57,53.6,53.3,53.9,59.5,50.5,28.3,21,29.3,29,29,29,51,50.5,29,29,50.5
06/03/2026 14:10:00,59.5,66.2,61,51.1,51.1,34.8,34.8,51.1,51.1,59.5,61.7,59.4,62.4,56.9,61.7,56.4,55.9,56.9,34.8,34.8,61.7,61.7,34.3,28.1,42.3,47.5,66.9,64.4,64.1,64.7,64.1,61.1,64.3,61.9,59.5,59.4,60,51.6,51.1,59.5,51.1,51.1,51.2,58.6,56.6,60,51.1,51.1,62.4,61.7,51.1,51.1,61.7,61.7,61.7,59.4,60,59.4,59.3,60.9,59.7,59.9,60.3,61.7,61.7,60,54.6,60.8,57.2,53.7,52.3,53.9,59.4,51.1,25.1,17.4,26.1,28.4,28.4,28.4,51.6,51.1,28.4,28.4,51.1
06/03/2026 14:15:00,59.6,65,61,51.4,51.4,33.3,33.3,51.4,51.4,59.4,61.6,59.3,62.3,56.7,61.6,55.8,54.8,56.3,33.3,33.3,61.6,61.6,34.6,27.9,41.7,49.6,67,64.5,64.1,64.3,64.1,61,64.7,61.9,59.4,59.3,59.9,51.9,51.4,59.4,51.4,51.4,51.5,57.5,55.9,59,51.4,51.4,62.3,61.6,51.4,51.4,61.6,61.6,61.6,59.3,59.9,59.3,60.8,61.8,59.9,62.1,61,61.6,61.6,59.9,56.4,61,57,50.2,48.9,50.5,59.3,51.4,26.6,18.9,27.4,27.4,27.4,27.4,51.9,51.4,27.4,27.4,51.4
06/03/2026 14:20:00,59.5,67,60.8,49.4,49.4,32.2,32.2,49.4,49.4,59.2,61.7,59.1,62.4,55.4,61.7,56.1,54.5,56.5,32.2,32.2,61.7,61.7,34.6,27.8,42.7,49.8,66.6,64.2,64.2,64,64.2,61.9,65,62.9,59.2,59.1,59.7,49.9,49.4,59.2,49.4,49.4,49.5,59.4,55.9,60.9,49.4,49.4,62.4,61.7,49.4,49.4,61.7,61.7,61.7,59.1,59.7,59.1,60.6,62.1,61.4,61.4,61.8,61.7,61.7,59.7,48.9,46.8,43.9,52.8,52.6,53.1,59.1,49.4,25.6,17.7,26.4,26.4,26.4,26.4,49.9,49.4,26.4,26.4,49.4
06/03/2026 14:25:00,60,66.5,61.4,48.6,48.6,31.3,31.3,48.6,48.6,59.1,61.7,59,62.2,54.8,61.7,54.6,53.9,54.9,31.3,31.3,61.6,61.6,35.3,29.3,44.7,50.6,67.1,64.6,64.3,63.9,64.2,58.6,62.2,59.3,59.1,59,59.6,49.1,48.6,59.1,48.6,48.6,48.7,59.8,55.9,61.3,48.6,48.6,62.2,61.6,48.6,48.6,61.7,61.7,61.6,59,59.6,59,62.3,64.3,61.7,62.7,63,61.6,61.6,59.6,33.4,34.1,35.9,54.4,54.3,54.6,59,48.6,26.7,19.7,27.6,25.8,25.8,25.8,49.1,48.6,25.8,25.8,48.6
06/03/2026 14:30:00,60.3,67.5,61.7,48.7,48.7,30.8,30.8,48.7,48.7,59,61.6,59,62.2,54.2,61.6,55.2,55.4,55.5,30.8,30.8,61.6,61.6,33.3,28.1,42.6,49.7,67,64.5,64.3,64,64.3,56,57.4,56.5,59,59,59.6,49.2,48.7,59,48.7,48.7,48.8,57.3,54.6,58.7,48.7,48.7,62.2,61.6,48.7,48.7,61.6,61.6,61.6,59,59.6,59,61.1,63,62.7,63.3,62.8,61.6,61.6,59.6,26.1,30,32.3,43.6,41.5,44,59,48.7,25,17.9,25.9,24.8,24.8,24.8,49.2,48.7,24.8,24.8,48.7
06/03/2026 14:35:00,60.2,67.8,61.6,47.7,47.7,30.2,30.2,47.7,47.7,59.1,61.7,59,62.2,53.6,61.7,55.8,54.8,56.1,30.2,30.2,61.6,61.6,35.1,29.5,41.5,49.4,67,64.5,64.2,64.4,64.2,57.5,58.4,58.1,59.1,59,59.6,48.2,47.7,59.1,47.7,47.7,47.8,56.2,53.1,57.7,47.7,47.7,62.2,61.6,47.7,47.7,61.7,61.7,61.6,59,59.6,59,60.5,62.2,61.5,63.1,62.7,61.6,61.6,59.6,25.7,30.4,30.8,44.9,43.2,45,59,47.7,22,13.8,23.1,24.7,24.7,24.7,48.2,47.7,24.7,24.7,47.7
06/03/2026 14:40:00,60.3,67.8,61.7,47.4,47.4,29.7,29.7,47.4,47.4,58.7,61.5,58.7,62.1,52.3,61.5,56.3,55,56.6,29.7,29.7,61.5,61.5,33.7,27.8,42.1,49.7,67,64.6,64.2,64.5,64.2,53.2,55.6,53.6,58.7,58.7,59.3,47.9,47.4,58.7,47.4,47.4,47.5,58.2,54.5,59.6,47.4,47.4,62.1,61.5,47.4,47.4,61.5,61.5,61.5,58.7,59.3,58.7,60.4,62.4,62.5,63.3,63,61.5,61.5,59.3,20.6,29,28.1,49,48.3,49.3,58.7,47.4,21.7,13.4,22.5,23.5,23.5,23.5,47.9,47.4,23.5,23.5,47.4
06/03/2026 14:45:00,59.4,65,60.8,47.8,47.8,28.3,28.3,47.8,47.8,58.5,61.5,58.4,62.1,50.2,61.5,60.2,59.2,60.8,28.3,28.3,61.5,61.5,31.5,24.8,39.1,47.9,66.8,64.4,64.2,64.5,64.2,54.9,57.3,55.4,58.5,58.4,59,48.3,47.8,58.5,47.8,47.8,47.9,57.9,54.1,59.4,47.8,47.8,62.1,61.5,47.8,47.8,61.5,61.5,61.5,58.4,59,58.4,61.3,62.3,62.2,62.1,62.6,61.5,61.5,59,22.3,23.6,30.7,37.6,33.2,38.2,58.4,47.8,20.2,11,21,23,23,23,48.3,47.8,23,23,47.8
06/03/2026 14:50:00,59.8,66.9,61.3,47.1,47.1,26.9,26.9,47.1,47.1,58.4,61.5,58.3,62.1,49.2,61.5,59,57.6,59.6,26.9,26.9,61.5,61.5,32.2,27.4,43.1,50.6,66.6,64.2,64.3,64.8,64.2,58.4,61.1,59.2,58.4,58.3,58.9,47.6,47.1,58.4,47.1,47.1,47.2,58.4,54.1,59.9,47.1,47.1,62.1,61.5,47.1,47.1,61.5,61.5,61.5,58.3,58.9,58.3,63.4,64.1,63.5,62.9,62.9,61.5,61.5,58.9,27.7,20.9,28.1,29,22,29.9,58.3,47.1,21.1,11.9,22,22,22,22,47.6,47.1,22,22,47.1
06/03/2026 14:55:00,60.1,68.7,61.5,47.1,47.1,26.3,26.3,47.1,47.1,58.5,61.5,58.4,62.1,47.4,61.5,61.7,60.1,62.5,26.3,26.3,61.5,61.5,33.5,29,44.5,52,67.1,64.7,64.3,65.1,64.2,58,58.5,58.6,58.5,58.4,59,47.6,47.1,58.5,47.1,47.1,47.2,59.5,54.8,60.9,47.1,47.1,62.1,61.5,47.1,47.1,61.5,61.5,61.5,58.4,59,58.4,63.2,65.1,65.8,65.6,64.8,61.5,61.5,59,23.1,21.5,27.7,27.6,20,28.5,58.4,47.1,21.7,12.6,22.4,21.2,21.2,21.2,47.6,47.1,21.2,21.2,47.1
06/03/2026 15:00:00,59.6,67.2,61,46.6,46.6,26.2,26.2,46.6,46.6,58.7,61.4,58.6,61.9,46.9,61.4,62,60.5,63,26.2,26.2,61.3,61.3,35.9,32.1,47.8,52.8,67.1,64.6,64.2,64.5,64.2,59.4,61.3,60.2,58.7,58.6,59.2,47.1,46.6,58.7,46.6,46.6,46.7,58.6,53.5,60.1,46.6,46.6,61.9,61.3,46.6,46.6,61.4,61.4,61.3,58.6,59.2,58.6,63.2,64.1,65.1,64.6,64.6,61.3,61.3,59.2,27.6,21.5,28.1,27.7,21.1,28.6,58.6,46.6,21.6,12.6,22.7,21.1,21.1,21.1,47.1,46.6,21.1,21.1,46.6
06/03/2026 15:05:00,59.7,67.1,61.1,46.9,46.9,26.1,26.1,46.9,46.9,58.9,61.2,58.8,61.8,47.2,61.2,60.5,58.7,61.3,26.1,26.1,61.2,61.2,36.9,33,46.2,52,67,64.6,64.2,61.8,64.2,58.6,61.7,59.4,58.9,58.8,59.4,47.4,46.9,58.9,46.9,46.9,47,57.1,53.2,58.5,46.9,46.9,61.8,61.2,46.9,46.9,61.2,61.2,61.2,58.8,59.4,58.8,63.5,64.1,66.2,65.9,65.6,61.2,61.2,59.4,27.6,22,28.6,27.2,20,28.1,58.8,46.9,19.3,9.7,20.5,20.1,20.1,20.1,47.4,46.9,20.1,20.1,46.9
06/03/2026 15:10:00,59.3,65,60.7,44.9,44.9,25.6,25.6,44.9,44.9,58.8,61.1,58.7,61.7,45.2,61.1,57.7,56.1,58.4,25.6,25.6,61.1,61.1,36.3,31.4,45.1,51.6,66.9,64.4,64.2,66,64.2,61.6,64.2,62.5,58.8,58.7,59.3,45.4,44.9,58.8,44.9,44.9,45,58.7,53.4,60.1,44.9,44.9,61.7,61.1,44.9,44.9,61.1,61.1,61.1,58.7,59.3,58.7,62.7,64.3,64.8,64.6,64.6,61.1,61.1,59.3,30,23.8,29.4,25,18,26,58.7,44.9,18.7,8.5,19.9,19.5,19.5,19.5,45.4,44.9,19.5,19.5,44.9
06/03/2026 15:15:00,59.7,66.2,61.1,44.6,44.6,25.6,25.6,44.6,44.6,58.6,61,58.5,61.6,44.9,61,57.3,55.7,57.9,25.6,25.6,61,61,34.9,28.9,42.1,49.7,66.8,64.4,64.3,66,64.3,62.1,65.3,63,58.6,58.5,59.1,45.1,44.6,58.6,44.6,44.6,44.7,60.6,53.5,62.1,44.6,44.6,61.6,61,44.6,44.6,61,61,61,58.5,59.1,58.5,63.5,65.3,65.2,63.9,65.1,61,61,59.1,31.9,24.7,30.2,25.9,19.3,26.8,58.5,44.6,19.1,9.1,20.3,19.1,19.1,19.1,45.1,44.6,19.1,19.1,44.6
06/03/2026 15:20:00,59.7,65.8,61.1,43.4,43.4,25.6,25.6,43.4,43.4,58.6,60.9,58.5,61.5,43.7,60.9,58.2,56.3,58.8,25.6,25.6,60.9,60.9,34.2,27.9,41.5,48.4,67,64.5,64.3,66.1,64.3,61.4,64.1,62.3,58.6,58.5,59.1,43.8,43.4,58.6,43.4,43.4,43.5,61.1,51.4,62.6,43.4,43.4,61.5,60.9,43.4,43.4,60.9,60.9,60.9,58.5,59.1,58.5,62.4,64.8,66.3,65.3,65.7,60.9,60.9,59.1,33.1,25.5,30.9,27.6,21.9,28.6,58.5,43.4,18.6,8.3,19.6,19.2,19.2,19.2,43.8,43.4,19.2,19.2,43.4
06/03/2026 15:25:00,59.5,64.3,60.9,43.1,43.1,25.3,25.3,43.1,43.1,58.6,60.9,58.5,61.5,43.4,60.9,58.7,57,59.3,25.3,25.3,60.9,60.9,32.6,25.7,40.2,47.7,67.3,64.8,64.3,66.1,64.3,60.4,62.3,61.2,58.6,58.5,59.1,43.5,43.1,58.6,43.1,43.1,43.2,60.5,51.2,62,43.1,43.1,61.5,60.9,43.1,43.1,60.9,60.9,60.9,58.5,59.1,58.5,61.8,64.1,65.2,64.5,65.1,60.9,60.9,59.1,33.5,25.1,31.2,26.1,18.6,27.1,58.5,43.1,19.1,9.4,19.7,18.7,18.7,18.7,43.5,43.1,18.7,18.7,43.1
06/03/2026 15:30:00,59.6,65.6,60.9,42.4,42.4,25,25,42.4,42.4,58.7,60.9,58.6,61.5,42.7,60.9,59.9,58.6,60.7,25,25,60.9,60.9,33.8,27.5,40.9,48.5,67.2,64.7,64.2,66,64.2,58.7,60.5,59.4,58.7,58.6,59.2,42.8,42.4,58.7,42.4,42.4,42.5,59.9,50.1,61.4,42.4,42.4,61.5,60.9,42.4,42.4,60.9,60.9,60.9,58.6,59.2,58.6,61.7,63.8,65.5,65.6,65.2,60.9,60.9,59.2,32.9,25.2,30.5,26.7,19.5,27.7,58.6,42.4,18.6,8.7,19.3,18.2,18.2,18.2,42.8,42.4,18.2,18.2,42.4
06/03/2026 15:35:00,59.5,64.7,60.9,41.6,41.6,24.7,24.7,41.6,41.6,58.3,60.9,58.2,61.5,41.8,60.9,57.9,57.4,58.3,24.7,24.7,60.9,60.9,31.8,25.7,40.1,47.5,67,64.5,64.3,66.1,64.2,61,62.7,61.9,58.3,58.2,58.8,42,41.6,58.3,41.6,41.6,41.7,61.6,48.8,63.2,41.6,41.6,61.5,60.9,41.6,41.6,60.9,60.9,60.9,58.2,58.8,58.2,61.8,64.2,64.1,65,64.4,60.9,60.9,58.8,33,26.5,30.9,26.2,18.5,27.2,58.2,41.6,18.5,8.5,19.3,18.2,18.2,18.2,42,41.6,18.2,18.2,41.6
06/03/2026 15:40:00,59.9,64.9,61.3,40.6,40.6,24,24,40.6,40.6,58,60.8,57.9,61.4,40.8,60.8,55.3,53.7,55.8,24,24,60.8,60.8,31.3,24.7,39.2,47.1,66.9,64.5,64.2,66,64.2,61.4,63.2,62.3,58,57.9,58.5,41,40.6,58,40.6,40.6,40.7,62.3,46.3,63.8,40.6,40.6,61.4,60.8,40.6,40.6,60.8,60.8,60.8,57.9,58.5,57.9,61,63.2,64.2,64.4,64.2,60.8,60.8,58.5,30.7,34.2,35.6,25.2,18,26.2,57.9,40.6,18.8,8.8,19.7,18.2,18.2,18.2,41,40.6,18.2,18.2,40.6
06/03/2026 15:45:00,59.2,64.3,60.5,39.7,39.7,23.4,23.4,39.7,39.7,57.5,60.7,57.4,61.3,39.9,60.7,59,58.4,59.8,23.4,23.4,60.7,60.7,30.1,23.3,37.8,46.9,67,64.6,64.2,66,64.2,60.8,62.9,61.7,57.5,57.4,58,40.1,39.7,57.5,39.7,39.7,39.8,62.2,44.7,63.7,39.7,39.7,61.3,60.7,39.7,39.7,60.7,60.7,60.7,57.4,58,57.4,62,63.8,63.7,64.1,64,60.7,60.7,58,35,48.1,45.9,28.6,21.6,29.5,57.4,39.7,18.6,8.8,19.6,17.5,17.5,17.5,40.1,39.7,17.5,17.5,39.7
06/03/2026 15:50:00,60,66.9,61.4,39.1,39.1,23.3,23.3,39.1,39.1,57,60.7,56.9,61.3,39.3,60.7,58.3,58.5,58.9,23.3,23.3,60.7,60.7,30.9,24.5,39.6,48.4,66.9,64.5,64.1,65.9,64.1,59.9,61.8,60.7,57,56.9,57.5,39.5,39.1,57,39.1,39.1,39.2,62.2,44.2,63.7,39.1,39.1,61.3,60.7,39.1,39.1,60.7,60.7,60.7,56.9,57.5,56.9,61.1,63.2,62.2,62.4,62.7,60.7,60.7,57.5,45.3,54.6,52.8,33.9,29,34.6,56.9,39.1,18.4,8.5,19.4,16.9,16.9,16.9,39.5,39.1,16.9,16.9,39.1
06/03/2026 15:55:00,60,67.8,61.4,39,39,23.3,23.3,39,39,57,60.7,56.9,61.3,39.2,60.7,58.8,58.3,59.4,23.3,23.3,60.7,60.7,32.3,25.6,40.6,48,67.1,64.5,64.1,65.9,64.1,62.8,64.1,63.7,57,56.9,57.5,39.4,39,57,39,39,39.1,62.2,44.2,63.7,39,39,61.3,60.7,39,39,60.7,60.7,60.7,56.9,57.5,56.9,62.1,63.5,65.5,65.2,65,60.7,60.7,57.5,52.7,60.6,57.3,41.8,40.1,42.4,56.9,39,17.8,7.3,18.6,16.8,16.8,16.8,39.4,39,16.8,16.8,39
06/03/2026 16:00:00,60.6,66.2,62,38.7,38.7,23.6,23.6,38.7,38.7,56.8,60.7,56.8,61.2,38.9,60.7,60.8,60.2,61.7,23.6,23.6,60.6,60.6,38.8,33.4,45.1,49.9,67,64.5,64.2,66,64.2,64.2,66.2,65.3,56.8,56.8,57.4,39.1,38.7,56.8,38.7,38.7,38.8,62.2,43.9,63.7,38.7,38.7,61.2,60.6,38.7,38.7,60.7,60.7,60.6,56.8,57.4,56.8,62.4,64.7,66.1,65.4,65.7,60.6,60.6,57.4,59.4,62.9,60.3,49.5,49,49.6,56.8,38.7,18.3,8,19.4,16.6,16.6,16.6,39.1,38.7,16.6,16.6,38.7
06/03/2026 16:05:00,60.1,64.3,61.5,38.3,38.3,23.5,23.5,38.3,38.3,56.8,60.7,56.8,61.2,38.5,60.7,59.1,58.4,59.9,23.5,23.5,60.6,60.6,40.8,36.8,48.3,53.5,66.9,64.5,64.2,66.1,64.2,63.3,66.6,64.3,56.8,56.8,57.4,38.7,38.3,56.8,38.3,38.3,38.4,62.2,43.6,63.7,38.3,38.3,61.2,60.6,38.3,38.3,60.7,60.7,60.6,56.8,57.4,56.8,63.5,65.1,67.2,66.4,66.2,60.6,60.6,57.4,60.9,64.5,61.1,51.8,52.2,52.1,56.8,38.3,19.4,9,20,16.4,16.4,16.4,38.7,38.3,16.4,16.4,38.3
06/03/2026 16:10:00,60.2,63.8,61.6,37.7,37.7,23.7,23.7,37.7,37.7,56.9,60.6,56.8,61.1,37.9,60.6,57.8,57.1,58.3,23.7,23.7,60.5,60.5,46.1,43.5,50.6,53.8,67,64.5,64.3,66.1,64.2,65.2,68.5,66.4,56.9,56.8,57.4,38.1,37.7,56.9,37.7,37.7,37.8,62.2,43,63.7,37.7,37.7,61.1,60.5,37.7,37.7,60.6,60.6,60.5,56.8,57.4,56.8,60.9,63.2,64.1,63.9,64.2,60.5,60.5,57.4,57.6,63.4,60.8,52.8,53.1,53,56.8,37.7,19.2,9.1,20.3,16.1,16.1,16.1,38.1,37.7,16.1,16.1,37.7
06/03/2026 16:15:00,59.8,62.6,61.2,37.7,37.7,23.5,23.5,37.7,37.7,56.6,60.5,56.6,61,37.9,60.5,55.5,54,56,23.5,23.5,60.4,60.4,51.4,51.6,56.7,57.5,67.1,64.6,64.2,66,64.2,61.8,61.8,62.7,56.6,56.6,57.2,38.1,37.7,56.6,37.7,37.7,37.8,62.2,43,63.7,37.7,37.7,61,60.4,37.7,37.7,60.5,60.5,60.4,56.6,57.2,56.6,61.1,63.4,65.9,64.9,65.6,60.4,60.4,57.2,59.2,63.9,60.7,47.8,47.7,48.1,56.6,37.7,19.8,9.8,20.6,16.1,16.1,16.1,38.1,37.7,16.1,16.1,37.7
06/03/2026 16:20:00,59.7,62.1,61.1,37.2,37.2,23.2,23.2,37.2,37.2,56.6,60.4,56.6,61,37.4,60.4,56.6,55.8,56.9,23.2,23.2,60.4,60.4,53.8,54.6,59,59.4,67.2,64.6,64.2,59.3,64.2,58.3,58.3,59,56.6,56.6,57.2,37.6,37.2,56.6,37.2,37.2,37.3,62.2,42.6,63.7,37.2,37.2,61,60.4,37.2,37.2,60.4,60.4,60.4,56.6,57.2,56.6,61.8,63.9,65.1,65.5,65.2,60.4,60.4,57.2,64.2,65.2,61.7,50.4,48.5,50.5,56.6,37.2,19.2,9.1,20.1,15.6,15.6,15.6,37.6,37.2,15.6,15.6,37.2
06/03/2026 16:25:00,60,61.7,61.4,36.8,36.8,23.5,23.5,36.8,36.8,56.2,60.4,56.1,61,37,60.4,56.5,55.2,56.9,23.5,23.5,60.4,60.4,54.9,55.6,59.3,59.1,66.9,64.4,64.2,63.3,64.2,54.2,52.8,54.6,56.2,56.1,56.7,37.2,36.8,56.2,36.8,36.8,36.9,62.2,42.3,63.7,36.8,36.8,61,60.4,36.8,36.8,60.4,60.4,60.4,56.1,56.7,56.1,61.4,63.6,65.4,66.2,65.4,60.4,60.4,56.7,64.4,65.8,61.9,54.6,53.7,54.7,56.1,36.8,19,9,20,15.4,15.4,15.4,37.2,36.8,15.4,15.4,36.8
06/03/2026 16:30:00,59.4,61.4,60.8,35.9,35.9,23.8,23.8,35.9,35.9,56.5,60.6,56.4,61.2,36.1,60.6,56.7,54.5,57.2,23.8,23.8,60.6,60.6,51.3,49.5,56.3,57.7,67.2,64.6,64.1,64.3,64.1,51.2,50.8,51.3,56.5,56.4,57,36.3,35.9,56.5,35.9,35.9,36,62.2,41.5,63.7,35.9,35.9,61.2,60.6,35.9,35.9,60.6,60.6,60.6,56.4,57,56.4,60.1,61.7,65.2,65.3,65.1,60.6,60.6,57,63.6,65.2,60.9,53.5,54.9,53.8,56.4,35.9,19.7,9.9,20.5,15.2,15.2,15.2,36.3,35.9,15.2,15.2,35.9
06/03/2026 16:35:00,59.1,60.6,60.5,35.3,35.3,23.3,23.3,35.3,35.3,56.5,60.5,56.4,61.1,35.5,60.5,57.6,56.7,58,23.3,23.3,60.5,60.5,47.4,45.4,52.6,55.8,67,64.5,64.1,65.1,64.1,50,51.6,50.1,56.5,56.4,57,35.7,35.3,56.5,35.3,35.3,35.4,62.2,40.9,63.7,35.3,35.3,61.1,60.5,35.3,35.3,60.5,60.5,60.5,56.4,57,56.4,60.8,62.8,63.5,64.9,63.7,60.5,60.5,57,64.1,65.9,61.6,53,54.6,53.2,56.4,35.3,20,10.6,21.1,15.1,15.1,15.1,35.7,35.3,15.1,15.1,35.3
06/03/2026 16:40:00,57.6,59.7,58.9,35,35,23.3,23.3,35,35,56.2,60.4,56.1,61,35.2,60.4,58.3,57,58.8,23.3,23.3,60.4,60.4,39.9,35.3,45.5,51.1,67.2,64.6,64.1,64.8,64.1,49.8,50.2,49.8,56.2,56.1,56.7,35.4,35,56.2,35,35,35.1,62.2,40.6,63.7,35,35,61,60.4,35,35,60.4,60.4,60.4,56.1,56.7,56.1,60.7,62.7,64.4,64.7,64.4,60.4,60.4,56.7,64.5,66.6,62,54.3,55.8,54.5,56.1,35,18.9,9.3,20,15.2,15.2,15.2,35.4,35,15.2,15.2,35
06/03/2026 16:45:00,58.8,61.4,60.2,34.2,34.2,23,23,34.2,34.2,55.9,60.3,55.8,60.9,34.4,60.3,58.9,58,59.4,23,23,60.3,60.3,36,29.7,42.4,48.9,67.1,64.5,64.1,65.4,64.1,57.9,58.8,58.5,55.9,55.8,56.4,34.5,34.2,55.9,34.2,34.2,34.3,62.2,39.8,63.7,34.2,34.2,60.9,60.3,34.2,34.2,60.3,60.3,60.3,55.8,56.4,55.8,61.8,63,65.1,65.1,64.9,60.3,60.3,56.4,65.2,67,63.2,54.6,56.9,54.7,55.8,34.2,19.3,9.5,20.4,15.1,15.1,15.1,34.5,34.2,15.1,15.1,34.2
06/03/2026 16:50:00,59.3,60.7,60.7,34.5,34.5,23.3,23.3,34.5,34.5,55.7,60.4,55.7,61,34.7,60.4,60.6,60.6,61.3,23.3,23.3,60.4,60.4,34.1,27.5,40.1,48.1,66.9,64.4,64.2,65.1,64.2,61.1,64.4,62,55.7,55.7,56.3,34.9,34.5,55.7,34.5,34.5,34.6,62.2,40.1,63.7,34.5,34.5,61,60.4,34.5,34.5,60.4,60.4,60.4,55.7,56.3,55.7,61.4,64.2,66.3,66.4,66.1,60.4,60.4,56.3,66,68,64.2,59.9,59.8,59.9,55.7,34.5,19.5,9.9,20.6,15,15,15,34.9,34.5,15,15,34.5
06/03/2026 16:55:00,59.7,60.9,61.1,34.5,34.5,23.5,23.5,34.5,34.5,55.6,60.4,55.5,61,34.7,60.4,61.2,61.2,62,23.5,23.5,60.4,60.4,32.6,25.8,39.8,47.4,66.5,64.2,64.1,64.8,64.1,62.7,67.1,63.7,55.6,55.5,56.1,34.9,34.5,55.6,34.5,34.5,34.6,62.2,40.3,63.7,34.5,34.5,61,60.4,34.5,34.5,60.4,60.4,60.4,55.5,56.1,55.5,63,65.3,67.3,67.4,66.9,60.4,60.4,56.1,66.4,69.4,64.7,60.2,60,60.3,55.5,34.5,19.1,9.4,20.2,15,15,15,34.9,34.5,15,15,34.5
06/03/2026 17:00:00,59.7,61,61.1,34.2,34.2,24,24,34.2,34.2,55.8,60.6,55.8,61.2,34.4,60.6,59.3,58.8,60,24,24,60.6,60.6,32.2,25,39.4,47.9,66.9,64.4,64.1,65,64.1,64.8,67.4,65.9,55.8,55.8,56.4,34.6,34.2,55.8,34.2,34.2,34.3,62.2,40,63.7,34.2,34.2,61.2,60.6,34.2,34.2,60.6,60.6,60.6,55.8,56.4,55.8,63.7,65.3,68.3,67.7,67.1,60.6,60.6,56.4,66.6,68.5,64.9,58.2,59.6,58.2,55.8,34.2,18.9,9,20,15,15,15,34.6,34.2,15,15,34.2
06/03/2026 17:05:00,59.8,61.1,61.2,34.2,34.2,24,24,34.2,34.2,55.8,60.6,55.7,61.2,34.4,60.6,57.7,57.1,58.3,24,24,60.6,60.6,34.9,28.3,42.1,48.8,66.8,64.4,64.2,65.1,64.2,63.8,66.6,64.8,55.8,55.7,56.3,34.6,34.2,55.8,34.2,34.2,34.3,62.2,39.9,63.7,34.2,34.2,61.2,60.6,34.2,34.2,60.6,60.6,60.6,55.7,56.3,55.7,63.4,64.5,68.1,67.3,67,60.6,60.6,56.3,65.7,68.8,63.7,59.8,59.8,59.9,55.7,34.2,18.9,9.3,20.1,14.8,14.8,14.8,34.6,34.2,14.8,14.8,34.2
06/03/2026 17:10:00,60,61.3,61.4,33.6,33.6,24.3,24.3,33.6,33.6,55,60.3,54.9,60.9,33.8,60.3,56.4,55.1,57,24.3,24.3,60.3,60.3,34.8,28,42.2,49.7,67.1,64.6,64.2,65,64.2,57.6,60.4,58.2,55,54.9,55.5,33.9,33.6,55,33.6,33.6,33.7,62.2,39.2,63.7,33.6,33.6,60.9,60.3,33.6,33.6,60.3,60.3,60.3,54.9,55.5,54.9,63.8,65.5,70.6,69.7,68.2,60.3,60.3,55.5,65,68.5,62.8,59.5,59.9,59.5,54.9,33.6,18.9,9,19.9,14.8,14.8,14.8,33.9,33.6,14.8,14.8,33.6
06/03/2026 17:15:00,59.4,59.6,60.7,32.8,32.8,23.8,23.8,32.8,32.8,53.4,60,53.3,60.6,33,60,58.9,58.4,59.7,23.8,23.8,60,60,34.5,27.3,41.3,48.6,67,64.6,64.2,65.4,64.2,59.7,61.2,60.5,53.4,53.3,53.9,33.1,32.8,53.4,32.8,32.8,32.9,62.2,38.5,63.7,32.8,32.8,60.6,60,32.8,32.8,60,60,60,53.3,53.9,53.3,63.8,65.8,68.4,68.4,67.5,60,60,53.9,63.9,67.5,61.8,59.5,59.3,59.5,53.3,32.8,18.2,8.1,19.1,14.7,14.7,14.7,33.1,32.8,14.7,14.7,32.8
06/03/2026 17:20:00,59.6,60.2,61,32.2,32.2,24.1,24.1,32.2,32.2,51.4,59.8,51.4,60.4,32.4,59.8,60.8,61.4,61.5,24.1,24.1,59.8,59.8,34.9,28.5,40.5,48.7,67,64.5,64.2,65.6,64.2,63.5,65.8,64.6,51.4,51.4,51.9,32.5,32.2,51.4,32.2,32.2,32.3,62.2,38.2,63.7,32.2,32.2,60.4,59.8,32.2,32.2,59.8,59.8,59.8,51.4,51.9,51.4,62.7,64.8,69.2,68.2,68,59.8,59.8,51.9,65.2,67.4,63,59.4,60,59.4,51.4,32.2,18.8,8.6,19.6,14.3,14.3,14.3,32.5,32.2,14.3,14.3,32.2
06/03/2026 17:25:00,59.3,59.9,60.6,31.9,31.9,23.9,23.9,31.9,31.9,50.1,59.4,50.1,60,32.1,59.4,61.7,61.6,62.4,23.9,23.9,59.4,59.4,37.2,33.4,44.5,50.6,66.8,64.4,64.2,65.9,64.2,65.1,68.2,66.3,50.1,50.1,50.6,32.2,31.9,50.1,31.9,31.9,32,62.2,38.1,63.7,31.9,31.9,60,59.4,31.9,31.9,59.4,59.4,59.4,50.1,50.6,50.1,63.3,65.3,71,70.1,69.4,59.4,59.4,50.6,64.3,67.2,61.9,55.4,56.9,55.4,50.1,31.9,19.8,9.4,20.3,13.8,13.8,13.8,32.2,31.9,13.8,13.8,31.9
06/03/2026 17:30:00,59.9,60.7,61.3,31.5,31.5,24.5,24.5,31.5,31.5,49.8,59.3,49.8,59.9,31.7,59.3,61.9,62.2,62.8,24.5,24.5,59.3,59.3,41,38.9,51.7,54.9,67,64.4,64.2,65.1,64.2,66.6,69.5,67.9,49.8,49.8,50.3,31.8,31.5,49.8,31.5,31.5,31.6,62.2,37.4,63.7,31.5,31.5,59.9,59.3,31.5,31.5,59.3,59.3,59.3,49.8,50.3,49.8,64.3,66.2,68.3,67.9,67.3,59.3,59.3,50.3,63.9,67.4,62.2,57,57.9,57,49.8,31.5,18.9,9,20,13.8,13.8,13.8,31.8,31.5,13.8,13.8,31.5
06/03/2026 17:35:00,60.2,61.7,61.6,31.6,31.6,25,25,31.6,31.6,50.1,59.3,50.1,59.9,31.8,59.3,64.7,64.6,65.8,25,25,59.3,59.3,44.3,44.3,58.6,59.1,66.9,64.4,64,65.5,64,67,70.2,68.3,50.1,50.1,50.6,31.9,31.6,50.1,31.6,31.6,31.7,62.2,37.8,63.7,31.6,31.6,59.9,59.3,31.6,31.6,59.3,59.3,59.3,50.1,50.6,50.1,60.8,62.1,67.9,67.4,67.2,59.3,59.3,50.6,65.1,66.8,62.9,58.7,59,58.7,50.1,31.6,18.5,8.4,19.5,13.8,13.8,13.8,31.9,31.6,13.8,13.8,31.6
06/03/2026 17:40:00,60,60.6,61.4,31.8,31.8,25.5,25.5,31.8,31.8,50.2,59.3,50.2,59.9,32,59.3,64.5,64.8,65.7,25.5,25.5,59.3,59.3,49,50.5,61.4,61.1,67.1,64.4,64.1,66.1,64,69.4,73.4,70.9,50.2,50.2,50.7,32.1,31.8,50.2,31.8,31.8,31.9,62.2,37.7,63.7,31.8,31.8,59.9,59.3,31.8,31.8,59.3,59.3,59.3,50.2,50.7,50.2,60.4,62.4,66.5,66.6,66.3,59.3,59.3,50.7,65.4,67,63.4,53.2,53.4,53.2,50.2,31.8,19.8,9.7,20.4,13.9,13.9,13.9,32.1,31.8,13.9,13.9,31.8
06/03/2026 17:45:00,60.3,61.2,61.7,31.9,31.9,25.5,25.5,31.9,31.9,50.3,59.5,50.3,60.1,32.1,59.5,63.8,64.4,64.7,25.5,25.5,59.5,59.5,40.9,40.3,54.8,58.6,67,64.5,64.2,66,64.2,69.8,72.6,71.3,50.3,50.3,50.8,32.2,31.9,50.3,31.9,31.9,32,62.2,37.8,63.7,31.9,31.9,60.1,59.5,31.9,31.9,59.5,59.5,59.5,50.3,50.8,50.3,60.8,62.4,66.2,65.3,65.6,59.5,59.5,50.8,61.1,65.9,62.6,49,45.6,49,50.3,31.9,20.5,10.7,21.2,13.9,13.9,13.9,32.2,31.9,13.9,13.9,31.9
06/03/2026 17:50:00,59.9,61.3,61.3,32.1,32.1,25.9,25.9,32.1,32.1,50.3,59.7,50.3,60.3,32.3,59.7,62.4,62.7,63.2,25.9,25.9,59.7,59.7,47.5,46.3,54.5,57.4,67.1,64.6,64.1,65.7,64.1,67.8,70.6,69,50.3,50.3,50.8,32.4,32.1,50.3,32.1,32.1,32.2,62.2,38.1,63.7,32.1,32.1,60.3,59.7,32.1,32.1,59.7,59.7,59.7,50.3,50.8,50.3,62,63.7,67.3,66.8,66.4,59.7,59.7,50.8,62.2,66.2,62.5,53.1,52.2,53.1,50.3,32.1,19.6,9.6,20.3,13.9,13.9,13.9,32.4,32.1,13.9,13.9,32.1
06/03/2026 17:55:00,60.4,62,61.8,32.9,32.9,26.6,26.6,32.9,32.9,51.8,60.1,51.8,60.7,33.1,60.1,62.8,63.2,63.7,26.6,26.6,60.1,60.1,48.8,47.6,55.2,57.5,67,64.5,64.1,65.9,64.1,68.2,72.9,69.6,51.8,51.8,52.3,33.2,32.9,51.8,32.9,32.9,33,62.2,38.8,63.7,32.9,32.9,60.7,60.1,32.9,32.9,60.1,60.1,60.1,51.8,52.3,51.8,62.3,64.4,67.5,67.4,66.7,60.1,60.1,52.3,65.5,67.5,63.5,53.4,54,53.4,51.8,32.9,20.7,10.6,21.1,13.5,13.5,13.5,33.2,32.9,13.5,13.5,32.9
06/03/2026 18:00:00,60.4,64.6,61.8,33.5,33.5,27.1,27.1,33.5,33.5,53.6,60.8,53.5,61.3,33.7,60.8,62.1,62.1,62.9,27.1,27.1,60.7,60.7,52.8,54.2,60,59.9,67.1,64.6,64.1,65.3,64.1,68.4,73.1,69.7,53.6,53.5,54.1,33.8,33.5,53.6,33.5,33.5,33.6,62.2,39.4,63.7,33.5,33.5,61.3,60.7,33.5,33.5,60.8,60.8,60.7,53.5,54.1,53.5,62,63.9,66.9,66.8,66.3,60.7,60.7,54.1,66.5,68.7,64.9,57.1,57.6,57.1,53.5,33.5,20,10.2,20.7,13.7,13.7,13.7,33.8,33.5,13.7,13.7,33.5
06/03/2026 18:05:00,59.2,63.9,60.6,34.1,34.1,27.4,27.4,34.1,34.1,55.1,61.3,55.1,61.8,34.3,61.3,62.1,61.1,62.9,27.4,27.4,61.2,61.2,55.8,57.4,60.6,61,67.1,64.7,64.1,65,64.1,67.5,72.7,68.7,55.1,55.1,55.7,34.5,34.1,55.1,34.1,34.1,34.2,62.2,39.9,63.7,34.1,34.1,61.8,61.2,34.1,34.1,61.3,61.3,61.2,55.1,55.7,55.1,63.5,64.9,68.6,68.4,67.2,61.2,61.2,55.7,64.9,68.5,62.8,57.7,57.3,58,55.1,34.1,19.4,9.2,20,14.2,14.2,14.2,34.5,34.1,14.2,14.2,34.1
06/03/2026 18:10:00,59.9,65.3,61.3,35.3,35.3,28.1,28.1,35.3,35.3,56.3,61.5,56.2,62,35.5,61.5,61.6,61.7,62.4,28.1,28.1,61.4,61.4,53.3,52.9,57.1,58.7,67.1,64.6,64.2,64.2,64.2,65,70.1,66.1,56.3,56.2,56.8,35.7,35.3,56.3,35.3,35.3,35.4,62.2,41,63.7,35.3,35.3,62,61.4,35.3,35.3,61.5,61.5,61.4,56.2,56.8,56.2,62.9,65,66.5,66.6,66.2,61.4,61.4,56.8,64.9,67.2,62.8,53.8,52.5,53.8,56.2,35.3,20.3,9.7,20.7,14.7,14.7,14.7,35.7,35.3,14.7,14.7,35.3
06/03/2026 18:15:00,59.9,64.5,61.2,35.6,35.6,29.1,29.1,35.6,35.6,56.8,61.7,56.7,62.3,35.8,61.7,62.3,62.4,63.1,29.1,29.1,61.7,61.7,56.1,57.9,62.4,61.5,67,64.5,64.2,64.4,64.2,65.6,69,66.7,56.8,56.7,57.3,36,35.6,56.8,35.6,35.6,35.7,62.2,41.1,63.7,35.6,35.6,62.3,61.7,35.6,35.6,61.7,61.7,61.7,56.7,57.3,56.7,63.6,65.5,66.7,66.7,66.5,61.7,61.7,57.3,64.6,66.6,62.3,50.9,50.1,50.9,56.7,35.6,20.7,10.5,21.1,14.8,14.8,14.8,36,35.6,14.8,14.8,35.6
06/03/2026 18:20:00,60.1,64.9,61.5,36.1,36.1,29.4,29.4,36.1,36.1,57.4,62,57.4,62.6,36.3,62,61.3,61.7,62.2,29.4,29.4,62,62,55.5,57.1,60.9,60.5,66.9,64.4,64.3,65.7,64.2,68.4,72.3,69.7,57.4,57.4,58,36.5,36.1,57.4,36.1,36.1,36.2,62.2,41.6,63.7,36.1,36.1,62.6,62,36.1,36.1,62,62,62,57.4,58,57.4,63.7,65.9,67.6,68,67.4,62,62,58,64.5,67.1,62.2,57.8,57,57.9,57.4,36.1,20.2,10.6,20.9,15.3,15.3,15.3,36.5,36.1,15.3,15.3,36.1
06/03/2026 18:25:00,59.7,64.9,61.1,36.1,36.1,30,30,36.1,36.1,58.3,62.3,58.2,62.9,36.3,62.3,62.6,62.7,63.4,30,30,62.3,62.3,49.1,48.1,54.7,57.3,66.8,64.4,64.3,65.4,64.2,67.6,72.9,68.9,58.3,58.2,58.8,36.5,36.1,58.3,36.1,36.1,36.2,62.2,41.6,63.7,36.1,36.1,62.9,62.3,36.1,36.1,62.3,62.3,62.3,58.2,58.8,58.2,63.9,65.2,68.1,67.9,67.3,62.3,62.3,58.8,65.2,67,63.3,57.5,58.2,57.6,58.2,36.1,21.2,11.7,21.6,15.2,15.2,15.2,36.5,36.1,15.2,15.2,36.1
06/03/2026 18:30:00,59.5,64.8,60.9,37.3,37.3,30.2,30.2,37.3,37.3,59.1,62.5,59,63.2,37.5,62.5,62.8,63,63.8,30.2,30.2,62.5,62.5,54.3,55.5,59.4,59.4,67,64.6,64.3,65,64.3,67.9,72.5,69.2,59.1,59,59.6,37.7,37.3,59.1,37.3,37.3,37.4,62.2,42.6,63.7,37.3,37.3,63.2,62.5,37.3,37.3,62.5,62.5,62.5,59,59.6,59,64.2,65.5,63.9,65.8,65.4,62.5,62.5,59.6,61.7,66.8,63.1,55.6,57.7,55.7,59,37.3,22.1,12.5,22.4,15.1,15.1,15.1,37.7,37.3,15.1,15.1,37.3
06/03/2026 18:35:00,60,66.3,61.4,38.5,38.5,31.1,31.1,38.5,38.5,60.2,62.8,60.1,63.3,38.7,62.8,62.4,62.9,63.2,31.1,31.1,62.7,62.7,58.5,60.9,62.7,62.8,67,64.5,64.4,65.1,64.4,66.5,71.1,67.8,60.2,60.1,60.7,38.9,38.5,60.2,38.5,38.5,38.6,62.2,43.7,63.7,38.5,38.5,63.3,62.7,38.5,38.5,62.8,62.8,62.7,60.1,60.7,60.1,63.2,64.1,63.5,64.4,64,62.7,62.7,60.7,60.3,65.9,62.5,56.5,59,56.7,60.1,38.5,22.2,12.3,22.5,15.7,15.7,15.7,38.9,38.5,15.7,15.7,38.5
06/03/2026 18:40:00,59.3,65,60.7,39.1,39.1,32.2,32.2,39.1,39.1,61.2,63.1,61.1,63.7,39.3,63.1,64.7,65.2,65.7,32.2,32.2,63,63,58.9,62.5,64.9,63,67.1,64.5,64.2,65.4,64.2,67.3,71.6,68.6,61.2,61.1,61.7,39.5,39.1,61.2,39.1,39.1,39.2,62.2,44.2,63.7,39.1,39.1,63.7,63,39.1,39.1,63.1,63.1,63,61.1,61.7,61.1,62.2,63.2,64.5,65.2,63.8,63,63,61.7,61.5,66.5,62.5,57.2,59.2,57.3,61.1,39.1,21.9,12.8,22.5,16,16,16,39.5,39.1,16,16,39.1
06/03/2026 18:45:00,59.3,64.7,60.7,40.5,40.5,32.9,32.9,40.5,40.5,62,63.2,61.9,63.9,40.7,63.2,65.2,65.9,66.4,32.9,32.9,63.2,63.2,59.5,64.2,67.4,64.4,67.2,64.5,64.3,65.3,64.3,68.1,71.6,69.5,62,61.9,62.5,40.9,40.5,62,40.5,40.5,40.6,62.2,45.4,63.7,40.5,40.5,63.9,63.2,40.5,40.5,63.2,63.2,63.2,61.9,62.5,61.9,61.8,63.2,66.1,66.2,65.2,63.2,63.2,62.5,62.3,66,61.4,56.3,58.7,56.5,61.9,40.5,21.7,12.7,22.8,16.4,16.4,16.4,40.9,40.5,16.4,16.4,40.5
06/03/2026 18:50:00,60.3,66.4,61.7,42.1,42.1,34.4,34.4,42.1,42.1,62.7,63.6,62.6,64.2,42.3,63.6,64.3,65.5,65.2,34.4,34.4,63.5,63.5,61.8,65.1,66.2,64.3,66.8,64.5,64.3,65.2,64.3,69,74.2,70.4,62.7,62.6,63.2,42.5,42.1,62.7,42.1,42.1,42.2,62.2,46.9,63.7,42.1,42.1,64.2,63.5,42.1,42.1,63.6,63.6,63.5,62.6,63.2,62.6,62,63.3,64.4,65.9,65.7,63.5,63.5,63.2,61.7,66,62.2,56.1,58.1,56.3,62.6,42.1,25.5,17.8,26.3,16.8,16.8,16.8,42.5,42.1,16.8,16.8,42.1
06/03/2026 18:55:00,60.3,66.9,61.8,44.1,44.1,35.7,35.7,44.1,44.1,63.5,63.7,63.4,64.2,44.4,63.7,62.8,63.7,63.6,35.7,35.7,63.6,63.6,63.1,65.8,66.3,64.2,67.1,64.5,64.3,65.3,64.3,68.5,73.2,69.9,63.5,63.4,64.1,44.6,44.1,63.5,44.1,44.1,44.2,62.2,48.7,63.7,44.1,44.1,64.2,63.6,44.1,44.1,63.7,63.7,63.6,63.4,64.1,63.4,62.9,64.6,65.9,65.5,65.6,63.6,63.6,64.1,58.5,64.7,61.4,56.5,57.9,56.7,63.4,44.1,26.8,21.5,27.3,17.7,17.7,17.7,44.6,44.1,17.7,17.7,44.1
06/03/2026 19:00:00,60.4,66.7,61.9,45.9,45.9,38.7,38.7,45.9,45.9,64,63.9,63.9,64.6,46.2,63.9,63.5,64.4,64.3,38.7,38.7,63.9,63.9,62.5,65.1,65.4,63.7,67.1,64.7,64.3,65.9,64.4,67.8,73.9,69.1,64,63.9,64.6,46.4,45.9,64,45.9,45.9,46,62.2,50.3,63.7,45.9,45.9,64.6,63.9,45.9,45.9,63.9,63.9,63.9,63.9,64.6,63.9,63.3,65.2,66.9,66.4,66.4,63.9,63.9,64.6,60.8,66.5,62.6,56.7,58.8,56.7,63.9,45.9,30,22,30.2,18.6,18.6,18.6,46.4,45.9,18.6,18.6,45.9
06/03/2026 19:05:00,59.8,67.1,61.2,49.1,49.1,41.5,41.5,49.1,49.1,64.4,64.1,64.3,64.8,49.4,64.1,64.3,64.5,65.2,41.5,41.5,64.1,64.1,62.1,65,64.7,63,67.3,64.6,64.4,66.3,64.4,68.8,72.7,70.1,64.4,64.3,65,49.6,49.1,64.4,49.1,49.1,49.2,62.2,53.1,63.7,49.1,49.1,64.8,64.1,49.1,49.1,64.1,64.1,64.1,64.3,65,64.3,63.4,65.1,65.1,66,65.9,64.1,64.1,65,63.3,67.4,64.2,57.6,61.4,57.6,64.3,49.1,27,19.5,27.2,19.9,19.9,19.9,49.6,49.1,19.9,19.9,49.1
06/03/2026 19:10:00,59.6,65.1,61,51.7,51.7,43.9,43.9,51.7,51.7,64.8,64.3,64.7,64.9,52,64.3,61.2,62.3,61.9,43.9,43.9,64.2,64.2,61.4,64.2,63.6,62.1,67.2,64.7,64.5,66.1,64.5,66.5,70.6,67.8,64.8,64.7,65.4,52.2,51.7,64.8,51.7,51.7,51.8,62.2,55.5,63.7,51.7,51.7,64.9,64.2,51.7,51.7,64.3,64.3,64.2,64.7,65.4,64.7,64.2,65.8,68.1,68.1,66.1,64.2,64.2,65.4,62.1,66.4,63,59.2,62.1,59.3,64.7,51.7,29.3,21.4,29.5,20.7,20.7,20.7,52.2,51.7,20.7,20.7,51.7
06/03/2026 19:15:00,60.3,65.7,61.7,53.5,53.5,46.2,46.2,53.5,53.5,65,64.4,64.9,65,53.7,64.4,63.5,64.6,64.4,46.2,46.2,64.3,64.3,62.4,64.8,64,63.5,67.1,64.7,64.5,66.8,64.5,64.6,69.4,65.8,65,64.9,65.6,53.9,53.5,65,53.4,53.5,53.5,62.2,57,63.7,53.5,53.5,65,64.3,53.5,53.5,64.4,64.4,64.3,64.9,65.6,64.9,64.2,66,66.2,67,65.8,64.3,64.3,65.6,62.4,67,63.6,60.8,63.9,60.8,64.9,53.4,34.1,27,34.3,22,22,22,53.9,53.5,22,22,53.5
06/03/2026 19:20:00,60.3,66.3,61.8,55.2,55.2,47.4,47.4,55.2,55.2,65.2,64.4,65.1,65.1,55.5,64.4,63,64,64,47.4,47.4,64.4,64.4,62.8,66.3,66.6,64.1,67.3,64.7,64.5,66.5,64.5,64.5,69.3,65.6,65.2,65.1,65.8,55.8,55.2,65.2,55.2,55.2,55.3,62.2,58.6,63.7,55.2,55.2,65.1,64.4,55.2,55.2,64.4,64.4,64.4,65.1,65.8,65.1,64.4,66.2,69.6,69.3,68.6,64.4,64.4,65.8,65.7,69.1,63.7,61.4,64.1,61.5,65.1,55.2,52.6,49.9,52.7,23.6,23.6,23.6,55.8,55.2,23.6,23.6,55.2
06/03/2026 19:25:00,59.9,65.8,61.3,56.8,56.8,50.1,50.1,56.8,56.8,65.5,64.7,65.4,65.3,57.1,64.7,63.3,63.9,64.3,50.1,50.1,64.6,64.6,62,66,66.5,64.3,67.2,64.7,64.5,66.9,64.6,65.1,70.3,66.3,65.5,65.4,66.1,57.4,56.8,65.5,56.8,56.8,56.9,62.2,60.1,63.7,56.8,56.8,65.3,64.6,56.8,56.8,64.7,64.7,64.6,65.4,66.1,65.4,66.3,67.8,69.3,69.8,68.7,64.6,64.6,66.1,65.2,69.1,64,60.5,63.1,60.5,65.4,56.8,60.2,59.3,60.2,25.1,25.1,25.1,57.4,56.8,25.1,25.1,56.8
06/03/2026 19:30:00,60,66.6,61.4,58.7,58.7,51.4,51.4,58.7,58.7,65.6,64.8,65.5,65.4,58.9,64.8,64.6,66,65.6,51.4,51.4,64.7,64.7,62.4,66.4,66.9,64.2,67.1,64.6,64.6,67.7,64.6,65.9,70.3,67.1,65.6,65.5,66.2,59.2,58.7,65.6,58.6,58.7,58.7,62.2,61.7,63.7,58.7,58.7,65.4,64.7,58.7,58.7,64.8,64.8,64.7,65.5,66.2,65.5,67.7,70,70.1,69.7,69.3,64.7,64.7,66.2,64.5,68.5,63.5,61.9,64.7,61.9,65.5,58.6,64.1,64.7,64.1,26.1,26.1,26.1,59.2,58.7,26.1,26.1,58.7
06/03/2026 19:35:00,59.2,67.4,60.7,59.9,59.9,52.3,52.3,59.9,59.9,65.8,64.8,65.7,65.4,60.2,64.8,63.6,64.3,64.4,52.3,52.3,64.7,64.7,63,67.4,68.7,64.6,67.2,64.6,64.6,66.2,64.5,65.9,70.8,67.1,65.8,65.7,66.4,60.4,59.9,65.8,59.8,59.9,59.9,62.2,62.7,63.7,59.9,59.9,65.4,64.7,59.9,59.9,64.8,64.8,64.7,65.7,66.4,65.7,67.9,69.8,68.7,70,68.2,64.7,64.7,66.4,64,70,64.8,62.3,66.4,62.3,65.7,59.8,66.3,67.9,66.3,27.4,27.4,27.4,60.4,59.9,27.4,27.4,59.9
06/03/2026 19:40:00,59.1,65.8,60.5,62.7,62.7,53.3,53.3,62.7,62.7,65.9,64.9,65.8,65.5,61.2,64.9,62,62.5,62.7,53.3,53.3,64.8,64.8,63.6,67.3,67.4,64.6,67.2,64.6,64.6,63.2,64.6,64.9,70.7,66,65.9,65.8,66.5,63.2,62.7,65.9,62.6,62.7,62.8,62.5,65.3,64,62.7,62.7,65.5,64.8,62.7,62.7,64.9,64.9,64.8,65.8,66.5,65.8,67.6,69.2,69.2,69.7,68.4,64.8,64.8,66.5,65.3,70.2,64.9,64.7,69.1,64.7,65.8,62.6,66.4,69.4,66.4,29.6,29.6,29.6,63.2,62.7,29.6,29.6,62.7
06/03/2026 19:45:00,59.2,65.4,60.6,63,63,55.4,55.4,63,63,66,64.9,65.9,65.5,62.1,64.9,63.7,64,64.5,55.4,55.4,64.8,64.8,63.7,67.7,67.9,64.5,67.2,64.7,64.5,66.7,64.5,68.5,73.1,69.8,66,65.9,66.6,63.5,63,66,62.9,63,63.1,62.4,65.5,63.9,63,63,65.5,64.8,63,63,64.9,64.9,64.8,65.9,66.6,65.9,68,69.9,68.7,69.3,68.9,64.8,64.8,66.6,67.7,72.1,66.5,65,69.3,64.9,65.9,62.9,64.9,69.2,64.9,31.7,31.7,31.7,63.5,63,31.7,31.7,63
06/03/2026 19:50:00,59.5,64.6,60.9,64.5,64.5,57.5,57.5,64.5,64.5,66.1,64.9,66,65.5,62.9,64.9,62.1,63.2,62.8,57.5,57.5,64.8,64.8,64.3,68,67.9,64.6,67.3,64.6,64.5,66.7,64.5,66.4,72.1,67.6,66.1,66,66.7,65.1,64.5,66.1,64.4,64.5,64.6,61.9,65.9,63.4,64.5,64.5,65.5,64.8,64.5,64.5,64.9,64.9,64.8,66,66.7,66,67.9,68.9,69.3,70.3,68.1,64.8,64.8,66.7,65.9,72.3,66.3,65.2,70.5,65.1,66,64.4,67.6,70.8,67.6,33.6,33.6,33.6,65.1,64.5,33.6,33.6,64.5
06/03/2026 19:55:00,59.3,65.1,60.7,64.9,64.9,59.7,59.7,64.9,64.9,66.3,64.9,66.2,65.4,63.9,64.9,61.9,62.8,62.6,59.7,59.7,64.8,64.8,64.9,69,68,64.5,67.1,64.5,64.4,66.5,64.4,66.2,71.4,67.4,66.3,66.2,66.9,65.5,64.9,66.3,64.8,64.9,65,62.7,66.6,64.2,64.9,64.9,65.4,64.8,64.9,64.9,64.9,64.9,64.8,66.2,66.9,66.2,66.9,68.4,69.6,69.7,68.8,64.8,64.8,66.9,65.2,72.3,65.4,63.9,69.8,63.8,66.2,64.8,68.7,71.8,68.6,36.7,36.7,36.7,65.5,64.9,36.7,36.7,64.9
06/03/2026 20:00:00,60.2,68.3,61.6,64.9,64.9,61.1,61.1,64.9,64.9,66.3,64.8,66.2,65.5,64.5,64.8,62.7,63.7,63.6,61.1,61.1,64.8,64.8,64.9,68.3,67.3,64.5,67.1,64.6,64.5,66.7,64.5,65.2,71.3,66.3,66.3,66.2,66.9,65.5,64.9,66.3,64.8,64.9,65,61.9,66,63.4,64.9,64.9,65.5,64.8,64.9,64.9,64.8,64.8,64.8,66.2,66.9,66.2,66.7,68.1,68.6,69.2,68.3,64.8,64.8,66.9,64.6,69.3,65.1,63.6,68.5,63.6,66.2,64.8,68.2,72.9,68.1,42.5,42.5,42.5,65.5,64.9,42.5,42.5,64.9
06/03/2026 20:05:00,60.5,69.3,62,65,65,61.6,61.6,65,65,66.5,64.9,66.4,65.6,65,64.9,61.6,62.3,62.5,61.6,61.6,64.9,64.9,63.7,66.1,64.8,63.7,67,64.5,64.7,66.9,64.7,64.1,70.7,65.1,66.5,66.4,67.1,65.6,65,66.5,64.9,65,65.1,60,65.2,61.4,65,65,65.6,64.9,65,65,64.9,64.9,64.9,66.4,67.1,66.4,67,68.6,68.4,68.9,67.6,64.9,64.9,67.1,64.9,69.1,65,65.1,70.5,65.1,66.4,64.9,69.2,72.3,69.1,48.9,48.9,48.9,65.6,65,48.9,48.9,65
06/03/2026 20:10:00,60.9,68.3,62.5,65,65,62.5,62.5,65,65,66.4,65,66.3,65.6,65.1,65,62.4,64,63.3,62.5,62.5,64.9,64.9,64.2,66.9,66.4,64,67.1,64.6,64.6,66.8,64.6,64.9,69,66,66.4,66.3,67,65.6,65,66.4,64.9,65,65,61.6,66.1,63.1,65,65,65.6,64.9,65,65,65,65,64.9,66.3,67,66.3,66.9,68.7,66.4,68.5,67.2,64.9,64.9,67,63.7,68,64.8,65.1,70.7,65,66.3,64.9,70.7,72.9,70.5,53.3,53.2,53.2,65.6,65,53.3,53.3,65
06/03/2026 20:15:00,61.1,67.4,62.6,65,65,62.9,62.9,65,65,66.4,64.9,66.3,65.5,65.3,64.9,62.5,62.9,63.4,62.9,62.9,64.9,64.9,64.4,68.2,67.7,64.8,67.4,64.8,64.6,66.8,64.6,65.4,70.3,66.5,66.4,66.3,67,65.6,65,66.4,64.9,65,65,61.9,66.4,63.4,65,65,65.5,64.9,65,65,64.9,64.9,64.9,66.3,67,66.3,67.4,68.8,66.9,67.1,67.1,64.9,64.9,67,64,68.3,65.1,65.2,70.8,65.1,66.3,64.9,70.4,72.7,70.3,56.3,56.2,56.2,65.6,65,56.3,56.3,65
06/03/2026 20:20:00,60.9,66.9,62.4,65.2,65.2,63.9,63.9,65.2,65.2,66.3,65,66.2,65.6,65.5,65,62.2,63,63.2,63.9,63.9,64.9,64.9,65.1,68.7,68.5,64.8,67,64.6,64.5,66.6,64.5,65.2,70,66.4,66.3,66.2,66.9,65.8,65.2,66.3,65.1,65.2,65.3,61.4,66.1,62.9,65.2,65.2,65.6,64.9,65.2,65.2,65,65,64.9,66.2,66.9,66.2,67.8,69.1,65.4,66.2,66.9,64.9,64.9,66.9,64.2,66.7,63.4,65.6,70.6,65.6,66.2,65.1,68.2,72,68.1,58.9,58.9,58.9,65.8,65.2,58.9,58.9,65.2
06/03/2026 20:25:00,61.1,65.7,62.6,65.5,65.5,64.3,64.3,65.5,65.5,66.3,65,66.2,65.5,65.8,65,63.6,64.3,64.5,64.3,64.3,64.9,64.9,63.1,67.4,67.6,64.4,67.1,64.6,64.5,66.6,64.5,64.1,69.2,65.1,66.3,66.2,66.9,66.1,65.5,66.3,65.4,65.5,65.6,59.4,65,60.8,65.5,65.5,65.5,64.9,65.5,65.5,65,65,64.9,66.2,66.9,66.2,67.4,68.4,67.1,67.9,67,64.9,64.9,66.9,63.6,67.3,64.8,66.1,70.5,66.1,66.2,65.4,65.6,70.3,65.5,61.3,61.2,61.2,66.1,65.5,61.3,61.3,65.5
06/03/2026 20:30:00,60.9,66,62.4,65.6,65.6,64.4,64.4,65.6,65.6,66.2,65,66.1,65.5,65.9,65,61.1,61.5,61.8,64.4,64.4,64.9,64.9,63.2,67.8,69,64.5,67,64.5,64.6,66.8,64.6,64.3,68.9,65.4,66.2,66.1,66.8,66.2,65.6,66.2,65.5,65.6,65.7,58.6,64.8,60.1,65.6,65.6,65.5,64.9,65.6,65.6,65,65,64.9,66.1,66.8,66.1,65.9,67.1,66.4,66.6,66.1,64.9,64.9,66.8,62.4,66.2,64,64.5,68,64.4,66.1,65.5,66.3,71.1,66.2,62.1,62,62,66.2,65.6,62.1,62.1,65.6
06/03/2026 20:35:00,61.2,66.7,62.7,65.5,65.5,64.5,64.5,65.5,65.5,66.1,64.9,66,65.5,65.8,64.9,61.9,62.4,62.6,64.5,64.5,64.8,64.8,64.2,67.2,67.2,64.4,67,64.5,64.6,66.8,64.6,64.1,69.4,65.2,66.1,66,66.7,66.1,65.5,66.1,65.4,65.5,65.6,60.5,65.7,62,65.5,65.5,65.5,64.8,65.5,65.5,64.9,64.9,64.8,66,66.7,66,63.4,64.7,64.9,66.3,65.2,64.8,64.8,66.7,62.1,64.9,63.5,64.1,67.4,64.1,66,65.4,67.8,71.7,67.7,62.6,62.5,62.5,66.1,65.5,62.6,62.6,65.5
06/03/2026 20:40:00,61.3,66.9,62.8,65.4,65.4,64.6,64.6,65.4,65.4,66,65,65.9,65.5,65.7,65,62,62,62.7,64.6,64.6,65,65,64,66.1,65.5,63.5,66.7,64.3,64.6,66.7,64.5,63,69,64.1,66,65.9,66.6,66,65.4,66,65.3,65.4,65.5,60.8,65.6,62.3,65.4,65.4,65.5,65,65.4,65.4,65,65,65,65.9,66.6,65.9,65,66.6,66.8,66.8,66.3,65,65,66.6,62.7,65.2,62.1,63.1,68.3,63.1,65.9,65.3,65.8,66.7,65.7,63.6,63.5,63.5,66,65.4,63.6,63.6,65.4
06/03/2026 20:45:00,60.8,66.7,62.3,65.5,65.5,64.8,64.8,65.5,65.5,66.1,65,66,65.6,65.9,65,60.7,62.1,61.3,64.8,64.8,64.9,64.9,62.6,64.3,63.8,62.8,67,64.4,64.6,66.3,64.6,61.6,66.1,62.6,66.1,66,66.7,66.2,65.5,66.1,65.5,65.5,65.7,61,66.1,62.5,65.5,65.5,65.6,64.9,65.5,65.5,65,65,64.9,66,66.7,66,64.6,65.9,65.8,65.9,65.3,64.9,64.9,66.7,61.8,65,62,61.7,68.1,61.8,66,65.5,65.3,68.8,65.2,63.5,63.4,63.4,66.2,65.5,63.5,63.5,65.5
06/03/2026 20:50:00,60.2,66.4,61.6,65.7,65.7,65,65,65.7,65.7,66.1,64.9,66,65.5,66,64.9,61.7,63.1,62.4,65,65,65,65,61.6,64.7,65.6,64.1,66.9,64.5,64.6,66,64.6,64.1,68.4,65.2,66.1,66,66.7,66.3,65.7,66.1,65.6,65.7,65.8,61.5,66.6,63,65.7,65.7,65.5,65,65.7,65.7,64.9,64.9,65,66,66.7,66,64.2,66.2,63.2,65.1,63.4,65,65,66.7,62.1,66.2,63.3,61.6,68.4,61.6,66,65.6,64.9,68.4,65,63.9,63.8,63.8,66.3,65.7,63.9,63.9,65.7
06/03/2026 20:55:00,60.6,66.6,62.1,66.1,66.1,65.4,65.4,66.1,66.1,66.1,64.9,66,65.6,66.2,64.9,60,61.2,60.5,65.4,65.4,64.9,64.9,62.4,65.7,66.1,64,67.1,64.5,64.6,66.2,64.6,61.8,67.2,62.7,66.1,66,66.7,66.7,66.1,66.1,66,66.1,66.2,60.1,66.2,61.7,66.1,66.1,65.6,64.9,66.1,66.1,64.9,64.9,64.9,66,66.7,66,65.1,66.5,63.3,64.7,63.6,64.9,64.9,66.7,61.5,66.1,62.4,64.6,69.2,64.5,66,66,64.2,67.6,64.1,64.3,64.2,64.2,66.7,66.1,64.3,64.3,66.1
06/03/2026 21:00:00,59.2,64.3,60.6,67.1,67.1,66.7,66.7,67.1,67.1,67.1,65,67,65.7,67.9,65,59.8,61.4,60.4,66.7,66.7,65,65,62,64.2,63.9,63.2,66.8,64.4,64.5,66.9,64.5,64.6,68.3,65.8,67.1,67,67.7,67.7,67.1,67.1,67,67.1,67.2,61.1,67.3,62.6,67.1,67.1,65.7,65,67.1,67.1,65,65,65,67,67.7,67,65.7,67.4,65.2,67.2,66.8,65,65,67.7,63.3,67,63.8,61.7,68.2,61.7,67,67,64.5,67.8,64.4,66.8,66.7,66.7,67.7,67.1,66.8,66.8,67.1
06/03/2026 21:05:00,59.9,64.9,61.4,67.7,67.7,67.1,67.1,67.7,67.7,67.7,65.1,67.6,65.6,68.7,65.1,62.5,62.7,63.2,67.1,67.1,65.1,65.1,61,64.4,65,63.5,66.7,64.3,64.6,66.9,64.6,63.9,69,65,67.7,67.6,68.3,68.3,67.7,67.7,67.6,67.7,67.8,61.8,67.8,63.3,67.7,67.7,65.6,65.1,67.7,67.7,65.1,65.1,65.1,67.6,68.3,67.6,66.1,67.1,65.2,67.4,66.6,65.1,65.1,68.3,62.4,66.6,62.9,62.4,67.3,62.5,67.6,67.6,66.3,70,66.3,68,67.9,67.9,68.3,67.7,68,68,67.7
06/03/2026 21:10:00,60,65.2,61.4,68.1,68.1,67.5,67.5,68.1,68.1,68,65.1,67.9,65.6,69.1,65.1,62.4,62.6,63.1,67.5,67.5,65.1,65.1,62.3,64.7,64.6,63.4,66.8,64.2,64.5,66.2,64.5,63.8,66.9,64.9,68,67.9,68.6,68.7,68.1,68,68,68.1,68.2,62.3,68.2,63.8,68.1,68.1,65.6,65.1,68.1,68.1,65.1,65.1,65.1,67.9,68.6,67.9,66.7,67.3,66.4,67.1,66.1,65.1,65.1,68.6,63.5,68.9,64.7,64.1,69.1,64.1,67.9,68,65.7,68.7,65.6,68.4,68.3,68.3,68.7,68.1,68.4,68.4,68.1
06/03/2026 21:15:00,60.9,65.4,62.4,68.2,68.2,67.5,67.5,68.2,68.2,68.2,65.2,68.1,65.7,69.3,65.2,64.2,64.6,65.3,67.5,67.5,65.2,65.2,62.2,65.1,65.9,64,66.9,64.2,64.5,66.5,64.5,65.6,70.1,66.9,68.2,68.1,68.8,68.8,68.2,68.2,68.1,68.2,68.3,61.7,68.1,63.2,68.2,68.2,65.7,65.2,68.2,68.2,65.2,65.2,65.2,68.1,68.8,68.1,67,68.9,67.8,69.3,67.6,65.2,65.2,68.8,64.5,69.7,65.3,64.5,69.2,64.5,68.1,68.1,68.3,71.8,68.2,68.7,68.6,68.6,68.8,68.2,68.7,68.7,68.2
06/03/2026 21:20:00,61.2,66.7,62.7,68.4,68.4,67.6,67.6,68.4,68.4,68.4,65.1,68.3,65.7,69.6,65.1,65.8,67.1,66.8,67.6,67.6,65.1,65.1,64.2,67.7,67.8,64,66.9,64.3,64.5,66.7,64.5,63.3,68.5,64.3,68.4,68.3,69,69,68.4,68.4,68.3,68.4,68.5,60.9,67.8,62.4,68.4,68.4,65.7,65.1,68.4,68.4,65.1,65.1,65.1,68.3,69,68.3,68.1,69.2,68.7,69.4,67.7,65.1,65.1,69,66.3,70.6,66.3,65.5,70.1,65.5,68.3,68.3,67.8,71.6,67.7,69,68.9,68.9,69,68.4,69,69,68.4
06/03/2026 21:25:00,60.8,66.7,62.2,68.4,68.4,67.9,67.9,68.4,68.4,68.4,65.2,68.3,65.8,69.9,65.2,64.2,65.4,65.1,67.9,67.9,65.2,65.2,63.7,67.2,68.5,64.3,66.9,64.4,64.5,66.5,64.5,66.1,71,67.3,68.4,68.3,69,69,68.4,68.4,68.3,68.4,68.5,60.2,67.2,61.7,68.4,68.4,65.8,65.2,68.4,68.4,65.2,65.2,65.2,68.3,69,68.3,68.5,70.1,70.9,70.2,69.5,65.2,65.2,69,66.1,69,65.8,65.1,69.7,65.1,68.3,68.3,66.8,70.9,66.7,69.3,69.2,69.2,69,68.4,69.3,69.3,68.4
06/03/2026 21:30:00,60.7,66.7,62.2,68.3,68.3,68.2,68.2,68.3,68.3,68.5,65.3,68.4,65.8,69.8,65.3,66.9,67.6,68.1,68.2,68.2,65.2,65.2,63.3,64.6,62.7,61.4,67,64.4,64.5,66.4,64.5,66.8,71.8,68.2,68.5,68.4,69.1,68.9,68.3,68.5,68.2,68.3,68.4,60.2,67.4,61.7,68.3,68.3,65.8,65.2,68.3,68.3,65.3,65.3,65.2,68.4,69.1,68.4,68.1,70.1,71,70.1,69.5,65.2,65.2,69.1,64.4,67.9,63.7,62.2,67.6,62.2,68.4,68.2,65.6,70,65.5,69.4,69.3,69.3,68.9,68.3,69.4,69.4,68.3
06/03/2026 21:35:00,61.5,69,63.1,68.5,68.5,68.4,68.4,68.5,68.5,68.7,65.2,68.6,65.9,70,65.2,66.1,68,67.3,68.4,68.4,65.2,65.2,63.1,65.1,63.6,61.9,67,64.3,64.6,65.9,64.6,65,69.5,66.1,68.7,68.6,69.3,69.1,68.5,68.7,68.4,68.5,68.6,58.9,67.3,60.3,68.5,68.5,65.9,65.2,68.5,68.5,65.2,65.2,65.2,68.6,69.3,68.6,68,71,69.9,70.3,68.4,65.2,65.2,69.3,63,68.8,64.5,64,68.8,64,68.6,68.4,68.1,69.9,68,69.3,69.2,69.2,69.1,68.5,69.3,69.3,68.5
06/03/2026 21:40:00,61.6,69.5,63.2,68.8,68.8,68.4,68.4,68.8,68.8,68.8,65.3,68.7,65.9,70.2,65.3,65,66.3,66,68.4,68.4,65.3,65.3,63.1,66.6,66.3,63.3,66.9,64.3,64.5,66.1,64.5,65.3,69.2,66.5,68.8,68.7,69.4,69.4,68.8,68.8,68.7,68.8,68.9,58.7,67.3,60.2,68.8,68.8,65.9,65.3,68.8,68.8,65.3,65.3,65.3,68.7,69.4,68.7,68.2,70.7,70.7,70.9,69.4,65.3,65.3,69.4,63.8,69.1,65,65,69.2,64.9,68.7,68.7,68.3,71.8,68.3,69.7,69.6,69.6,69.4,68.8,69.7,69.7,68.8
06/03/2026 21:45:00,61.5,68.1,63.1,68.9,68.9,68.5,68.5,68.9,68.9,68.9,65.3,68.8,65.9,70.4,65.3,64.5,66.2,65.6,68.5,68.5,65.3,65.3,64.6,67.9,66.3,64.3,67,64.3,64.4,66.1,64.4,65.6,69.6,66.8,68.9,68.8,69.5,69.5,68.9,68.9,68.8,68.9,69,57.3,65.4,58.7,68.9,68.9,65.9,65.3,68.9,68.9,65.3,65.3,65.3,68.8,69.5,68.8,68,71.3,70.4,70,68.9,65.3,65.3,69.5,64.5,69.7,65.5,64.7,69.6,64.6,68.8,68.8,69.6,72.6,69.6,70,69.9,69.9,69.5,68.9,70,70,68.9
06/03/2026 21:50:00,62.2,68.6,63.8,68.9,68.9,68.6,68.6,68.9,68.9,68.9,65.3,68.8,66,70.4,65.3,65.6,66.9,66.7,68.6,68.6,65.3,65.3,65.1,66.4,62.7,61.7,66.6,64.2,64.5,66,64.5,65.6,69.7,66.9,68.9,68.8,69.5,69.5,68.9,68.9,68.8,68.9,69,59.7,67.3,61.2,68.9,68.9,66,65.3,68.9,68.9,65.3,65.3,65.3,68.8,69.5,68.8,67.1,69.5,70,69.2,68.8,65.3,65.3,69.5,61.9,67.9,63.5,63.9,68.3,64,68.8,68.8,67,70.9,67,70.1,70,70,69.5,68.9,70.1,70.1,68.9
06/03/2026 21:55:00,62,67.8,63.6,69,69,68.9,68.9,69,69,69,65.4,68.9,66,70.6,65.4,66.2,67.3,67.4,68.9,68.9,65.4,65.4,64.2,64.8,62.3,61.7,66.4,64,64.5,65.8,64.5,64.4,69.9,65.6,69,68.9,69.6,69.6,69,69,68.9,69,69.1,57,65.3,58.4,69,69,66,65.4,69,69,65.4,65.4,65.4,68.9,69.6,68.9,67.6,69.4,70.4,68,69.2,65.4,65.4,69.6,62.4,66.3,63,65.6,67.7,65.5,68.9,68.9,65.6,69.5,65.5,70.4,70.3,70.3,69.6,69,70.4,70.4,69
06/03/2026 22:00:00,61.4,67.9,62.9,68.6,68.6,68.5,68.5,68.6,68.6,68.7,65.3,68.6,65.8,70.1,65.3,66.1,67.7,67.2,68.5,68.5,65.2,65.2,64.5,65.2,63.5,62.9,66.9,64.3,64.5,65.9,64.5,65.2,70.6,66.3,68.7,68.6,69.3,69.2,68.6,68.7,68.5,68.6,68.7,56.4,65.2,57.8,68.6,68.6,65.8,65.2,68.6,68.6,65.3,65.3,65.2,68.6,69.3,68.6,67.4,69,68,67.6,67.3,65.2,65.2,69.3,61.8,67.8,63.7,64.8,68.2,64.7,68.6,68.5,65.9,70.8,65.8,69.6,69.5,69.5,69.2,68.6,69.6,69.6,68.6
06/03/2026 22:05:00,61.3,68.6,62.8,68.4,68.4,68.3,68.3,68.4,68.4,68.6,65.2,68.5,65.8,69.8,65.2,67,67.9,68.2,68.3,68.3,65.1,65.1,65.5,66.1,65.3,64,66.9,64.2,64.5,66.2,64.5,65.6,70.2,66.8,68.6,68.5,69.2,69,68.4,68.6,68.3,68.4,68.5,58.5,66.5,60,68.4,68.4,65.8,65.1,68.4,68.4,65.2,65.2,65.1,68.5,69.2,68.5,67.6,69.1,68.6,68.7,67.5,65.1,65.1,69.2,61.9,67.2,63,61.6,66.9,61.7,68.5,68.3,66.2,68.6,66.2,69.5,69.4,69.4,69,68.4,69.5,69.5,68.4
06/03/2026 22:10:00,61.4,68.6,63,68.3,68.3,67.9,67.9,68.3,68.3,68.7,65.2,68.6,65.8,69.7,65.2,68.1,69.8,69.2,67.9,67.9,65.1,65.1,64.5,67.4,68.3,64.4,67,64.4,64.5,67.2,64.5,66,70.5,67.2,68.7,68.6,69.3,68.9,68.3,68.7,68.2,68.3,68.4,59.3,66.4,60.7,68.3,68.3,65.8,65.1,68.3,68.3,65.2,65.2,65.1,68.6,69.3,68.6,66.2,67.8,67.7,68.2,67.2,65.1,65.1,69.3,61.1,66.4,62,62.6,67.3,62.7,68.6,68.2,65.6,69.6,65.6,69.3,69.2,69.2,68.9,68.3,69.3,69.3,68.3
06/03/2026 22:15:00,61.7,70.1,63.4,68.3,68.3,68.1,68.1,68.3,68.3,68.7,65.1,68.6,65.8,69.6,65.1,66.1,68.2,67.2,68.1,68.1,65.2,65.2,64,66.3,66,64.4,66.8,64.4,64.5,66.7,64.5,66.3,71.4,67.5,68.7,68.6,69.3,68.9,68.3,68.7,68.2,68.3,68.4,58.9,66.5,60.3,68.3,68.3,65.8,65.2,68.3,68.3,65.1,65.1,65.2,68.6,69.3,68.6,65.6,67.7,65.6,66.3,65.5,65.2,65.2,69.3,61.4,66.7,62.4,62.8,67.4,62.9,68.6,68.2,67.7,69.7,67.6,69.6,69.5,69.5,68.9,68.3,69.6,69.6,68.3
06/03/2026 22:20:00,61.7,69.5,63.3,68.8,68.8,68.2,68.2,68.8,68.8,68.8,65.2,68.7,65.8,69.7,65.2,67.7,69.2,69,68.2,68.2,65.1,65.1,63.7,66.7,66.4,64.1,66.8,64.3,64.5,66.6,64.5,66.4,72.1,67.6,68.8,68.7,69.4,69.4,68.8,68.8,68.7,68.8,68.9,59.5,67,61,68.8,68.8,65.8,65.1,68.8,68.8,65.2,65.2,65.1,68.7,69.4,68.7,66.2,67.6,66.6,67.4,66.3,65.1,65.1,69.4,61.8,66.7,63.6,63.7,67.9,63.8,68.7,68.7,66.6,69.2,66.5,69.6,69.5,69.5,69.4,68.8,69.6,69.6,68.8
06/03/2026 22:25:00,62,70.1,63.6,68.8,68.8,68.3,68.3,68.8,68.8,68.8,65.1,68.7,65.9,69.8,65.1,69,70.9,70.4,68.3,68.3,65.1,65.1,62.5,65.6,66,64.4,67,64.4,64.5,66.6,64.5,64.1,70.2,65.2,68.8,68.7,69.4,69.4,68.8,68.8,68.7,68.8,68.9,58.3,66.3,59.8,68.8,68.8,65.9,65.1,68.8,68.8,65.1,65.1,65.1,68.7,69.4,68.7,64.5,66.4,64.7,66.4,65.4,65.1,65.1,69.4,61.7,67.4,63.4,61.8,66.4,61.9,68.7,68.7,65.5,69,65.4,69.6,69.5,69.5,69.4,68.8,69.6,69.6,68.8
06/03/2026 22:30:00,61.8,69.9,63.4,68.8,68.8,68.5,68.5,68.8,68.8,68.8,65.1,68.7,65.7,70.1,65.1,70.2,71.7,71.8,68.5,68.5,65.1,65.1,63.6,66.5,67.6,64.4,66.9,64.4,64.5,65.6,64.5,62.6,68.1,63.5,68.8,68.7,69.4,69.4,68.8,68.8,68.7,68.8,68.9,58.5,66.5,60,68.8,68.8,65.7,65.1,68.8,68.8,65.1,65.1,65.1,68.7,69.4,68.7,66.4,67.6,68.9,68.3,67.8,65.1,65.1,69.4,63.3,66.8,62.2,64,66.9,64,68.7,68.7,66,70,66,69.9,69.8,69.8,69.4,68.8,69.9,69.9,68.8
06/03/2026 22:35:00,61.7,69.7,63.4,68.6,68.6,68.4,68.4,68.6,68.6,68.8,65.2,68.7,65.7,70.3,65.2,71.5,72.7,73.1,68.4,68.4,65,65,64.6,66.2,65.2,64.2,66.7,64.3,64.4,66.3,64.4,63.8,69.7,64.9,68.8,68.7,69.4,69.3,68.6,68.8,68.6,68.6,68.8,58.5,66.3,60,68.6,68.6,65.7,65,68.6,68.6,65.2,65.2,65,68.7,69.4,68.7,64.8,66,66.9,66,66.1,65,65,69.4,62.1,66.4,59.5,61,66.6,61,68.7,68.6,68.2,71.4,68.1,70.5,70.4,70.4,69.3,68.6,70.5,70.5,68.6
06/03/2026 22:40:00,62.2,69.5,63.8,69,69,68.7,68.7,69,69,68.8,65.1,68.7,65.9,70.4,65.1,71.6,72.8,73,68.7,68.7,65.2,65.2,65.5,68,67.4,64.4,66.9,64.5,64.4,66.7,64.4,64.8,69.2,66,68.8,68.7,69.4,69.6,69,68.8,68.9,69,69.1,58.2,66.2,59.7,69,69,65.9,65.2,69,69,65.1,65.1,65.2,68.7,69.4,68.7,65.8,67.5,68.6,67.4,67.6,65.2,65.2,69.4,66,70.6,65.7,63.8,68.9,63.7,68.7,68.9,67.9,72.2,67.9,70.6,70.5,70.5,69.6,69,70.6,70.6,69
06/03/2026 22:45:00,61.8,70.2,63.4,68.9,68.9,68.9,68.9,68.9,68.9,68.9,65.2,68.8,65.8,70.7,65.2,70,71.7,71.2,68.9,68.9,65.2,65.2,65.4,66.9,65.7,64.1,67,64.4,64.4,66.4,64.4,66.8,71.8,68.1,68.9,68.8,69.5,69.5,68.9,68.9,68.8,68.9,69,60.8,67.9,62.3,68.9,68.9,65.8,65.2,68.9,68.9,65.2,65.2,65.2,68.8,69.5,68.8,66.9,68.5,69.3,67.9,68.3,65.2,65.2,69.5,64.2,67.9,63.9,64.7,68.9,64.6,68.8,68.8,70.9,73,70.8,70.8,70.7,70.7,69.5,68.9,70.8,70.8,68.9
06/03/2026 22:50:00,61.9,69.1,63.5,69.2,69.2,69,69,69.2,69.2,68.9,65.1,68.8,65.8,70.8,65.1,69.8,70.9,71,69,69,65.1,65.1,64.2,66.7,66.7,64.4,67.1,64.4,64.4,66.6,64.4,67.4,71.7,68.7,68.9,68.8,69.5,69.8,69.2,68.9,69.1,69.2,69.3,58.7,66.1,60.1,69.2,69.2,65.8,65.1,69.2,69.2,65.1,65.1,65.1,68.8,69.5,68.8,66.9,68.7,70,68.4,68.5,65.1,65.1,69.5,65.4,69.6,65.3,64.1,68.2,64.1,68.8,69.1,67.8,71.5,67.7,71,70.9,70.9,69.8,69.2,71,71,69.2
06/03/2026 22:55:00,61.7,69.6,63.3,69.4,69.4,69.1,69.1,69.4,69.4,69,65.2,68.9,65.7,70.8,65.2,66.5,68.8,67.4,69.1,69.1,65.2,65.2,65,67.4,67.4,64.2,66.8,64.2,64.4,67.6,64.4,67,73.6,68.3,69,68.9,69.6,70,69.4,69,69.3,69.4,69.5,60.5,68.9,62.1,69.4,69.4,65.7,65.2,69.4,69.4,65.2,65.2,65.2,68.9,69.6,68.9,66.6,68.2,68.4,67.1,67.5,65.2,65.2,69.6,65.5,69.8,65.3,65,69.7,64.9,68.9,69.3,69.1,71.6,69.1,71.3,71.2,71.2,70,69.4,71.3,71.3,69.4
06/03/2026 23:00:00,61.6,68.6,63.1,69,69,68.8,68.8,69,69,68.8,65.1,68.7,65.9,70.5,65.1,66.9,69,68,68.8,68.8,65.1,65.1,64.1,66.2,66.1,64.1,66.8,64.4,64.4,66.4,64.4,67.4,71.9,68.7,68.8,68.7,69.4,69.6,69,68.8,68.9,69,69.1,60.4,67.3,61.9,69,69,65.9,65.1,69,69,65.1,65.1,65.1,68.7,69.4,68.7,64.9,66.4,67,66.6,66.8,65.1,65.1,69.4,64.5,67.7,63.9,64.3,68,64.2,68.7,68.9,67.8,70.1,67.7,70.4,70.3,70.3,69.6,69,70.4,70.4,69
06/03/2026 23:05:00,62.2,68.9,63.8,69,69,68.6,68.6,69,69,68.8,65.2,68.7,65.7,70.3,65.2,67.1,68.1,68.2,68.6,68.6,65.2,65.2,64.5,69.2,71.7,66.1,67,64.5,64.4,66.8,64.4,67,72.1,68.3,68.8,68.7,69.4,69.6,69,68.8,68.9,69,69.1,60.9,67.9,62.4,69,69,65.7,65.2,69,69,65.2,65.2,65.2,68.7,69.4,68.7,65.3,65.8,65.1,66.1,65.5,65.2,65.2,69.4,64.9,68.9,64.4,64.6,67.5,64.6,68.7,68.9,67.6,70.4,67.6,70,69.9,69.9,69.6,69,70,70,69
06/03/2026 23:10:00,61.4,67.9,62.9,69,69,68.6,68.6,69,69,68.8,65.1,68.7,65.8,70.3,65.1,68,69.1,69.3,68.6,68.6,65.2,65.2,63,67.2,68.4,64.4,66.9,64.4,64.4,67,64.4,65.7,72.7,66.9,68.8,68.7,69.4,69.6,69,68.8,68.9,69,69.1,59.9,66.8,61.4,69,69,65.8,65.2,69,69,65.1,65.1,65.2,68.7,69.4,68.7,66.1,67.3,65.2,66,65.3,65.2,65.2,69.4,61.7,66.5,62.6,59.9,65.2,60,68.7,68.9,67.1,70.4,66.9,69.8,69.7,69.7,69.6,69,69.8,69.8,69
06/03/2026 23:15:00,61.9,69.5,63.5,69,69,68.7,68.7,69,69,68.8,65.2,68.7,65.8,70.3,65.2,72.9,74.5,74.4,68.7,68.7,65,65,64,68.2,69.8,65.1,67.1,64.4,64.5,66.6,64.4,66.6,71.9,67.9,68.8,68.7,69.4,69.6,69,68.8,68.9,69,69.1,60.6,67.6,62,69,69,65.8,65,69,69,65.2,65.2,65,68.7,69.4,68.7,65,65.7,64.7,65.1,65.1,65,65,69.4,61.5,66.1,60.3,63.5,67.2,63.6,68.7,68.9,69.1,72.7,69,69.6,69.5,69.5,69.6,69,69.6,69.6,69
06/03/2026 23:20:00,61.4,68,63,69.2,69.2,68.5,68.5,69.2,69.2,68.8,65.2,68.7,65.6,70.2,65.2,69,70.1,70.3,68.5,68.5,65.1,65.1,62.3,68,70.9,64.4,67.1,64.4,64.5,67.2,64.5,66.7,72,68,68.8,68.7,69.4,69.8,69.2,68.8,69.1,69.2,69.3,60.5,67.6,62.1,69.2,69.2,65.6,65.1,69.2,69.2,65.2,65.2,65.1,68.7,69.4,68.7,65.5,66.7,63.8,64.4,64.2,65.1,65.1,69.4,60.1,66.3,62.3,62.7,67.8,62.7,68.7,69.1,67.7,70,67.7,69.8,69.7,69.7,69.8,69.2,69.8,69.8,69.2
06/03/2026 23:25:00,61.1,67.9,62.7,69,69,68.3,68.3,69,69,68.7,65.2,68.6,65.9,70.2,65.2,67.3,68.1,68.5,68.3,68.3,65.2,65.2,62.4,67.6,70.1,64.4,67.1,64.5,64.5,66.7,64.4,66.3,72.6,67.5,68.7,68.6,69.3,69.7,69,68.7,69,69,69.2,61.5,68.1,63,69,69,65.9,65.2,69,69,65.2,65.2,65.2,68.6,69.3,68.6,66.4,68.3,63.2,65.1,64.9,65.2,65.2,69.3,62.1,67.1,63,63.2,66.8,63.2,68.6,69,66.3,69,66.2,69.8,69.7,69.7,69.7,69,69.8,69.8,69
06/03/2026 23:30:00,61.4,68.8,63,69,69,68.1,68.1,69,69,68.6,65.1,68.5,65.9,70,65.1,65.3,65.9,66.3,68.1,68.1,65,65,63.3,65.4,66,64.5,67.1,64.4,64.4,66.6,64.4,67.1,73,68.3,68.6,68.5,69.2,69.6,69,68.6,68.9,69,69.1,62,68.3,63.5,69,69,65.9,65,69,69,65.1,65.1,65,68.5,69.2,68.5,66.7,65.9,62.4,63.2,65,65,65,69.2,61.6,66.9,63.7,63.8,67.9,63.7,68.5,68.9,66.5,70.2,66.5,70.1,70,70,69.6,69,70.1,70.1,69
06/03/2026 23:35:00,61.6,69.3,63.2,69,69,68.3,68.3,69,69,68.5,65.1,68.4,65.7,70.1,65.1,65.6,65.4,66.7,68.3,68.3,65.2,65.2,64,64,64,64.2,67.1,64.3,64.4,66.5,64.4,64.6,69.5,65.7,68.5,68.4,69.1,69.6,69,68.5,68.9,69,69.1,58.8,65.4,60.3,69,69,65.7,65.2,69,69,65.1,65.1,65.2,68.4,69.1,68.4,66.4,64.3,62.9,62.4,65.4,65.2,65.2,69.1,62.4,67.3,63.7,62.1,67.7,62.1,68.4,68.9,65.7,69.1,65.6,70.1,70,70,69.6,69,70.1,70.1,69
06/03/2026 23:40:00,61,67.7,62.6,69,69,68.1,68.1,69,69,68.5,65.1,68.4,65.7,70.2,65.1,66.4,66,67.5,68.1,68.1,65.2,65.2,64,63.6,61.1,61.9,67.2,64.3,64.4,66.5,64.4,64.5,68.7,65.6,68.5,68.4,69.1,69.6,69,68.5,68.9,69,69.1,59.2,65.8,60.6,69,69,65.7,65.2,69,69,65.1,65.1,65.2,68.4,69.1,68.4,65.1,65.8,65.3,66,66.8,65.2,65.2,69.1,62.3,66.9,62.9,62.2,68.1,62.2,68.4,68.9,71.4,73.6,71.3,70,69.9,69.9,69.6,69,70,70,69
06/03/2026 23:45:00,61,68.1,62.6,69.1,69.1,67.9,67.9,69.1,69.1,68.4,65.1,68.4,65.7,70.2,65.1,66.2,66.3,67.2,67.9,67.9,65.2,65.2,64.3,65.2,64.2,63.9,67.1,64.3,64.4,66.7,64.5,66.4,71.8,67.6,68.4,68.4,69.1,69.7,69.1,68.4,69,69.1,69.2,59.5,66.4,61,69.1,69.1,65.7,65.2,69.1,69.1,65.1,65.1,65.2,68.4,69.1,68.4,65,65.1,66,66.3,66.2,65.2,65.2,69.1,64.9,69,64.1,62.9,70.6,62.8,68.4,69,71,73.7,70.9,70.2,70.1,70.1,69.7,69.1,70.2,70.2,69.1
06/03/2026 23:50:00,61.4,69,63.1,69.1,69.1,67.9,67.9,69.1,69.1,68.4,65.3,68.4,65.7,70.1,65.3,62.8,62,63.6,67.9,67.9,64.9,64.9,64,63.2,60.6,60.9,67.3,64.4,64.4,66.6,64.4,65.6,69.5,66.8,68.4,68.4,69,69.7,69.1,68.4,69,69.1,69.2,61.2,67.7,62.7,69.1,69.1,65.7,64.9,69.1,69.1,65.3,65.3,64.9,68.4,69,68.4,65.3,66.4,68.3,69.3,66.5,64.9,64.9,69,61,66.9,61.6,63.7,67.1,63.7,68.4,69,65.6,68.4,65.5,70.1,70,70,69.7,69.1,70.1,70.1,69.1
06/03/2026 23:55:00,61.8,68.3,63.3,68.6,68.6,68,68,68.6,68.6,68.2,65.1,68.2,65.9,70,65.1,63.8,63.7,64.6,68,68,65.2,65.2,62.4,62,60.2,61.1,67.2,64.5,64.4,65.3,64.4,62.4,67.6,63.3,68.2,68.2,68.9,69.2,68.6,68.2,68.5,68.6,68.7,60.5,66.4,61.9,68.6,68.6,65.9,65.2,68.6,68.6,65.1,65.1,65.2,68.2,68.9,68.2,65.2,66.9,60.4,63.9,63.7,65.2,65.2,68.9,60.1,66.3,62.3,60.6,65.6,60.8,68.2,68.5,65.3,67.3,65.3,70.1,70,70,69.2,68.6,70.1,70.1,68.6
