timestamp,777204,777212,777223,777233,777243,772689,772980,777253,777262,774411,774444,717962,717966,774373,717968,761734,718488,717770,718102,718492,717977,717660,768984,718151,717983,774359,717992,717995,776266,718147,776290,718320,776493,776203,763468,718014,768978,776221,776228,718016,776242,776196,776188,777203,777213,777224,777232,777245,772701,772711,777254,777263,774389,774445,717960,717963,774372,716847,717970,761851,717975,717972,761761,718493,717978,716857,717980,761776,774358,717986,717989,776295,718002,776289,718008,718012,776208,716891,718321,716875,776215,776253,718017,718018,776197
06/04/2026 00:00:00,106,52,79,181,181,181,181,181,181,145,18,145,18,225,18,238,197,195,181,181,18,18,220,128,125,148,126,139,137,123,134,196,137,161,145,145,145,299,181,145,240,181,120,126,96,95,181,181,18,18,181,181,18,18,18,145,145,145,187,152,149,138,160,18,18,145,133,110,159,158,114,161,145,240,177,148,179,232,232,232,299,181,232,232,181
06/04/2026 00:05:00,93,45,70,175,175,182,182,175,175,144,18,145,18,219,18,250,212,208,182,182,18,18,226,115,111,137,116,133,155,142,153,199,144,162,144,145,144,292,175,144,234,175,117,146,105,110,175,175,18,18,175,175,18,18,18,145,144,145,178,135,147,130,157,18,18,144,159,107,160,151,107,154,145,234,179,152,179,229,228,228,292,175,229,229,175
06/04/2026 00:10:00,96,41,71,174,174,178,178,174,174,143,17,142,17,217,17,261,240,215,178,178,18,18,243,122,104,130,126,140,142,130,141,172,125,141,143,142,142,289,174,143,231,174,116,138,101,104,174,174,17,18,174,174,17,17,18,142,142,142,184,149,155,139,162,18,18,142,172,135,167,181,126,184,142,231,159,113,160,220,220,220,289,174,220,220,174
06/04/2026 00:15:00,101,53,75,169,169,174,174,169,169,139,16,139,16,211,16,265,230,217,174,174,16,16,238,136,134,163,133,146,141,128,138,209,158,171,139,139,140,281,169,139,224,169,112,140,101,105,169,169,16,16,169,169,16,16,16,139,140,139,171,129,156,133,152,16,16,140,127,113,154,158,110,161,139,224,177,144,178,214,214,214,281,169,214,214,169
06/04/2026 00:20:00,89,47,66,159,159,165,165,159,159,132,15,132,15,199,15,225,180,185,165,165,15,15,210,109,110,137,117,133,130,113,129,163,117,131,132,132,132,267,159,132,214,159,106,149,103,113,159,159,15,15,159,159,15,15,15,132,132,132,182,148,159,139,162,15,15,132,152,126,171,161,127,164,132,214,173,135,174,204,205,205,267,159,204,204,159
06/04/2026 00:25:00,106,46,79,155,155,157,157,155,155,125,14,126,14,192,14,233,187,193,157,157,14,14,183,89,97,128,108,125,120,100,117,175,115,143,125,126,126,258,155,125,206,155,103,138,96,104,155,155,14,14,155,155,14,14,14,126,126,126,192,139,167,129,164,14,14,126,142,122,173,151,100,154,126,206,149,106,148,191,191,191,258,155,191,191,155
06/04/2026 00:30:00,97,44,74,151,151,156,156,151,151,121,13,121,14,182,13,208,164,173,156,156,13,13,206,89,76,122,111,125,108,88,106,170,96,140,121,121,121,253,151,121,201,151,101,121,85,90,151,151,14,13,151,151,13,13,13,121,121,121,160,114,130,107,145,13,13,121,100,82,131,140,80,138,121,201,143,106,144,183,183,183,253,151,183,183,151
06/04/2026 00:35:00,92,41,68,146,146,146,146,146,146,116,13,116,14,176,13,235,200,195,146,146,13,13,224,111,99,130,108,125,121,104,119,144,97,116,116,116,117,243,146,116,193,146,97,121,84,90,146,146,14,13,146,146,13,13,13,116,117,116,153,99,128,94,145,13,13,117,129,86,138,138,86,140,116,193,162,127,162,178,178,178,243,146,178,178,146
06/04/2026 00:40:00,116,55,87,141,141,145,145,141,141,116,12,115,13,172,12,227,184,189,145,145,13,13,226,126,124,156,110,129,132,113,130,182,124,150,116,115,117,236,141,116,187,141,95,121,82,90,141,141,13,13,141,141,12,12,13,115,117,115,189,150,151,138,166,13,13,117,122,107,144,154,112,157,115,187,162,128,162,174,175,175,236,141,174,174,141
06/04/2026 00:45:00,99,46,74,137,137,142,142,137,137,111,11,111,10,163,11,206,151,166,142,142,10,10,193,87,84,122,112,128,132,113,129,168,124,137,111,111,112,229,137,111,183,137,91,103,71,77,137,137,10,10,137,137,11,11,10,111,112,111,172,122,122,124,154,10,10,112,132,101,156,132,87,136,111,183,157,109,158,165,164,164,229,137,165,165,137
06/04/2026 00:50:00,90,40,68,129,129,132,132,129,129,106,10,105,9,158,10,242,192,198,132,132,10,10,210,110,101,133,116,130,108,86,106,174,111,142,106,105,106,216,129,106,172,129,87,119,77,87,129,129,9,10,129,129,10,10,10,105,106,105,163,112,140,97,132,10,10,106,111,94,142,122,88,126,105,172,150,107,151,150,150,150,216,129,150,150,129
06/04/2026 00:55:00,93,43,68,124,124,128,128,124,124,100,10,100,9,149,10,224,171,190,128,128,10,10,197,106,106,141,114,129,132,114,130,169,100,135,100,100,100,207,124,100,165,124,83,126,81,95,124,124,9,10,124,124,10,10,10,100,100,100,176,129,155,135,159,10,10,100,110,96,139,129,100,132,100,165,143,102,143,143,142,142,207,124,143,143,124
06/04/2026 01:00:00,102,51,77,118,118,123,123,118,118,95,9,96,9,140,9,212,161,178,123,123,9,9,188,95,95,126,120,136,159,141,157,169,101,135,95,96,95,197,118,95,158,118,78,111,69,81,118,118,9,9,118,118,9,9,9,96,95,96,177,123,146,111,144,9,9,95,125,101,154,125,90,128,96,158,131,83,132,135,134,134,197,118,135,135,118
06/04/2026 01:05:00,97,40,72,116,116,119,119,116,116,95,9,95,9,142,9,208,154,171,119,119,9,9,183,102,109,145,122,138,127,108,125,176,117,143,95,95,95,194,116,95,154,116,78,121,76,90,116,116,9,9,116,116,9,9,9,95,95,95,160,105,133,104,147,9,9,95,93,65,113,116,74,118,95,154,133,84,137,132,133,133,194,116,132,132,116
06/04/2026 01:10:00,90,36,66,114,114,119,119,114,114,93,9,92,9,136,9,225,178,190,119,119,9,9,214,104,94,137,127,140,130,113,129,164,106,135,93,92,93,191,114,93,152,114,76,103,65,77,114,114,9,9,114,114,9,9,9,92,93,92,147,92,119,86,132,9,9,93,106,95,136,113,78,118,92,152,144,96,145,132,133,133,191,114,132,132,114
06/04/2026 01:15:00,97,34,72,112,112,115,115,112,112,91,7,91,9,133,7,218,165,182,115,115,8,8,214,119,115,150,128,142,154,139,151,171,117,140,91,91,91,187,112,91,149,112,74,107,66,79,112,112,9,8,112,112,7,7,8,91,91,91,152,104,122,103,131,8,8,91,110,83,140,134,78,137,91,149,133,89,131,128,128,128,187,112,128,128,112
06/04/2026 01:20:00,81,24,60,110,110,115,115,110,110,87,7,86,7,129,7,218,161,180,115,115,7,7,199,96,92,119,100,119,138,122,137,205,138,168,87,86,87,183,110,87,147,110,74,111,67,81,110,110,7,7,110,110,7,7,7,86,87,86,156,106,116,93,141,7,7,87,108,73,136,122,74,126,86,147,144,87,144,120,119,119,183,110,120,120,110
06/04/2026 01:25:00,80,27,60,106,106,109,109,106,106,86,7,86,7,123,7,205,156,172,109,109,7,7,188,103,103,132,110,125,132,114,130,164,104,133,86,86,85,175,106,86,141,106,70,107,64,79,106,106,7,7,106,106,7,7,7,86,85,86,160,104,123,94,134,7,7,85,123,91,148,107,73,110,86,141,132,89,134,116,116,116,175,106,116,116,106
06/04/2026 01:30:00,69,20,50,103,103,106,106,103,103,83,7,82,7,121,7,187,125,159,106,106,7,7,165,86,101,131,109,125,130,107,129,172,110,141,83,82,83,173,103,83,138,103,69,126,75,95,103,103,7,7,103,103,7,7,7,82,83,82,169,116,153,113,158,7,7,83,94,87,125,134,85,139,82,138,127,83,128,113,113,113,173,103,113,113,103
06/04/2026 01:35:00,83,25,60,103,103,106,106,103,103,83,7,82,5,121,7,184,120,152,106,106,6,6,187,85,80,116,88,107,111,92,109,160,96,129,83,82,83,173,103,83,138,103,69,119,70,87,103,103,5,6,103,103,7,7,6,82,83,82,178,120,121,101,141,6,6,83,86,74,117,112,67,117,82,138,132,80,132,112,112,112,173,103,112,112,103
06/04/2026 01:40:00,93,31,68,102,102,105,105,102,102,83,7,84,5,118,7,202,145,171,105,105,6,6,170,90,93,125,101,119,113,93,111,155,92,128,83,84,85,169,102,83,135,102,68,130,77,97,102,102,5,6,102,102,7,7,6,84,85,84,168,109,123,90,139,6,6,85,98,75,131,105,70,109,84,135,126,78,126,112,112,112,169,102,112,112,102
06/04/2026 01:45:00,81,30,60,101,101,105,105,101,101,81,7,82,5,113,7,179,116,151,105,105,6,6,214,90,74,111,99,117,107,85,106,152,84,123,81,82,81,167,101,81,134,101,67,116,68,85,101,101,5,6,101,101,7,7,6,82,81,82,161,111,113,100,145,6,6,81,92,87,122,109,70,113,82,134,117,64,120,105,105,105,167,101,105,105,101
06/04/2026 01:50:00,76,25,57,101,101,105,105,101,101,79,7,79,5,112,7,194,135,160,105,105,6,6,148,72,77,105,80,98,102,79,99,154,103,128,79,79,79,167,101,79,134,101,67,119,70,87,101,101,5,6,101,101,7,7,6,79,79,79,163,110,137,99,133,6,6,79,97,61,109,102,59,106,79,134,133,88,133,105,105,105,167,101,105,105,101
06/04/2026 01:55:00,86,34,63,93,93,96,96,93,93,76,5,77,5,106,5,170,104,144,96,96,5,5,163,76,78,114,86,103,103,82,100,152,87,123,76,77,77,155,93,76,124,93,62,113,65,83,93,93,5,5,93,93,5,5,5,77,77,77,162,102,121,85,132,5,5,77,71,55,108,102,60,106,77,124,121,76,120,95,96,96,155,93,95,95,93
06/04/2026 02:00:00,72,16,53,92,92,95,95,92,92,74,5,73,5,106,5,177,118,146,95,95,5,5,148,60,69,102,81,99,97,72,94,141,72,115,74,73,74,153,92,74,123,92,61,103,59,77,92,92,5,5,92,92,5,5,5,73,74,73,136,74,94,65,120,5,5,74,109,75,138,125,71,128,73,123,134,89,134,95,95,95,153,92,95,95,92
06/04/2026 02:05:00,81,24,60,92,92,95,95,92,92,74,5,73,5,105,5,200,138,164,95,95,5,5,183,62,54,95,83,102,112,93,109,147,80,121,74,73,74,153,92,74,123,92,61,103,59,77,92,92,5,5,92,92,5,5,5,73,74,73,152,83,113,85,129,5,5,74,103,75,132,102,51,106,73,123,127,79,127,100,100,100,153,92,100,100,92
06/04/2026 02:10:00,70,17,50,97,97,100,100,97,97,76,5,77,5,106,5,177,122,147,100,100,5,5,183,80,82,116,91,108,90,67,87,140,77,114,76,77,77,161,97,76,129,97,65,111,64,81,97,97,5,5,97,97,5,5,5,77,77,77,143,94,122,95,141,5,5,77,89,68,118,125,70,128,77,129,129,76,129,106,105,105,161,97,106,106,97
06/04/2026 02:15:00,87,33,64,98,98,101,101,98,98,76,5,76,5,107,5,198,148,163,101,101,5,5,163,80,86,116,87,100,101,80,98,151,79,124,76,76,76,163,98,76,131,98,65,124,72,92,98,98,5,5,98,98,5,5,5,76,76,76,156,98,125,93,130,5,5,76,93,74,126,125,75,128,76,131,111,62,114,102,101,101,163,98,102,102,98
06/04/2026 02:20:00,90,37,67,95,95,100,100,95,95,76,5,76,5,106,5,206,144,169,100,100,5,5,183,82,77,111,86,103,100,75,98,144,69,119,76,76,76,159,95,76,128,95,64,135,78,101,95,95,5,5,95,95,5,5,5,76,76,76,144,80,116,69,129,5,5,76,85,64,117,95,53,99,76,128,121,60,122,99,100,100,159,95,99,99,95
06/04/2026 02:25:00,86,30,63,90,90,98,98,90,90,76,5,76,5,105,5,187,125,159,98,98,5,5,170,75,81,117,92,111,95,70,94,162,92,129,76,76,76,150,90,76,119,90,60,133,75,99,90,90,5,5,90,90,5,5,5,76,76,76,146,91,117,84,125,5,5,76,114,83,143,108,59,111,76,119,136,96,139,93,92,92,150,90,93,93,90
06/04/2026 02:30:00,83,25,62,88,88,98,98,88,88,75,5,75,5,105,5,191,119,163,98,98,5,5,188,82,82,111,88,103,102,79,99,140,80,116,75,75,76,146,88,75,118,88,59,113,63,83,88,88,5,5,88,88,5,5,5,75,76,75,148,93,124,91,141,5,5,76,77,55,111,95,56,99,75,118,110,68,114,91,91,91,146,88,91,91,88
06/04/2026 02:35:00,81,22,60,92,92,101,101,92,92,76,5,76,5,101,5,195,125,161,101,101,5,5,152,60,64,97,72,94,94,70,92,151,87,123,76,76,76,153,92,76,123,92,61,119,67,87,92,92,5,5,92,92,5,5,5,76,76,76,153,97,135,86,145,5,5,76,106,81,137,122,71,126,76,123,131,89,131,95,95,95,153,92,95,95,92
06/04/2026 02:40:00,79,17,57,95,95,106,106,95,95,79,5,78,5,105,5,201,148,168,106,106,5,5,197,89,84,115,92,107,113,91,111,156,86,129,79,78,78,159,95,79,128,95,64,126,73,95,95,95,5,5,95,95,5,5,5,78,78,78,164,111,128,101,134,5,5,78,119,98,147,119,75,122,78,128,133,80,133,99,100,100,159,95,99,99,95
06/04/2026 02:45:00,91,31,68,93,93,105,105,93,93,79,5,78,5,101,5,188,127,158,105,105,5,5,171,83,86,131,119,133,117,97,115,166,96,137,79,78,78,155,93,79,124,93,62,113,65,83,93,93,5,5,93,93,5,5,5,78,78,78,175,119,144,116,160,5,5,78,114,76,130,119,70,122,78,124,142,84,142,95,96,96,155,93,95,95,93
06/04/2026 02:50:00,87,29,65,86,86,98,98,86,86,75,5,75,5,99,5,191,126,157,98,98,5,5,188,82,82,103,80,98,108,86,106,136,68,113,75,75,76,141,86,75,113,86,57,103,58,77,86,86,5,5,86,86,5,5,5,75,76,75,163,103,121,94,139,5,5,76,91,70,124,115,75,120,75,113,134,90,137,87,86,86,141,86,87,87,86
06/04/2026 02:55:00,93,40,68,82,82,91,91,82,82,72,5,72,5,95,5,170,111,142,91,91,5,5,159,68,71,107,88,106,137,125,134,140,83,116,72,72,71,136,82,72,109,82,55,119,65,87,82,82,5,5,82,82,5,5,5,72,71,72,167,115,132,106,143,5,5,71,96,80,131,133,68,131,72,109,116,66,118,83,84,84,136,82,83,83,82
06/04/2026 03:00:00,102,41,75,79,79,92,92,79,79,72,5,72,5,95,5,182,121,154,92,92,5,5,163,72,76,107,80,98,104,79,102,167,97,139,72,72,71,131,79,72,105,79,53,116,62,85,79,79,5,5,79,79,5,5,5,72,71,72,173,118,141,108,146,5,5,71,91,71,121,100,57,104,72,105,124,75,125,81,82,82,131,79,81,81,79
06/04/2026 03:05:00,102,40,76,82,82,95,95,82,82,72,7,73,5,95,7,179,118,151,95,95,6,6,188,89,91,131,99,117,106,84,103,152,80,126,72,73,73,136,82,72,109,82,55,124,68,92,82,82,5,6,82,82,7,7,6,73,73,73,154,106,115,81,141,6,6,73,87,66,114,122,81,126,73,109,154,109,152,81,82,82,136,82,81,81,82
06/04/2026 03:10:00,78,25,57,84,84,95,95,84,84,76,7,76,5,97,7,181,121,149,95,95,6,6,176,82,78,103,72,94,106,84,103,150,93,124,76,76,76,141,84,76,112,84,57,113,62,83,84,84,5,6,84,84,7,7,6,76,76,76,159,118,151,122,153,6,6,76,114,100,151,125,86,128,76,112,121,76,122,86,86,86,141,84,86,86,84
06/04/2026 03:15:00,72,16,53,87,87,98,98,87,87,79,7,79,7,99,7,191,130,160,98,98,7,7,203,89,75,108,87,106,132,120,129,165,104,134,79,79,79,145,87,79,115,87,58,107,59,79,87,87,7,7,87,87,7,7,7,79,79,79,157,119,164,118,153,7,7,79,129,94,156,134,78,138,79,115,140,97,138,90,90,90,145,87,90,90,87
06/04/2026 03:20:00,79,25,58,93,93,101,101,93,93,82,7,82,7,101,7,191,139,160,101,101,7,7,234,109,98,133,87,108,118,99,115,168,114,136,82,82,81,157,93,82,125,93,63,119,68,87,93,93,7,7,93,93,7,7,7,82,81,82,165,113,135,103,142,7,7,81,127,107,159,116,74,118,82,125,142,102,144,90,90,90,157,93,90,90,93
06/04/2026 03:25:00,69,19,50,99,99,105,105,99,99,86,7,86,9,105,7,191,134,164,105,105,8,8,183,88,86,121,95,112,129,112,128,157,110,128,86,86,86,166,99,86,133,99,66,133,77,99,99,99,9,8,99,99,7,7,8,86,86,86,196,156,144,131,160,8,8,86,127,123,166,138,102,140,86,133,134,98,133,93,92,92,166,99,93,93,99
06/04/2026 03:30:00,74,23,54,105,105,109,109,105,105,90,9,90,9,109,9,212,166,177,109,109,9,9,240,115,100,129,93,113,163,151,160,185,125,151,90,90,90,174,105,90,139,105,70,124,74,92,105,105,9,9,105,105,9,9,9,90,90,90,212,163,186,142,166,9,9,90,137,109,162,147,93,151,90,139,152,116,151,100,100,100,174,105,100,100,105
06/04/2026 03:35:00,83,30,60,112,112,115,115,112,112,95,10,96,9,115,10,205,155,171,115,115,10,10,251,142,135,164,136,153,167,160,165,178,136,145,95,96,95,187,112,95,149,112,74,116,71,85,112,112,9,10,112,112,10,10,10,96,95,96,218,175,197,171,182,10,10,95,133,123,166,141,110,144,96,149,159,103,158,102,101,101,187,112,102,102,112
06/04/2026 03:40:00,72,15,53,116,116,119,119,116,116,105,10,105,9,120,10,208,164,173,119,119,10,10,224,110,94,124,107,122,152,140,150,197,165,162,105,105,104,194,116,105,154,116,78,116,72,85,116,116,9,10,116,116,10,10,10,105,104,105,210,192,170,167,190,10,10,104,133,134,166,161,122,164,105,154,171,143,171,109,109,109,194,116,109,109,116
06/04/2026 03:45:00,76,25,57,119,119,119,119,119,119,109,12,109,13,123,12,228,191,187,119,119,13,13,243,132,118,142,131,147,163,153,160,189,137,156,109,109,108,198,119,109,159,119,80,144,90,108,119,119,13,13,119,119,12,12,13,109,108,109,206,190,191,162,170,13,13,108,148,146,180,147,113,151,109,159,179,150,175,114,115,115,198,119,114,114,119
06/04/2026 03:50:00,63,10,46,116,116,119,119,116,116,106,12,106,13,120,12,196,149,161,119,119,13,13,238,145,135,152,114,130,189,189,186,188,149,154,106,106,108,194,116,106,154,116,78,119,74,87,116,116,13,13,116,116,12,12,13,106,108,106,237,200,220,177,178,13,13,108,114,129,156,141,115,144,106,154,166,154,166,113,113,113,194,116,113,113,116
06/04/2026 03:55:00,74,21,54,112,112,115,115,112,112,105,12,105,13,115,12,201,143,168,115,115,13,13,199,97,92,119,107,125,155,143,153,174,131,142,105,105,104,187,112,105,149,112,74,113,70,83,112,112,13,13,112,112,12,12,13,105,104,105,207,182,173,169,168,13,13,104,142,126,174,144,107,147,105,149,165,124,164,109,109,109,187,112,109,109,112
06/04/2026 04:00:00,71,17,51,114,114,119,119,114,114,105,14,105,14,116,14,196,151,163,119,119,14,14,238,116,100,129,105,121,124,103,121,203,149,164,105,105,104,191,114,105,152,114,76,126,78,95,114,114,14,14,114,114,14,14,14,105,104,105,206,171,184,156,173,14,14,104,137,120,168,154,120,157,105,152,169,139,167,109,109,109,191,114,109,109,114
06/04/2026 04:05:00,79,29,58,121,121,125,125,121,121,113,15,113,15,123,15,212,182,176,125,125,15,15,226,126,122,153,116,133,179,169,177,197,159,160,113,113,112,203,121,113,161,121,80,102,65,74,121,121,15,15,121,121,15,15,15,113,112,113,191,167,172,148,168,15,15,112,127,130,167,154,119,157,113,161,156,120,152,116,115,115,203,121,116,116,121
06/04/2026 04:10:00,92,39,68,135,135,140,140,135,135,128,18,128,18,140,18,223,191,185,140,140,18,18,234,131,126,148,105,125,167,157,164,213,175,174,128,128,127,226,135,128,181,135,91,130,86,97,135,135,18,18,135,135,18,18,18,128,127,128,226,217,224,198,193,18,18,127,157,146,186,167,126,170,128,181,159,125,160,130,130,130,226,135,130,130,135
06/04/2026 04:15:00,93,36,68,148,148,153,153,148,148,139,22,140,22,147,22,235,203,196,153,153,23,23,295,162,133,150,126,142,189,189,186,210,183,172,139,140,141,247,148,139,197,148,99,121,84,90,148,148,22,23,148,148,22,22,23,140,141,140,246,237,248,219,205,23,23,141,144,161,194,167,142,170,140,197,200,184,198,147,147,147,247,148,147,147,148
06/04/2026 04:20:00,87,32,65,159,159,164,164,159,159,155,26,155,26,165,26,262,234,218,164,164,26,26,299,171,145,157,149,163,215,217,214,246,216,202,155,155,155,267,159,155,214,159,106,146,101,110,159,159,26,26,159,159,26,26,26,155,155,155,289,286,254,225,209,26,26,155,159,170,189,144,141,147,155,214,154,141,157,165,165,165,267,159,165,165,159
06/04/2026 04:25:00,83,27,62,174,174,178,178,174,174,168,30,168,30,181,30,296,274,242,178,178,30,30,282,184,180,199,161,176,258,269,258,240,231,197,168,168,168,290,174,168,232,174,116,149,107,113,174,174,30,30,174,174,30,30,30,168,168,168,262,262,255,235,206,30,30,168,197,178,219,158,141,161,168,232,189,169,188,178,178,178,290,174,178,178,174
06/04/2026 04:30:00,88,28,65,192,192,197,197,192,192,184,34,183,34,198,34,259,239,213,197,197,33,33,339,202,169,175,149,163,213,220,211,259,250,212,184,183,183,320,192,184,255,192,127,126,99,95,192,192,34,33,192,192,34,34,33,183,183,183,268,280,299,267,227,33,33,183,205,208,228,189,182,192,183,255,224,204,224,198,197,197,320,192,198,198,192
06/04/2026 04:35:00,87,37,65,211,211,219,219,211,211,204,38,205,38,210,38,323,298,265,219,219,38,38,316,211,189,195,168,181,254,265,253,269,253,222,204,205,203,353,211,204,283,211,141,135,109,101,211,211,38,38,211,211,38,38,38,205,203,205,357,381,336,319,248,38,38,203,259,256,251,207,202,208,205,283,216,227,218,211,210,210,353,211,211,211,211
06/04/2026 04:40:00,87,27,65,234,234,243,243,234,234,224,43,224,42,228,43,296,293,247,243,243,43,43,360,248,224,216,179,190,292,317,290,305,286,249,224,224,224,391,234,224,314,234,157,158,128,119,234,234,42,43,234,234,43,43,43,224,224,224,339,383,323,327,253,43,43,224,257,256,273,238,236,240,224,314,236,239,237,231,231,231,391,234,231,231,234
06/04/2026 04:45:00,96,39,71,237,237,244,244,237,237,231,46,231,46,238,46,300,320,246,244,244,47,47,383,281,250,242,204,216,315,345,313,297,292,245,231,231,231,394,237,231,315,237,157,158,129,119,237,237,46,47,237,237,46,46,47,231,231,231,410,458,426,399,296,47,47,231,269,298,282,212,225,215,231,315,250,272,250,238,238,238,394,237,238,238,237
06/04/2026 04:50:00,86,32,62,241,241,246,246,241,241,230,49,230,49,239,49,310,317,255,246,246,49,49,397,295,267,254,195,207,319,352,317,356,343,292,230,230,229,400,241,230,320,241,160,156,128,116,241,241,49,49,241,241,49,49,49,230,229,230,361,419,424,420,287,49,49,229,261,283,276,272,253,273,230,320,280,283,280,248,247,247,400,241,248,248,241
06/04/2026 04:55:00,97,42,72,234,234,240,240,234,234,228,51,228,50,233,51,274,275,224,240,240,51,51,381,257,220,210,198,206,322,351,319,291,303,241,228,228,228,389,234,228,310,234,156,135,115,101,234,234,50,51,234,234,51,51,51,228,228,228,367,388,353,347,265,51,51,228,257,266,273,236,230,236,228,310,239,243,238,241,241,241,389,234,241,241,234
06/04/2026 05:00:00,83,32,62,244,244,252,252,244,244,230,56,230,55,237,56,305,315,255,252,252,56,56,342,240,220,208,193,198,318,348,315,297,278,244,230,230,229,407,244,230,325,244,163,126,113,95,244,244,55,56,244,244,56,56,56,230,229,230,334,373,361,358,263,56,56,229,212,217,234,193,197,196,230,325,225,228,226,237,238,238,407,244,237,237,244
06/04/2026 05:05:00,97,38,72,268,268,277,277,268,268,252,62,252,62,255,62,299,300,247,277,277,63,63,387,261,223,206,166,178,288,314,288,333,316,274,252,252,253,447,268,252,357,268,179,140,127,105,268,268,62,63,268,268,62,62,63,252,253,252,317,350,333,335,260,63,63,253,223,244,244,216,221,218,252,357,259,251,259,257,257,257,447,268,257,257,268
06/04/2026 05:10:00,98,44,72,293,293,302,302,293,293,284,70,283,70,280,70,353,367,289,302,302,70,70,414,297,255,233,219,228,361,401,360,333,330,276,284,283,283,487,293,284,389,293,195,158,144,119,293,293,70,70,293,293,70,70,70,283,283,283,378,438,389,404,287,70,70,283,278,282,274,236,284,236,283,389,270,273,271,297,296,296,487,293,297,297,293
06/04/2026 05:15:00,116,62,88,329,329,340,340,329,329,317,81,317,81,319,81,349,379,286,340,340,82,82,450,329,290,279,248,253,407,454,405,391,405,322,317,317,318,548,329,317,439,329,220,158,153,119,329,329,81,82,329,329,81,81,82,317,318,317,419,482,454,439,299,82,82,318,338,355,353,251,303,253,317,439,263,291,263,330,329,329,548,329,330,330,329
06/04/2026 05:20:00,110,55,81,357,357,369,369,357,357,348,92,348,92,348,92,343,391,281,369,369,92,92,479,352,310,283,247,251,395,444,394,384,403,317,348,348,348,592,357,348,474,357,237,163,164,123,357,357,92,92,357,357,92,92,92,348,348,348,442,556,510,506,330,92,92,348,301,352,311,284,338,285,348,474,258,338,259,364,364,364,592,357,364,364,357
06/04/2026 05:25:00,104,50,78,385,385,392,392,385,385,378,99,378,100,376,99,370,428,305,392,392,100,100,494,379,321,284,286,287,453,518,452,426,404,350,378,378,379,643,385,378,514,385,256,169,175,128,385,385,100,100,385,385,99,99,100,378,379,378,492,582,495,536,348,100,100,379,348,418,360,306,359,307,378,514,334,373,335,399,398,398,643,385,399,399,385
06/04/2026 05:30:00,124,63,93,419,419,422,422,419,419,405,106,406,108,411,106,369,439,305,422,422,106,106,541,428,374,336,313,311,510,589,509,494,501,406,405,406,405,699,419,405,560,419,279,175,187,133,419,419,108,106,419,419,106,106,106,406,405,406,493,606,529,557,361,106,106,405,321,411,339,272,370,273,406,560,347,416,350,433,433,433,699,419,433,433,419
06/04/2026 05:35:00,120,69,89,462,462,445,445,462,462,433,111,433,112,442,111,351,433,288,445,445,111,111,561,458,402,332,321,314,518,602,518,493,501,406,433,433,433,769,462,433,616,462,308,146,182,110,462,462,112,111,462,462,111,111,111,433,433,433,585,706,617,643,392,111,111,433,361,468,362,329,444,330,433,616,313,416,314,478,478,478,769,462,478,478,462
06/04/2026 05:40:00,125,76,93,464,464,463,463,464,464,454,113,455,112,466,113,393,500,322,463,463,113,113,635,538,470,399,386,376,571,667,572,483,525,397,454,455,455,773,464,454,619,464,309,189,207,144,464,464,112,113,464,464,113,113,113,455,455,455,674,849,722,786,462,113,113,455,425,509,416,329,417,330,455,619,393,481,396,479,478,478,773,464,479,479,464
06/04/2026 05:45:00,133,75,100,475,475,472,472,475,475,459,116,459,115,488,116,364,446,298,472,472,115,115,693,583,516,435,450,425,604,692,602,521,556,431,459,459,460,792,475,459,633,475,317,198,215,151,475,475,115,115,475,475,116,116,115,459,460,459,594,758,647,708,422,115,115,460,370,481,378,314,429,315,459,633,360,408,362,491,492,492,792,475,491,491,475
06/04/2026 05:50:00,111,57,83,475,475,472,472,475,475,452,114,452,113,488,114,369,449,301,472,472,115,115,619,489,427,367,415,396,585,672,583,524,529,432,452,452,452,790,475,452,632,475,317,189,210,144,475,475,113,115,475,475,114,114,115,452,452,452,573,731,642,685,418,115,115,452,329,420,347,314,381,315,452,632,383,468,385,490,490,490,790,475,490,490,475
06/04/2026 05:55:00,124,78,93,463,463,462,462,463,463,443,112,443,112,478,112,393,489,324,462,462,112,112,647,526,457,421,456,431,585,671,584,509,546,419,443,443,442,771,463,443,616,463,308,202,215,155,463,463,112,112,463,463,112,112,112,443,442,443,553,678,580,621,387,112,112,442,299,411,321,314,392,315,443,616,342,448,346,479,478,478,771,463,479,479,463
06/04/2026 06:00:00,148,86,111,454,454,462,462,454,454,445,112,445,112,482,112,382,488,313,462,462,112,112,601,505,450,396,418,395,563,642,560,531,580,437,445,445,446,755,454,445,606,454,302,192,206,147,454,454,112,112,454,454,112,112,112,445,446,445,489,608,547,574,365,112,112,446,372,418,372,300,377,301,445,606,365,414,367,468,469,469,755,454,468,468,454
06/04/2026 06:05:00,150,89,113,466,466,474,474,466,466,456,113,455,112,504,113,396,494,326,474,474,113,113,530,423,390,372,400,383,548,627,547,560,616,461,456,455,456,776,466,456,620,466,311,189,208,144,466,466,112,113,466,466,113,113,113,455,456,455,462,596,505,543,355,113,113,456,332,407,336,300,350,301,455,620,391,449,394,482,482,482,776,466,482,482,466
06/04/2026 06:10:00,157,103,119,487,487,488,488,487,487,475,116,474,115,531,116,411,529,337,488,488,115,115,592,491,452,406,378,370,551,623,551,519,588,428,475,474,475,812,487,475,649,487,325,208,225,160,487,487,115,115,487,487,116,116,115,474,475,474,502,608,569,590,373,115,115,475,388,446,392,342,475,342,474,649,408,526,409,503,503,503,812,487,503,503,487
06/04/2026 06:15:00,153,93,115,499,499,504,504,499,499,484,116,484,117,555,116,425,534,350,504,504,116,116,598,489,441,386,394,368,599,690,599,497,568,412,484,484,484,832,499,484,665,499,332,206,227,158,499,499,117,116,499,499,116,116,116,484,484,484,564,757,636,706,422,116,116,484,475,571,460,351,521,353,484,665,401,538,403,516,516,516,832,499,516,516,499
06/04/2026 06:20:00,153,99,117,501,501,497,497,501,501,484,119,484,119,568,119,447,566,367,497,497,119,119,381,302,293,259,232,233,353,380,353,520,565,432,484,484,484,835,501,484,666,501,334,219,235,169,501,501,119,119,501,501,119,119,119,484,484,484,583,745,655,702,415,119,119,484,372,501,372,364,488,365,484,666,464,608,467,517,517,517,835,501,517,517,501
06/04/2026 06:25:00,148,95,111,512,512,496,496,512,512,484,120,484,121,579,120,411,509,335,496,496,119,119,364,289,279,285,346,336,495,560,494,422,432,348,484,484,484,854,512,484,683,512,341,217,237,167,512,512,121,119,512,512,120,120,119,484,484,484,551,721,637,668,410,119,119,484,415,527,413,376,485,378,484,683,474,635,479,528,529,529,854,512,528,528,512
06/04/2026 06:30:00,142,95,107,519,519,496,496,519,519,486,121,486,121,586,121,408,479,338,496,496,121,121,438,355,347,327,342,335,555,636,554,515,518,425,486,486,487,864,519,486,692,519,346,214,237,165,519,519,121,121,519,519,121,121,121,486,487,486,584,731,636,684,411,121,121,487,407,504,407,364,500,365,486,692,473,644,477,536,537,537,864,519,536,536,519
06/04/2026 06:35:00,157,114,119,531,531,497,497,531,531,493,123,493,123,598,123,459,499,378,497,497,123,123,479,400,386,362,358,344,551,625,549,506,532,417,493,493,493,884,531,493,708,531,353,239,255,184,531,531,123,123,531,531,123,123,123,493,493,493,603,766,664,705,442,123,123,493,436,546,429,413,519,414,493,708,476,627,478,551,551,551,884,531,551,551,531
06/04/2026 06:40:00,150,98,114,509,509,507,507,509,509,502,123,502,123,616,123,460,540,378,507,507,123,123,494,398,375,356,385,367,563,648,564,518,546,426,502,502,502,850,509,502,679,509,340,259,260,201,509,509,123,123,509,509,123,123,123,502,502,502,611,806,736,822,480,123,123,502,436,568,427,378,501,378,502,679,483,634,487,563,564,564,850,509,563,563,509
06/04/2026 06:45:00,147,96,111,494,494,507,507,494,494,505,123,505,123,627,123,457,517,377,507,507,123,123,472,402,397,375,397,371,585,676,584,523,559,431,505,505,506,825,494,505,660,494,330,318,291,248,494,494,123,123,494,494,123,123,123,505,506,505,568,733,668,739,434,123,123,506,451,548,438,383,506,386,505,660,480,600,484,576,575,575,825,494,576,576,494
06/04/2026 06:50:00,215,145,164,489,489,502,502,489,489,502,122,502,121,623,122,442,534,367,502,502,123,123,472,366,341,332,377,360,577,661,578,522,571,430,502,502,502,813,489,502,652,489,326,274,263,212,489,489,121,123,489,489,122,122,123,502,502,502,555,750,662,716,446,123,123,502,474,523,458,390,514,390,502,652,452,578,456,574,574,574,813,489,574,574,489
06/04/2026 06:55:00,173,114,131,481,481,493,493,481,481,492,121,492,121,612,121,464,530,382,493,493,121,121,494,395,360,330,350,332,577,659,578,509,539,419,492,492,492,801,481,492,642,481,321,266,258,207,481,481,121,121,481,481,121,121,121,492,492,492,505,684,591,653,398,121,121,492,447,536,439,413,516,414,492,642,504,607,510,561,560,560,801,481,561,561,481
06/04/2026 07:00:00,155,104,117,478,478,493,493,478,478,491,121,492,121,612,121,442,520,365,493,493,121,121,472,386,370,337,320,314,499,568,498,495,539,408,491,492,491,796,478,491,637,478,319,233,237,180,478,478,121,121,478,478,121,121,121,492,491,492,516,698,652,715,444,121,121,491,480,524,465,355,483,355,492,637,447,599,451,574,574,574,796,478,574,574,478
06/04/2026 07:05:00,173,116,131,484,484,496,496,484,484,501,123,501,123,616,123,515,571,426,496,496,123,123,468,381,362,318,335,315,532,608,530,540,579,445,501,501,502,806,484,501,646,484,323,274,261,212,484,484,123,123,484,484,123,123,123,501,502,501,541,720,637,671,429,123,123,502,421,532,414,427,523,426,501,646,483,603,487,591,591,591,806,484,591,591,484
06/04/2026 07:10:00,186,130,141,486,486,502,502,486,486,509,124,508,123,635,124,521,601,432,502,502,124,124,458,345,325,268,277,267,494,551,491,542,564,448,509,508,510,809,486,509,648,486,324,278,266,216,486,486,123,124,486,486,124,124,124,508,510,508,563,742,624,685,426,124,124,510,451,515,443,371,467,372,508,648,464,613,467,613,613,613,809,486,613,613,486
06/04/2026 07:15:00,169,118,128,491,491,507,507,491,491,520,125,520,126,649,125,518,580,427,507,507,126,126,411,307,290,308,356,337,522,596,521,508,549,419,520,520,520,818,491,520,654,491,327,275,265,215,491,491,126,126,491,491,125,125,126,520,520,520,564,758,675,714,443,126,126,520,481,541,465,403,504,404,520,654,460,596,465,622,623,623,818,491,622,622,491
06/04/2026 07:20:00,202,135,154,491,491,508,508,491,491,527,128,527,127,653,128,517,605,429,508,508,128,128,479,386,368,352,375,356,551,629,551,547,567,452,527,527,527,820,491,527,656,491,328,318,290,248,491,491,127,128,491,491,128,128,128,527,527,527,552,722,662,738,450,128,128,527,470,522,454,398,494,397,527,656,432,555,436,626,626,626,820,491,626,626,491
06/04/2026 07:25:00,179,126,136,487,487,503,503,487,487,527,128,527,127,646,128,518,585,426,503,503,128,128,458,358,327,325,379,359,551,630,551,521,566,430,527,527,527,812,487,527,649,487,325,332,297,259,487,487,127,128,487,487,128,128,128,527,527,527,559,730,668,710,454,128,128,527,437,509,432,407,491,406,527,649,432,509,436,626,626,626,812,487,626,626,487
06/04/2026 07:30:00,173,133,131,489,489,505,505,489,489,528,129,528,128,649,129,536,609,442,505,505,129,129,547,452,414,374,401,381,598,691,598,548,596,452,528,528,527,813,489,528,652,489,326,320,291,251,489,489,128,129,489,489,129,129,129,528,527,528,545,721,655,740,448,129,129,527,496,565,476,390,501,390,528,652,346,399,347,623,623,623,813,489,623,623,489
06/04/2026 07:35:00,218,159,166,487,487,504,504,487,487,532,129,532,128,653,129,554,629,457,504,504,129,129,534,429,404,380,423,395,486,547,485,512,568,422,532,532,532,813,487,532,650,487,325,320,290,251,487,487,128,129,487,487,129,129,129,532,532,532,594,783,633,706,434,129,129,532,433,515,429,385,494,384,532,650,451,588,453,616,616,616,813,487,616,616,487
06/04/2026 07:40:00,196,132,149,482,482,499,499,482,482,533,129,533,128,653,129,523,598,431,499,499,129,129,547,456,427,383,410,382,517,582,517,512,542,423,533,533,534,804,482,533,644,482,322,369,317,288,482,482,128,129,482,482,129,129,129,533,534,533,516,693,654,723,446,129,129,534,455,528,442,381,502,381,533,644,405,493,409,620,620,620,804,482,620,620,482
06/04/2026 07:45:00,192,131,146,479,479,496,496,479,479,532,128,532,127,653,128,524,601,435,496,496,128,128,466,379,367,357,379,357,551,629,550,545,579,450,532,532,532,798,479,532,639,479,319,323,290,252,479,479,127,128,479,479,128,128,128,532,532,532,517,700,591,665,410,128,128,532,451,502,438,409,507,410,532,639,385,487,387,614,616,616,798,479,614,614,479
06/04/2026 07:50:00,238,168,182,475,475,490,490,475,475,524,128,525,127,643,128,495,560,412,490,490,128,128,462,357,341,360,418,388,525,587,524,502,525,413,524,525,526,790,475,524,632,475,317,334,296,262,475,475,127,128,475,475,128,128,128,525,526,525,496,645,555,626,389,128,128,526,465,525,453,394,508,394,525,632,427,569,431,607,607,607,790,475,607,607,475
06/04/2026 07:55:00,192,125,146,478,478,493,493,478,478,517,125,517,126,626,125,504,610,418,493,493,125,125,506,424,392,360,410,379,555,632,553,483,550,398,517,517,517,795,478,517,636,478,318,281,265,218,478,478,126,125,478,478,125,125,125,517,517,517,552,732,644,693,437,125,125,517,425,501,421,378,515,378,517,636,380,532,382,596,597,597,795,478,596,596,478
06/04/2026 08:00:00,215,145,164,471,471,486,486,471,471,512,124,511,123,627,124,516,611,425,486,486,124,124,455,363,347,349,401,372,513,590,511,453,532,376,512,511,511,785,471,512,627,471,313,239,239,184,471,471,123,124,471,471,124,124,124,511,511,511,489,655,593,672,413,124,124,511,402,495,403,364,447,365,511,627,470,593,473,596,597,597,785,471,596,596,471
06/04/2026 08:05:00,199,137,152,468,468,483,483,468,468,508,123,508,123,629,123,481,550,397,483,483,123,123,466,356,329,341,391,366,541,621,541,421,485,348,508,508,507,779,468,508,623,468,311,304,275,236,468,468,123,123,468,468,123,123,123,508,507,508,426,524,509,573,364,123,123,507,411,461,411,336,473,336,508,623,431,560,432,601,601,601,779,468,601,601,468
06/04/2026 08:10:00,192,135,146,464,464,480,480,464,464,511,122,511,121,637,122,496,566,412,480,480,123,123,513,417,388,349,373,349,506,577,507,393,456,323,511,511,511,774,464,511,620,464,310,261,250,202,464,464,121,123,464,464,122,122,123,511,511,511,460,593,455,514,330,123,123,511,496,521,478,401,511,401,511,620,429,556,432,600,600,600,774,464,600,600,464
06/04/2026 08:15:00,202,142,154,459,459,474,474,459,459,512,123,511,123,641,123,505,593,418,474,474,123,123,499,379,342,344,407,379,573,650,571,395,467,328,512,511,511,764,459,512,612,459,306,247,241,191,459,459,123,123,459,459,123,123,123,511,511,511,454,584,458,544,335,123,123,511,456,507,446,375,488,376,511,612,437,585,442,612,612,612,764,459,612,612,459
06/04/2026 08:20:00,224,157,171,466,466,482,482,466,466,512,123,511,123,641,123,452,534,377,482,482,123,123,482,386,352,339,401,375,492,563,491,457,529,376,512,511,511,776,466,512,620,466,311,228,231,176,466,466,123,123,466,466,123,123,123,511,511,511,466,606,636,695,434,123,123,511,440,481,428,381,489,381,511,620,447,597,451,598,597,597,776,466,598,598,466
06/04/2026 08:25:00,169,110,128,466,466,482,482,466,466,508,123,507,123,631,123,463,528,382,482,482,123,123,442,366,344,339,392,368,510,582,510,417,483,344,508,507,506,778,466,508,623,466,311,233,234,180,466,466,123,123,466,466,123,123,123,507,506,507,447,584,458,562,336,123,123,506,459,519,445,364,501,365,507,623,413,565,416,594,593,593,778,466,594,594,466
06/04/2026 08:30:00,225,153,171,463,463,478,478,463,463,503,121,503,121,629,121,440,505,366,478,478,121,121,550,425,385,360,391,367,513,586,511,413,459,343,503,503,502,771,463,503,616,463,308,233,233,180,463,463,121,121,463,463,121,121,121,503,502,503,470,592,494,602,356,121,121,502,444,500,432,336,481,336,503,616,450,577,453,596,597,597,771,463,596,596,463
06/04/2026 08:35:00,199,125,152,464,464,478,478,464,464,503,121,503,121,635,121,458,530,377,478,478,121,121,541,439,402,350,366,354,542,616,541,429,476,353,503,503,502,773,464,503,619,464,309,244,240,189,464,464,121,121,464,464,121,121,121,503,502,503,452,563,467,539,340,121,121,502,437,478,432,339,471,339,503,619,480,611,482,591,593,593,773,464,591,591,464
06/04/2026 08:40:00,211,146,161,466,466,482,482,466,466,505,122,507,121,637,122,428,489,355,482,482,123,123,522,413,382,356,376,354,491,561,490,450,495,371,505,507,506,778,466,505,623,466,311,278,261,216,466,466,121,123,466,466,122,122,123,507,506,507,506,689,560,629,393,123,123,506,406,471,401,342,453,342,507,623,483,600,486,605,606,606,778,466,605,605,466
06/04/2026 08:45:00,210,136,160,464,464,480,480,464,464,504,122,504,121,629,122,441,493,367,480,480,123,123,595,460,418,358,392,361,486,552,486,439,476,362,504,504,505,774,464,504,620,464,310,214,222,165,464,464,121,123,464,464,122,122,123,504,505,504,509,654,525,618,387,123,123,505,459,494,447,364,468,365,504,620,464,602,467,593,593,593,774,464,593,593,464
06/04/2026 08:50:00,205,145,156,464,464,480,480,464,464,501,121,501,121,621,121,421,489,350,480,480,121,121,503,359,330,338,367,345,539,622,538,454,501,374,501,501,502,774,464,501,620,464,310,206,217,158,464,464,121,121,464,464,121,121,121,501,502,501,495,673,490,574,373,121,121,502,432,474,424,388,484,387,501,620,464,584,467,596,597,597,774,464,596,596,464
06/04/2026 08:55:00,154,89,117,455,455,470,470,455,455,489,119,488,119,612,119,439,521,360,470,470,119,119,526,432,401,345,346,336,581,673,581,402,439,330,489,488,488,758,455,489,607,455,303,239,235,184,455,455,119,119,455,455,119,119,119,488,488,488,459,581,461,510,338,119,119,488,451,497,443,416,504,416,488,607,437,506,439,588,588,588,758,455,588,588,455
06/04/2026 09:00:00,168,105,128,454,454,469,469,454,454,482,118,482,117,600,118,399,441,332,469,469,119,119,622,490,446,377,373,356,516,584,513,444,458,367,482,482,480,755,454,482,606,454,302,239,234,184,454,454,117,119,454,454,118,118,119,482,480,482,442,573,488,533,343,119,119,480,436,480,422,385,497,384,482,606,412,551,413,588,588,588,755,454,588,588,454
06/04/2026 09:05:00,187,131,143,455,455,470,470,455,455,478,116,478,117,597,116,459,543,377,470,470,116,116,485,365,338,326,320,314,521,598,519,469,467,388,478,478,478,758,455,478,607,455,303,231,230,178,455,455,117,116,455,455,116,116,116,478,478,478,425,530,533,519,351,116,116,478,433,498,429,342,461,342,478,607,398,530,397,587,587,587,758,455,587,587,455
06/04/2026 09:10:00,173,114,131,449,449,465,465,449,449,480,116,480,117,594,116,441,501,365,465,465,116,116,494,384,351,329,282,283,468,527,466,510,536,421,480,480,480,750,449,480,600,449,300,219,221,169,449,449,117,116,449,449,116,116,116,480,480,480,435,551,503,543,362,116,116,480,392,469,396,339,445,339,480,600,405,496,409,591,591,591,750,449,591,591,449
06/04/2026 09:15:00,162,115,122,455,455,470,470,455,455,482,116,482,117,605,116,426,515,352,470,470,116,116,476,405,390,329,299,293,429,480,429,462,470,380,482,482,482,758,455,482,607,455,303,214,220,165,455,455,117,116,455,455,116,116,116,482,482,482,467,577,519,549,362,116,116,482,444,478,432,351,439,353,482,607,413,536,416,589,589,589,758,455,589,589,455
06/04/2026 09:20:00,160,92,122,459,459,474,474,459,459,484,116,484,117,609,116,478,548,394,474,474,116,116,517,400,374,344,309,305,512,589,511,413,454,341,484,484,484,766,459,484,613,459,306,231,231,178,459,459,117,116,459,459,116,116,116,484,484,484,445,551,514,540,365,116,116,484,406,460,401,364,468,365,484,613,401,508,403,589,589,589,766,459,589,589,459
06/04/2026 09:25:00,169,110,128,456,456,472,472,456,456,484,118,484,117,609,118,475,554,392,472,472,119,119,544,428,393,326,320,309,456,515,455,420,438,346,484,484,484,762,456,484,609,456,304,256,245,198,456,456,117,119,456,456,118,118,119,484,484,484,481,611,598,626,388,119,119,484,475,500,460,371,446,372,484,609,432,564,435,594,593,593,762,456,594,594,456
06/04/2026 09:30:00,160,103,122,461,461,476,476,461,461,484,116,484,117,612,116,456,522,374,476,476,116,116,544,432,389,341,290,286,470,536,469,471,475,388,484,484,484,769,461,484,614,461,307,265,250,205,461,461,117,116,461,461,116,116,116,484,484,484,509,625,578,603,391,116,116,484,406,473,401,362,471,362,484,614,390,503,392,594,593,593,769,461,594,594,461
06/04/2026 09:35:00,168,105,127,461,461,476,476,461,461,484,116,484,117,615,116,453,529,376,476,476,115,115,526,432,421,371,334,328,456,520,455,443,440,367,484,484,484,769,461,484,614,461,307,228,229,176,461,461,117,115,461,461,116,116,115,484,484,484,518,650,574,618,397,115,115,484,436,479,422,388,471,387,484,614,385,536,386,595,595,595,769,461,595,595,461
06/04/2026 09:40:00,148,87,113,462,462,478,478,462,462,487,116,488,117,618,116,480,574,397,478,478,115,115,563,440,401,356,339,326,461,518,460,470,494,388,487,488,487,769,462,487,616,462,308,289,266,226,462,462,117,115,462,462,116,116,115,488,487,488,510,634,603,641,416,115,115,487,421,475,409,381,466,381,488,616,408,530,409,584,583,583,769,462,584,584,462
06/04/2026 09:45:00,155,96,117,461,461,474,474,461,461,485,116,484,115,612,116,457,532,376,474,474,115,115,578,462,420,371,332,324,450,503,449,448,444,369,485,484,485,769,461,485,614,461,307,222,226,171,461,461,115,115,461,461,116,116,115,484,485,484,479,591,540,558,360,115,115,485,425,487,416,351,448,353,484,614,444,562,447,581,581,581,769,461,581,581,461
06/04/2026 09:50:00,140,87,106,462,462,474,474,462,462,478,114,478,113,609,114,484,548,399,474,474,115,115,557,442,408,353,309,302,482,543,479,454,454,375,478,478,478,769,462,478,616,462,308,233,233,180,462,462,113,115,462,462,114,114,115,478,478,478,461,582,545,567,348,115,115,478,451,505,438,342,463,342,478,616,419,527,421,568,568,568,769,462,568,568,462
06/04/2026 09:55:00,155,96,117,456,456,470,470,456,456,471,113,470,112,597,113,454,551,373,470,470,113,113,522,400,362,340,306,300,455,517,453,399,398,328,471,470,470,759,456,471,607,456,304,237,233,183,456,456,112,113,456,456,113,113,113,470,470,470,484,593,540,561,370,113,113,470,402,457,403,375,442,376,470,607,394,504,396,557,556,556,759,456,557,557,456
06/04/2026 10:00:00,143,84,107,452,452,463,463,452,452,467,109,468,110,590,109,482,534,398,463,463,109,109,530,411,378,357,341,329,472,542,472,437,444,360,467,468,466,754,452,467,602,452,302,211,217,162,452,452,110,109,452,452,109,109,109,468,466,468,458,551,513,524,339,109,109,466,417,450,405,316,431,318,468,602,429,540,432,561,560,560,754,452,561,561,452
06/04/2026 10:05:00,155,95,117,456,456,470,470,456,456,465,109,465,110,584,109,421,494,351,470,470,109,109,510,378,350,319,312,301,426,472,425,463,465,381,465,465,465,759,456,465,607,456,304,239,235,184,456,456,110,109,456,456,109,109,109,465,465,465,437,535,470,487,342,109,109,465,384,450,381,351,459,353,465,607,419,531,421,565,564,564,759,456,565,565,456
06/04/2026 10:10:00,169,117,128,455,455,470,470,455,455,468,111,469,112,588,111,469,506,386,470,470,111,111,489,388,358,347,287,289,438,490,436,401,401,331,468,469,470,758,455,468,607,455,303,225,226,173,455,455,112,111,455,455,111,111,111,469,470,469,461,585,505,558,360,111,111,470,421,495,414,375,474,376,469,607,401,547,401,576,575,575,758,455,576,576,455
06/04/2026 10:15:00,150,92,114,456,456,470,470,456,456,471,112,470,112,597,112,446,509,369,470,470,112,112,510,375,348,319,330,314,434,491,433,443,445,367,471,470,471,759,456,471,607,456,304,214,220,165,456,456,112,112,456,456,112,112,112,470,471,470,467,612,565,603,375,112,112,471,504,525,484,381,472,381,470,607,422,537,425,565,564,564,759,456,565,565,456
06/04/2026 10:20:00,169,109,128,462,462,478,478,462,462,474,111,474,112,600,111,429,511,352,478,478,111,111,517,435,408,361,323,312,452,509,453,454,449,375,474,474,474,769,462,474,616,462,308,219,225,169,462,462,112,111,462,462,111,111,111,474,474,474,448,576,579,578,374,111,111,474,414,473,408,342,427,342,474,616,431,549,432,581,583,583,769,462,581,581,462
06/04/2026 10:25:00,134,79,102,464,464,478,478,464,464,474,112,474,112,605,112,489,560,403,478,478,112,112,578,448,414,349,323,314,486,558,485,443,449,366,474,474,474,773,464,474,619,464,309,231,232,178,464,464,112,112,464,464,112,112,112,474,474,474,442,561,503,522,357,112,112,474,437,482,432,385,500,384,474,619,348,470,350,570,570,570,773,464,570,570,464
06/04/2026 10:30:00,147,97,111,459,459,474,474,459,459,475,111,474,112,603,111,485,551,399,474,474,111,111,547,471,449,402,367,355,499,578,498,495,505,406,475,474,475,766,459,475,613,459,306,225,227,173,459,459,112,111,459,459,111,111,111,474,475,474,467,606,569,605,381,111,111,475,459,522,445,394,481,394,474,613,405,503,409,581,581,581,766,459,581,581,459
06/04/2026 10:35:00,165,101,125,463,463,478,478,463,463,478,111,478,112,607,111,548,641,452,478,478,111,111,568,461,418,357,296,293,524,600,521,472,500,389,478,478,478,771,463,478,616,463,308,254,245,197,463,463,112,111,463,463,111,111,111,478,478,478,462,614,574,598,373,111,111,478,432,497,424,378,426,378,478,616,425,529,429,574,574,574,771,463,574,574,463
06/04/2026 10:40:00,165,101,125,464,464,478,478,464,464,479,111,478,112,607,111,489,560,400,478,478,111,111,563,469,454,373,359,344,518,595,517,480,490,397,479,478,479,773,464,479,619,464,309,251,243,194,464,464,112,111,464,464,111,111,111,478,479,478,456,587,558,558,368,111,111,479,402,453,397,351,433,353,478,619,342,439,342,571,570,570,773,464,571,571,464
06/04/2026 10:45:00,173,116,132,464,464,476,476,464,464,479,112,478,112,605,112,474,556,390,476,476,112,112,563,478,464,408,350,341,552,634,551,444,476,367,479,478,479,773,464,479,619,464,309,239,237,184,464,464,112,112,464,464,112,112,112,478,479,478,418,537,532,541,367,112,112,479,425,417,416,351,435,353,478,619,373,470,374,576,575,575,773,464,576,576,464
06/04/2026 10:50:00,182,118,138,466,466,482,482,466,466,475,112,476,112,601,112,479,554,392,482,482,112,112,601,478,441,376,333,325,507,579,507,401,431,329,475,476,475,778,466,475,623,466,311,233,234,180,466,466,112,112,466,466,112,112,112,476,475,476,473,592,527,561,374,112,112,475,425,457,421,381,427,381,476,623,331,418,332,573,574,574,778,466,573,573,466
06/04/2026 10:55:00,159,104,120,457,457,474,474,457,457,472,109,472,110,597,109,468,519,386,474,474,109,109,534,438,422,375,350,336,537,619,537,436,470,360,472,472,473,763,457,472,611,457,305,219,223,169,457,457,110,109,457,457,109,109,109,472,473,472,418,530,501,516,342,109,109,473,387,401,384,323,339,324,472,611,346,430,347,575,574,574,763,457,575,575,457
06/04/2026 11:00:00,157,100,120,461,461,476,476,461,461,471,109,470,110,594,109,473,546,392,476,476,109,109,534,423,398,380,350,341,447,507,446,414,473,340,471,470,470,769,461,471,614,461,307,206,216,158,461,461,110,109,461,461,109,109,109,470,470,470,425,496,461,467,331,109,109,470,391,391,387,306,352,307,470,614,365,453,367,577,578,578,769,461,577,577,461
06/04/2026 11:05:00,163,92,124,459,459,474,474,459,459,471,109,470,109,594,109,469,548,385,474,474,109,109,530,441,410,349,298,291,468,530,465,410,456,341,471,470,471,764,459,471,612,459,306,251,242,194,459,459,109,109,459,459,109,109,109,470,471,470,413,523,487,503,331,109,109,471,402,421,397,371,425,372,470,612,381,481,381,566,566,566,764,459,566,566,459
06/04/2026 11:10:00,139,87,105,463,463,478,478,463,463,475,109,476,110,601,109,475,547,393,478,478,109,109,534,448,424,387,335,331,493,557,491,428,474,356,475,476,475,771,463,475,616,463,308,237,235,183,463,463,110,109,463,463,109,109,109,476,475,476,466,570,550,568,380,109,109,475,417,433,410,364,426,365,476,616,369,463,370,581,581,581,771,463,581,581,463
06/04/2026 11:15:00,206,131,157,466,466,480,480,466,466,482,111,482,112,607,111,500,595,411,480,480,111,111,510,409,391,344,353,336,433,486,432,355,411,293,482,482,480,776,466,482,620,466,311,242,239,187,466,466,112,111,466,466,111,111,111,482,480,482,439,552,509,522,345,111,111,480,440,460,428,362,400,362,482,620,376,486,378,575,574,574,776,466,575,575,466
06/04/2026 11:20:00,162,103,122,466,466,478,478,466,466,482,112,482,112,609,112,491,572,403,478,478,112,112,513,420,396,356,322,315,442,497,440,434,469,358,482,482,480,776,466,482,620,466,311,242,239,187,466,466,112,112,466,466,112,112,112,482,480,482,463,526,560,561,366,112,112,480,414,471,406,364,426,365,482,620,398,489,399,584,583,583,776,466,584,584,466
06/04/2026 11:25:00,146,86,110,468,468,480,480,468,468,482,112,483,112,612,112,457,507,376,480,480,112,112,489,409,391,334,312,306,446,503,444,495,518,408,482,483,482,779,468,482,623,468,311,254,246,197,468,468,112,112,468,468,112,112,112,483,482,483,487,609,541,591,376,112,112,482,399,444,396,388,442,387,483,623,366,479,368,577,578,578,779,468,577,577,468
06/04/2026 11:30:00,153,92,115,471,471,478,478,471,471,482,113,483,112,618,113,480,547,397,478,478,113,113,468,370,361,338,307,297,410,458,408,216,204,174,482,483,482,785,471,482,628,471,315,239,239,184,471,471,112,113,471,471,113,113,113,483,482,483,503,607,514,541,362,113,113,482,406,417,399,364,396,365,483,628,355,449,355,581,583,583,785,471,581,581,471
06/04/2026 11:35:00,148,93,113,471,471,484,484,471,471,484,111,484,112,618,111,495,547,407,484,484,111,111,550,449,428,349,291,289,442,494,440,83,29,72,484,484,484,785,471,484,628,471,315,217,226,167,471,471,112,111,471,471,111,111,111,484,484,484,461,588,549,549,356,111,111,484,429,437,420,346,386,345,484,628,381,473,381,573,574,574,785,471,573,573,471
06/04/2026 11:40:00,166,107,126,472,472,488,488,472,472,486,112,486,112,619,112,446,468,366,488,488,112,112,494,386,372,352,362,347,434,482,432,111,93,90,486,486,487,787,472,486,630,472,315,254,247,197,472,472,112,112,472,472,112,112,112,486,487,486,457,563,529,555,371,112,112,487,387,424,384,351,396,353,486,630,355,481,355,573,574,574,787,472,573,573,472
06/04/2026 11:45:00,192,131,146,471,471,483,483,471,471,487,111,488,112,621,111,533,588,439,483,483,111,111,450,360,365,325,322,311,353,385,352,176,184,144,487,488,487,785,471,487,628,471,315,247,244,191,471,471,112,111,471,471,111,111,111,488,487,488,451,544,503,528,356,111,111,487,414,440,405,364,464,365,488,628,398,495,399,576,575,575,785,471,576,576,471
06/04/2026 11:50:00,169,112,128,469,469,484,484,469,469,485,112,484,112,618,112,426,464,350,484,484,112,112,455,353,360,325,307,301,241,255,239,155,167,129,485,484,485,782,469,485,626,469,313,222,229,171,469,469,112,112,469,469,112,112,112,484,485,484,434,547,487,522,353,112,112,485,462,487,448,364,445,365,484,626,378,508,378,575,574,574,782,469,575,575,469
06/04/2026 11:55:00,148,93,111,471,471,486,486,471,471,482,111,482,112,612,111,486,525,403,486,486,111,111,411,309,303,307,281,275,311,333,309,163,182,136,482,482,482,785,471,482,628,471,315,261,252,202,471,471,112,111,471,471,111,111,111,482,482,482,473,554,505,540,361,111,111,482,419,480,417,367,442,368,482,628,383,506,386,577,578,578,785,471,577,577,471
06/04/2026 12:00:00,153,101,115,471,471,486,486,471,471,480,109,480,110,609,109,470,514,387,486,486,109,109,431,322,303,298,290,279,308,335,306,347,377,287,480,480,480,785,471,480,627,471,313,284,265,220,471,471,110,109,471,471,109,109,109,480,480,480,410,540,517,523,355,109,109,480,399,478,399,364,459,365,480,627,319,455,320,577,578,578,785,471,577,577,471
06/04/2026 12:05:00,159,97,120,475,475,484,484,475,475,486,111,486,112,616,111,448,472,369,484,484,111,111,369,285,298,266,268,259,260,278,257,399,449,328,486,486,487,790,475,486,632,475,317,222,230,171,475,475,112,111,475,475,111,111,111,486,487,486,458,555,529,526,348,111,111,487,426,478,413,326,427,327,486,632,324,442,325,575,574,574,790,475,575,575,475
06/04/2026 12:10:00,159,103,121,475,475,484,484,475,475,492,111,492,112,624,111,468,506,386,484,484,111,111,376,294,288,263,212,215,379,421,377,392,412,323,492,492,492,794,475,492,635,475,317,289,269,226,475,475,112,111,475,475,111,111,111,492,492,492,480,593,529,571,370,111,111,492,357,407,359,362,396,362,492,635,390,500,392,584,583,583,794,475,584,584,475
06/04/2026 12:15:00,163,107,123,481,481,492,492,481,481,497,114,497,113,626,114,469,547,386,492,492,115,115,420,333,330,295,229,236,346,385,345,396,410,326,497,497,497,801,481,497,642,481,321,270,260,209,481,481,113,115,481,481,114,114,115,497,497,497,487,584,568,553,386,115,115,497,440,489,428,362,453,362,497,642,394,541,396,581,581,581,801,481,581,581,481
06/04/2026 12:20:00,182,122,138,482,482,496,496,482,482,498,114,497,113,629,114,491,552,406,496,496,115,115,526,389,357,297,272,266,378,423,376,370,408,304,498,497,497,804,482,498,642,482,321,211,225,162,482,482,113,115,482,482,114,114,115,497,497,497,483,616,571,601,378,115,115,497,436,504,426,362,463,362,497,642,429,550,432,584,584,584,804,482,584,584,482
06/04/2026 12:25:00,143,82,109,480,480,490,490,480,480,496,114,496,113,627,114,480,543,396,490,490,115,115,550,424,379,353,315,310,412,473,410,435,490,360,496,496,497,800,480,496,640,480,320,256,251,198,480,480,113,115,480,480,114,114,115,496,497,496,472,616,577,607,387,115,115,497,414,475,406,381,488,381,496,640,376,500,378,588,588,588,800,480,588,588,480
06/04/2026 12:30:00,179,129,135,480,480,492,492,480,480,496,116,496,117,635,116,495,553,409,492,492,115,115,587,441,401,338,304,297,460,524,459,445,443,367,496,496,497,800,480,496,640,480,320,242,242,187,480,480,117,115,480,480,116,116,115,496,497,496,458,555,485,541,353,115,115,497,425,487,421,375,467,376,496,640,419,530,421,594,593,593,800,480,594,594,480
06/04/2026 12:35:00,160,102,122,482,482,496,496,482,482,498,116,497,115,635,116,499,605,411,496,496,115,115,561,469,442,376,357,340,504,580,503,486,490,402,498,497,497,804,482,498,642,482,321,281,266,218,482,482,115,115,482,482,116,116,115,497,497,497,456,544,445,492,337,115,115,497,459,493,445,385,469,384,497,642,419,578,421,588,588,588,804,482,588,588,482
06/04/2026 12:40:00,156,108,118,484,484,490,490,484,484,501,116,501,117,633,116,500,603,411,490,490,115,115,587,484,448,386,360,345,498,580,496,529,548,436,501,501,502,806,484,501,646,484,323,287,270,223,484,484,117,115,484,484,116,116,115,501,502,501,457,572,542,570,377,115,115,502,437,481,432,342,476,342,501,646,441,568,443,589,589,589,806,484,589,589,484
06/04/2026 12:45:00,179,125,136,485,485,488,488,485,485,501,116,501,117,637,116,497,616,410,488,488,115,115,612,487,427,357,355,336,511,586,511,455,506,375,501,501,502,809,485,501,646,485,323,256,253,198,485,485,117,115,485,485,116,116,115,501,502,501,469,588,540,571,369,115,115,502,519,530,497,364,486,365,501,646,422,540,425,587,587,587,809,485,587,587,485
06/04/2026 12:50:00,162,112,122,482,482,490,490,482,482,498,116,497,117,629,116,535,652,441,490,490,116,116,592,477,451,354,361,340,520,592,520,450,504,373,498,497,497,804,482,498,642,482,321,239,242,184,482,482,117,116,482,482,116,116,116,497,497,497,435,540,474,505,328,116,116,497,475,495,460,355,462,355,497,642,369,433,370,584,584,584,804,482,584,584,482
06/04/2026 12:55:00,169,111,128,481,481,483,483,481,481,495,116,496,117,627,116,524,630,431,483,483,116,116,499,401,379,337,352,336,468,526,468,426,477,354,495,496,495,801,481,495,642,481,321,259,253,201,481,481,117,116,481,481,116,116,116,496,495,496,428,563,527,531,352,116,116,495,456,498,444,358,457,359,496,642,373,453,376,580,579,579,801,481,580,580,481
06/04/2026 13:00:00,169,105,128,475,475,488,488,475,475,492,116,492,117,624,116,511,590,423,488,488,115,115,587,454,408,349,333,324,489,555,487,428,480,355,492,492,492,794,475,492,635,475,317,256,250,198,475,475,117,115,475,475,116,116,115,492,492,492,422,533,482,519,344,115,115,492,469,503,456,358,456,359,492,635,385,477,387,574,574,574,794,475,574,574,475
06/04/2026 13:05:00,158,100,120,481,481,482,482,481,481,493,116,493,117,627,116,494,567,407,482,482,116,116,541,417,378,310,314,305,482,552,480,375,439,312,493,493,493,801,481,493,642,481,321,242,243,187,481,481,117,116,481,481,116,116,116,493,493,493,420,538,503,532,352,116,116,493,429,473,420,367,463,368,493,642,398,509,399,581,581,581,801,481,581,581,481
06/04/2026 13:10:00,159,109,120,484,484,490,490,484,484,501,118,501,117,635,118,484,556,398,490,490,119,119,489,388,373,315,325,312,446,507,444,431,493,358,501,501,502,806,484,501,646,484,323,284,268,220,484,484,117,119,484,484,118,118,119,501,502,501,469,615,520,574,369,119,119,502,464,480,450,339,427,339,501,646,416,502,417,577,578,578,806,484,577,577,484
06/04/2026 13:15:00,192,137,146,487,487,492,492,487,487,503,119,503,119,641,119,536,615,442,492,492,119,119,561,446,414,329,307,297,464,527,464,464,514,383,503,503,502,812,487,503,649,487,325,242,244,187,487,487,119,119,487,487,119,119,119,503,502,503,434,537,510,538,358,119,119,502,451,496,443,355,454,355,503,649,354,433,356,570,570,570,812,487,570,570,487
06/04/2026 13:20:00,169,115,128,487,487,492,492,487,487,503,120,503,121,641,120,540,637,446,492,492,119,119,513,411,378,333,328,315,472,537,471,477,518,394,503,503,502,812,487,503,649,487,325,251,249,194,487,487,121,119,487,487,120,120,119,503,502,503,489,642,603,617,397,119,119,502,433,483,422,355,441,355,503,649,398,503,399,570,570,570,812,487,570,570,487
06/04/2026 13:25:00,196,128,150,487,487,490,490,487,487,503,120,503,121,643,120,533,619,438,490,490,119,119,482,402,363,328,370,354,438,493,437,440,441,363,503,503,502,812,487,503,649,487,325,231,238,178,487,487,121,119,487,487,120,120,119,503,502,503,474,601,529,564,371,119,119,502,450,510,440,336,449,336,503,649,344,415,347,565,564,564,812,487,565,565,487
06/04/2026 13:30:00,175,121,132,485,485,482,482,485,485,501,121,501,121,641,121,531,643,438,482,482,121,121,526,418,377,344,321,317,482,544,479,408,422,337,501,501,502,809,485,501,646,485,323,219,231,169,485,485,121,121,485,485,121,121,121,501,502,501,484,607,536,579,371,121,121,502,415,500,413,342,473,344,501,646,365,440,367,564,564,564,809,485,564,564,485
06/04/2026 13:35:00,183,134,139,487,487,488,488,487,487,504,121,504,121,643,121,535,632,441,488,488,121,121,580,458,389,354,346,337,450,505,449,493,497,408,504,504,505,813,487,504,650,487,325,233,239,180,487,487,121,121,487,487,121,121,121,504,505,504,467,604,565,579,373,121,121,505,475,520,460,375,455,376,504,650,437,539,439,567,567,567,813,487,567,567,487
06/04/2026 13:40:00,208,145,159,491,491,488,488,491,491,508,122,508,121,646,122,582,683,478,488,488,123,123,595,487,442,376,350,336,520,595,518,487,508,402,508,508,507,820,491,508,656,491,328,251,250,194,491,491,121,123,491,491,122,122,123,508,507,508,466,605,538,560,360,123,123,507,414,465,406,358,460,359,508,656,351,486,353,561,560,560,820,491,561,561,491
06/04/2026 13:45:00,209,143,159,489,489,488,488,489,489,505,123,507,123,644,123,550,681,453,488,488,123,123,561,489,459,402,357,348,503,580,501,506,519,416,505,507,506,817,489,505,653,489,326,211,227,162,489,489,123,123,489,489,123,123,123,507,506,507,447,590,551,592,377,123,123,506,488,530,473,358,463,359,507,653,376,470,378,554,555,555,817,489,554,554,489
06/04/2026 13:50:00,177,114,134,487,487,482,482,487,487,503,123,503,123,642,123,588,690,486,482,482,123,123,561,448,401,341,359,340,505,571,503,472,514,389,503,503,502,812,487,503,649,487,325,233,239,180,487,487,123,123,487,487,123,123,123,503,502,503,472,615,542,580,389,123,123,502,455,489,441,381,499,381,503,649,391,513,392,554,554,554,812,487,554,554,487
06/04/2026 13:55:00,179,118,136,482,482,478,478,482,482,498,123,499,123,642,123,517,654,425,478,478,123,123,541,426,402,315,322,310,470,536,469,493,541,406,498,499,498,804,482,498,644,482,322,237,240,183,482,482,123,123,482,482,123,123,123,499,498,499,479,592,532,567,375,123,123,498,387,478,384,423,500,424,499,644,432,526,436,551,551,551,804,482,551,551,482
06/04/2026 14:00:00,183,127,139,478,478,476,476,478,478,494,123,493,123,641,123,541,642,447,476,476,123,123,571,456,420,326,309,296,482,555,480,467,506,384,494,493,494,796,478,494,637,478,319,233,237,180,478,478,123,123,478,478,123,123,123,493,494,493,498,621,608,630,396,123,123,494,485,547,468,398,493,397,493,637,391,510,392,547,547,547,796,478,547,547,478
06/04/2026 14:05:00,179,127,136,482,482,474,474,482,482,498,123,497,123,642,123,551,659,458,474,474,123,123,506,382,337,297,321,311,446,512,444,432,474,355,498,497,497,804,482,498,642,482,321,239,242,184,482,482,123,123,482,482,123,123,123,497,497,497,495,647,588,623,396,123,123,497,421,500,414,394,461,394,497,642,365,440,367,541,541,541,804,482,541,541,482
06/04/2026 14:10:00,177,114,134,491,491,478,478,491,491,508,125,507,126,643,125,521,644,433,478,478,125,125,534,429,394,332,350,332,492,561,490,446,467,367,508,507,506,818,491,508,654,491,327,242,245,187,491,491,126,125,491,491,125,125,125,507,506,507,463,601,555,586,374,125,125,506,447,501,435,394,517,394,507,654,365,432,367,538,537,537,818,491,538,538,491
06/04/2026 14:15:00,183,117,140,491,491,474,474,491,491,508,125,507,126,646,125,540,679,449,474,474,125,125,553,453,409,335,341,326,514,588,513,478,520,396,508,507,506,818,491,508,654,491,327,254,252,197,491,491,126,125,491,491,125,125,125,507,506,507,533,649,610,644,393,125,125,506,477,529,462,367,485,368,507,654,396,471,399,538,537,537,818,491,538,538,491
06/04/2026 14:20:00,182,125,138,489,489,472,472,489,489,505,125,507,126,643,125,551,663,454,472,472,125,125,534,423,378,329,331,318,481,549,479,471,492,388,505,507,506,817,489,505,653,489,326,228,237,176,489,489,126,125,489,489,125,125,125,507,506,507,548,683,584,624,393,125,125,506,419,463,417,371,452,372,507,653,360,443,362,539,539,539,817,489,539,539,489
06/04/2026 14:25:00,160,101,122,485,485,468,468,485,485,501,125,501,126,641,125,553,679,458,468,468,125,125,494,392,380,325,334,324,482,549,481,471,491,388,501,501,502,809,485,501,646,485,323,225,234,173,485,485,126,125,485,485,125,125,125,501,502,501,530,674,565,613,392,125,125,502,451,510,438,364,483,365,501,646,386,458,390,526,526,526,809,485,526,526,485
06/04/2026 14:30:00,169,114,128,485,485,463,463,485,485,501,124,501,123,642,124,531,632,440,463,463,124,124,541,437,400,349,301,297,499,578,498,483,520,398,501,501,502,809,485,501,646,485,323,231,238,178,485,485,123,124,485,485,124,124,124,501,502,501,494,652,626,666,414,124,124,502,455,525,442,427,501,426,501,646,386,481,390,514,514,514,809,485,514,514,485
06/04/2026 14:35:00,188,125,143,489,489,468,468,489,489,505,124,507,123,639,124,539,671,448,468,468,124,124,544,435,387,332,322,311,516,595,515,465,468,383,505,507,506,817,489,505,653,489,326,239,244,184,489,489,123,124,489,489,124,124,124,507,506,507,521,670,626,650,403,124,124,506,469,517,456,346,451,345,507,653,390,506,390,517,517,517,817,489,517,517,489
06/04/2026 14:40:00,185,135,140,496,496,464,464,496,496,512,125,511,126,643,125,593,730,491,464,464,126,126,520,420,392,329,317,309,499,576,499,499,537,412,512,511,511,826,496,512,660,496,330,259,257,201,496,496,126,126,496,496,125,125,126,511,511,511,508,639,613,619,400,126,126,511,425,483,416,427,499,426,511,660,291,327,293,512,511,511,826,496,512,512,496
06/04/2026 14:45:00,159,109,120,494,494,459,459,494,494,513,125,513,126,644,125,590,735,486,459,459,126,126,494,411,402,337,346,332,499,577,498,494,541,406,513,513,513,825,494,513,660,494,330,244,248,189,494,494,126,126,494,494,125,125,126,513,513,513,517,658,578,619,403,126,126,513,466,517,451,390,507,390,513,660,298,349,300,511,511,511,825,494,511,511,494
06/04/2026 14:50:00,200,142,152,487,487,452,452,487,487,508,125,507,126,642,125,612,752,507,452,452,126,126,578,473,445,354,358,339,506,577,504,507,555,421,508,507,506,812,487,508,649,487,325,239,243,184,487,487,126,126,487,487,125,125,126,507,506,507,461,599,569,599,394,126,126,506,497,552,478,362,487,362,507,649,360,434,362,503,503,503,812,487,503,503,487
06/04/2026 14:55:00,205,158,156,482,482,445,445,482,482,501,125,501,126,639,125,593,725,489,445,445,126,126,536,423,392,340,335,324,512,589,511,480,514,397,501,501,502,804,482,501,644,482,322,247,247,191,482,482,126,126,482,482,125,125,126,501,502,501,493,659,548,600,375,126,126,502,459,534,445,409,517,410,501,644,306,357,306,498,499,499,804,482,498,498,482
06/04/2026 15:00:00,187,130,142,480,480,441,441,480,480,496,125,496,126,635,125,578,683,477,441,441,125,125,550,443,411,319,311,298,454,520,452,389,428,321,496,496,497,800,480,496,640,480,320,237,239,183,480,480,126,125,480,480,125,125,125,496,497,496,421,539,480,529,336,125,125,497,465,502,451,390,483,392,496,640,364,457,365,503,503,503,800,480,503,503,480
06/04/2026 15:05:00,211,158,161,481,481,439,439,481,481,497,125,497,126,633,125,555,667,461,439,439,125,125,499,398,377,323,309,301,442,501,441,337,373,281,497,497,497,801,481,497,642,481,321,222,232,171,481,481,126,125,481,481,125,125,125,497,497,497,485,618,541,564,374,125,125,497,455,513,442,401,488,401,497,642,260,332,261,497,497,497,801,481,497,497,481
06/04/2026 15:10:00,173,122,131,480,480,439,439,480,480,504,125,504,126,629,125,592,734,489,439,439,126,126,522,411,379,340,362,340,448,514,447,467,524,385,504,504,505,800,480,504,640,480,320,242,242,187,480,480,126,126,480,480,125,125,126,504,505,504,484,604,541,572,364,126,126,505,444,514,433,371,452,372,504,640,298,373,300,496,496,496,800,480,496,496,480
06/04/2026 15:15:00,183,129,139,468,468,441,441,468,468,505,125,505,126,629,125,565,667,470,441,441,126,126,506,425,401,353,347,336,478,542,478,466,527,388,505,505,506,780,468,505,624,468,313,242,239,187,468,468,126,126,468,468,125,125,126,505,506,505,490,645,527,579,360,126,126,506,451,514,443,371,479,372,505,624,334,437,335,484,484,484,780,468,484,484,468
06/04/2026 15:20:00,169,137,129,471,471,435,435,471,471,502,125,502,126,629,125,565,672,465,435,435,125,125,513,415,398,337,352,336,506,575,506,443,508,365,502,502,502,785,471,502,627,471,313,275,260,215,471,471,126,125,471,471,125,125,125,502,502,502,485,622,580,608,377,125,125,502,493,543,475,390,489,390,502,627,264,316,266,486,486,486,785,471,486,486,471
06/04/2026 15:25:00,201,170,153,471,471,435,435,471,471,501,125,501,126,626,125,611,742,509,435,435,125,125,574,450,408,357,351,336,486,554,486,485,541,401,501,501,502,785,471,501,628,471,315,242,240,187,471,471,126,125,471,471,125,125,125,501,502,501,501,628,585,612,391,125,125,502,459,508,445,407,495,408,501,628,338,382,339,487,488,488,785,471,487,487,471
06/04/2026 15:30:00,192,143,146,466,466,432,432,466,466,496,124,496,123,623,124,577,705,480,432,432,124,124,550,437,399,340,304,301,477,544,476,453,495,373,496,496,497,778,466,496,623,466,311,251,244,194,466,466,123,124,466,466,124,124,124,496,497,496,473,603,528,560,356,124,124,497,456,492,444,398,476,397,496,623,302,355,304,482,482,482,778,466,482,482,466
06/04/2026 15:35:00,196,136,149,468,468,432,432,468,468,501,125,501,126,626,125,585,734,486,432,432,125,125,506,418,399,336,343,323,499,571,496,485,496,402,501,501,502,780,468,501,624,468,313,239,238,184,468,468,126,125,468,468,125,125,125,501,502,501,500,647,591,614,390,125,125,502,474,544,458,401,491,401,501,624,309,378,310,479,478,478,780,468,479,479,468
06/04/2026 15:40:00,241,191,185,461,461,427,427,461,461,509,125,508,126,629,125,592,722,491,427,427,125,125,553,438,401,333,332,318,507,587,505,474,508,391,509,508,510,769,461,509,614,461,307,256,246,198,461,461,126,125,461,461,125,125,125,508,510,508,529,688,616,656,403,125,125,510,459,518,445,401,491,401,508,614,346,399,347,475,476,476,769,461,475,475,461
06/04/2026 15:45:00,197,156,150,466,466,422,422,466,466,509,125,508,126,624,125,584,722,485,422,422,125,125,499,392,366,332,350,332,494,562,492,532,586,438,509,508,510,778,466,509,623,466,311,274,257,212,466,466,126,125,466,466,125,125,125,508,510,508,534,675,601,642,405,125,125,510,414,487,406,412,474,413,508,623,259,303,260,471,470,470,778,466,471,471,466
06/04/2026 15:50:00,169,124,128,459,459,418,418,459,459,504,124,504,123,624,124,580,710,476,418,418,124,124,547,436,400,340,313,306,468,541,467,476,518,392,504,504,505,764,459,504,612,459,306,293,267,227,459,459,123,124,459,459,124,124,124,504,505,504,506,661,612,619,395,124,124,505,469,511,456,409,492,410,504,612,259,309,260,468,468,468,764,459,468,468,459
06/04/2026 15:55:00,202,161,153,448,448,418,418,448,448,497,124,497,123,619,124,614,760,506,418,418,124,124,526,423,399,347,348,336,464,531,465,465,493,384,497,497,497,746,448,497,597,448,298,222,223,171,448,448,123,124,448,448,124,124,124,497,497,497,551,694,629,666,403,124,124,497,500,542,480,413,509,414,497,597,288,362,289,463,463,463,746,448,463,463,448
06/04/2026 16:00:00,195,152,148,448,448,419,419,448,448,492,124,492,123,615,124,607,730,503,419,419,124,124,526,421,389,326,323,310,455,513,453,430,447,354,492,492,492,746,448,492,597,448,298,231,228,178,448,448,123,124,448,448,124,124,124,492,492,492,519,634,571,607,378,124,124,492,444,520,432,385,467,384,492,597,298,357,300,462,462,462,746,448,462,462,448
06/04/2026 16:05:00,201,150,153,448,448,411,411,448,448,496,123,496,123,618,123,579,691,481,411,411,123,123,563,448,389,340,341,332,444,510,443,446,466,368,496,496,497,746,448,496,597,448,298,244,236,189,448,448,123,123,448,448,123,123,123,496,497,496,465,605,527,566,374,123,123,497,437,482,432,409,498,410,496,597,302,364,304,463,463,463,746,448,463,463,448
06/04/2026 16:10:00,211,175,161,443,443,413,413,443,443,504,124,504,123,618,124,584,684,485,413,413,124,124,553,442,404,346,304,297,478,546,476,433,450,357,504,504,505,739,443,504,591,443,296,247,237,191,443,443,123,124,443,443,124,124,124,504,505,504,485,650,579,631,400,124,124,505,425,506,421,388,477,387,504,591,281,330,282,456,455,455,739,443,456,456,443
06/04/2026 16:15:00,219,183,167,448,448,406,406,448,448,505,123,505,123,618,123,577,692,480,406,406,123,123,550,450,414,353,355,340,455,518,453,453,484,373,505,505,506,746,448,505,597,448,298,278,256,216,448,448,123,123,448,448,123,123,123,505,506,505,469,626,540,569,360,123,123,506,460,514,449,413,505,414,505,597,281,342,282,459,459,459,746,448,459,459,448
06/04/2026 16:20:00,211,174,161,459,459,415,415,459,459,504,124,504,123,616,124,546,658,453,415,415,124,124,568,436,391,331,325,316,460,525,459,449,468,371,504,504,505,764,459,504,612,459,306,247,241,191,459,459,123,124,459,459,124,124,124,504,505,504,492,667,571,630,395,124,124,505,425,506,416,416,485,416,504,612,313,390,314,459,459,459,764,459,459,459,459
06/04/2026 16:25:00,218,187,167,438,438,410,410,438,438,501,124,501,123,619,124,584,725,479,410,410,124,124,580,460,418,344,356,337,495,571,494,453,457,372,501,501,502,731,438,501,584,438,292,239,230,184,438,438,123,124,438,438,124,124,124,501,502,501,521,663,558,618,382,124,124,502,402,492,397,371,489,372,501,584,259,344,261,452,452,452,731,438,452,452,438
06/04/2026 16:30:00,238,203,182,445,445,419,419,445,445,498,123,497,123,615,123,534,662,438,419,419,123,123,587,464,417,356,356,340,465,532,465,458,487,379,498,497,497,743,445,498,594,445,298,208,214,160,445,445,123,123,445,445,123,123,123,497,497,497,510,661,617,638,415,123,123,497,360,469,371,358,480,359,497,594,238,283,239,445,444,444,743,445,445,445,445
06/04/2026 16:35:00,210,181,159,445,445,415,415,445,445,503,124,503,123,618,124,547,683,449,415,415,124,124,557,432,401,326,320,314,468,531,467,474,500,392,503,503,502,740,445,503,593,445,296,247,237,191,445,445,123,124,445,445,124,124,124,503,502,503,531,703,595,657,411,124,124,502,474,501,458,371,476,372,503,593,246,312,246,448,448,448,740,445,448,448,445
06/04/2026 16:40:00,229,203,174,468,468,418,418,468,468,509,124,508,123,623,124,583,734,482,418,418,124,124,503,403,375,340,336,327,474,537,472,467,482,385,509,508,510,779,468,509,623,468,311,222,228,171,468,468,123,124,468,468,124,124,124,508,510,508,524,662,618,627,398,124,124,510,398,466,399,381,465,381,508,623,306,365,306,442,441,441,779,468,442,442,468
06/04/2026 16:45:00,264,250,202,463,463,415,415,463,463,511,124,511,123,615,124,571,680,474,415,415,124,124,510,418,391,344,329,321,468,536,466,465,510,384,511,511,511,771,463,511,616,463,308,219,225,169,463,463,123,124,463,463,124,124,124,511,511,511,484,651,567,625,382,124,124,511,465,519,453,407,487,406,511,616,252,312,254,445,444,444,771,463,445,445,463
06/04/2026 16:50:00,197,169,150,452,452,411,411,452,452,505,124,507,123,614,124,590,749,489,411,411,124,124,571,465,430,341,322,308,464,525,461,518,529,427,505,507,506,750,452,505,601,452,300,237,232,183,452,452,123,124,452,452,124,124,124,507,506,507,522,675,592,629,389,124,124,506,497,545,478,409,518,410,507,601,249,325,250,437,437,437,750,452,437,437,452
06/04/2026 16:55:00,253,250,193,441,441,411,411,441,441,504,124,504,123,609,124,615,721,506,411,411,124,124,550,452,419,397,346,341,489,556,487,500,535,411,504,504,505,735,441,504,589,441,294,200,208,152,441,441,123,124,441,441,124,124,124,504,505,504,496,662,577,632,387,124,124,505,470,525,454,409,497,410,504,589,303,347,303,435,435,435,735,441,435,435,441
06/04/2026 17:00:00,246,233,188,426,426,411,411,426,426,501,123,501,123,612,123,588,711,488,411,411,123,123,526,437,406,349,334,324,493,561,492,463,496,382,501,501,502,709,426,501,568,426,284,222,217,171,426,426,123,123,426,426,123,123,123,501,502,501,500,615,608,637,398,123,123,502,442,480,435,375,494,376,501,568,288,349,289,440,440,440,709,426,440,440,426
06/04/2026 17:05:00,231,218,177,452,452,420,420,452,452,508,123,507,123,609,123,599,693,496,420,420,123,123,557,469,435,378,362,350,503,581,502,494,515,411,508,507,506,750,452,508,601,452,300,171,194,131,452,452,123,123,452,452,123,123,123,507,506,507,530,685,625,650,425,123,123,506,483,537,467,430,511,428,507,601,281,348,283,437,437,437,750,452,437,437,452
06/04/2026 17:10:00,225,224,171,475,475,421,421,475,475,516,124,516,123,615,124,527,597,438,421,421,124,124,530,453,431,381,371,355,478,543,477,461,517,383,516,516,516,790,475,516,632,475,317,160,194,122,475,475,123,124,475,475,124,124,124,516,516,516,474,633,571,630,383,124,124,516,497,541,478,423,507,424,516,632,267,296,267,431,432,432,790,475,431,431,475
06/04/2026 17:15:00,245,226,187,433,433,415,415,433,433,517,125,517,126,612,125,580,676,482,415,415,125,125,550,465,437,410,366,355,500,570,499,488,533,407,517,517,517,722,433,517,578,433,288,152,178,115,433,433,126,125,433,433,125,125,125,517,517,517,533,667,661,651,419,125,125,517,469,519,456,427,512,426,517,578,288,354,288,436,436,436,722,433,436,436,433
06/04/2026 17:20:00,241,230,185,482,482,420,420,482,482,514,125,514,126,609,125,478,523,396,420,420,125,125,563,480,451,411,363,356,490,554,488,523,568,433,514,514,514,804,482,514,642,482,321,119,171,87,482,482,126,125,482,482,125,125,125,514,514,514,545,710,673,659,421,125,125,514,419,481,417,401,489,401,514,642,244,320,246,443,443,443,804,482,443,443,482
06/04/2026 17:25:00,247,243,189,466,466,429,429,466,466,509,125,508,126,612,125,484,544,398,429,429,125,125,571,461,424,360,368,350,535,611,533,499,546,413,509,508,510,778,466,509,623,466,311,113,164,83,466,466,126,125,466,466,125,125,125,508,510,508,504,638,601,623,392,125,125,510,460,515,449,403,511,404,508,623,270,361,271,438,438,438,778,466,438,438,466
06/04/2026 17:30:00,218,208,167,456,456,415,415,456,456,505,125,507,126,612,125,594,723,493,415,415,125,125,526,456,430,390,383,364,531,606,529,526,562,433,505,507,506,762,456,505,609,456,304,103,156,77,456,456,126,125,456,456,125,125,125,507,506,507,494,667,603,630,385,125,125,506,475,528,460,409,514,410,507,609,217,279,218,429,429,429,762,456,429,429,456
06/04/2026 17:35:00,247,228,188,459,459,419,419,459,459,505,125,507,126,612,125,574,698,474,419,419,125,125,563,475,439,394,388,370,486,555,485,474,523,394,505,507,506,764,459,505,612,459,306,97,152,69,459,459,126,125,459,459,125,125,125,507,506,507,469,619,556,589,373,125,125,506,436,496,422,398,498,397,507,612,309,372,310,429,428,428,764,459,429,429,459
06/04/2026 17:40:00,198,168,151,464,464,422,422,464,464,508,125,507,126,605,125,617,773,510,422,422,125,125,598,486,448,401,354,347,528,608,525,508,561,419,508,507,506,773,464,508,619,464,309,82,145,58,464,464,126,125,464,464,125,125,125,507,506,507,498,611,547,579,364,125,125,506,465,536,453,407,502,406,507,619,256,315,258,434,434,434,773,464,434,434,464
06/04/2026 17:45:00,193,177,147,459,459,429,429,459,459,505,125,507,126,603,125,671,829,553,429,429,125,125,544,477,458,398,342,336,495,568,494,490,507,404,505,507,506,766,459,505,613,459,306,82,144,58,459,459,126,125,459,459,125,125,125,507,506,507,453,613,536,571,367,125,125,506,462,517,448,394,485,394,507,613,274,344,275,430,429,429,766,459,430,430,459
06/04/2026 17:50:00,219,202,167,452,452,429,429,452,452,502,125,502,126,614,125,603,743,500,429,429,125,125,571,482,465,412,334,331,490,560,488,448,483,371,502,502,502,755,452,502,604,452,302,82,142,58,452,452,126,125,452,452,125,125,125,502,502,502,482,610,534,581,366,125,125,502,488,550,473,420,516,420,502,604,279,332,279,432,432,432,755,452,432,432,452
06/04/2026 17:55:00,188,181,143,422,422,428,428,422,422,497,124,497,123,609,124,572,714,474,428,428,124,124,622,527,485,423,366,359,510,584,508,470,517,388,497,497,497,704,422,497,563,422,281,82,134,58,422,422,123,124,422,422,124,124,124,497,497,497,456,598,561,576,366,124,124,497,451,497,438,420,490,420,497,563,309,373,310,436,436,436,704,422,436,436,422
06/04/2026 18:00:00,213,190,162,445,445,433,433,445,445,493,123,493,123,609,123,642,782,530,433,433,123,123,605,499,457,381,370,351,472,531,471,494,530,410,493,493,493,740,445,493,593,445,296,82,140,58,445,445,123,123,445,445,123,123,123,493,493,493,442,534,517,531,331,123,123,493,486,515,471,407,515,406,493,593,246,320,246,429,429,429,740,445,429,429,445
06/04/2026 18:05:00,197,178,150,436,436,441,441,436,436,494,124,493,123,609,124,617,770,511,441,441,124,124,561,468,436,395,369,354,464,528,464,488,488,402,494,493,494,727,436,494,583,436,291,82,138,58,436,436,123,124,436,436,124,124,124,493,494,493,471,574,494,524,352,124,124,494,479,529,464,440,501,438,493,583,251,334,253,434,434,434,727,436,434,434,436
06/04/2026 18:10:00,208,180,159,448,448,440,440,448,448,501,124,501,123,614,124,631,794,521,440,440,124,124,561,458,434,373,354,340,464,529,462,494,527,412,501,501,502,746,448,501,597,448,298,82,141,58,448,448,123,124,448,448,124,124,124,501,502,501,473,604,564,581,363,124,124,502,425,489,416,423,499,424,501,597,255,320,257,437,437,437,746,448,437,437,448
06/04/2026 18:15:00,227,210,174,456,456,443,443,456,456,503,124,503,123,619,124,610,776,505,443,443,124,124,550,460,449,392,375,363,503,570,503,490,510,404,503,503,502,759,456,503,607,456,304,82,143,58,456,456,123,124,456,456,124,124,124,503,502,503,457,582,504,548,356,124,124,502,475,513,460,462,542,462,503,607,317,396,317,448,448,448,759,456,448,448,456
06/04/2026 18:20:00,202,174,154,452,452,447,447,452,452,498,125,499,126,623,125,643,795,528,447,447,125,125,568,501,472,436,409,391,513,585,513,459,488,379,498,499,498,754,452,498,602,452,302,82,142,58,452,452,126,125,452,452,125,125,125,499,498,499,469,609,529,563,365,125,125,498,510,553,494,413,527,414,499,602,306,409,307,449,451,451,754,452,449,449,452
06/04/2026 18:25:00,192,175,144,448,448,452,452,448,448,495,124,496,123,623,124,572,723,471,452,452,124,124,592,518,495,412,370,355,499,565,499,477,506,394,495,496,495,746,448,495,597,448,298,82,141,58,448,448,123,124,448,448,124,124,124,496,495,496,526,681,612,637,392,124,124,495,512,572,492,440,545,438,496,597,306,383,306,457,457,457,746,448,457,457,448
06/04/2026 18:30:00,184,159,140,449,449,455,455,449,449,492,124,492,123,621,124,572,677,472,455,455,124,124,541,448,425,398,386,371,522,594,521,460,482,379,492,492,492,750,449,492,600,449,300,82,141,58,449,449,123,124,449,449,124,124,124,492,492,492,479,608,536,594,362,124,124,492,477,539,462,390,485,390,492,600,317,383,317,465,465,465,750,449,465,465,449
06/04/2026 18:35:00,174,151,132,449,449,459,459,449,449,489,123,488,123,623,123,541,637,449,459,459,123,123,541,447,424,375,372,356,475,537,475,449,486,371,489,488,488,748,449,489,598,449,300,82,141,58,449,449,123,123,449,449,123,123,123,488,488,488,504,654,605,647,415,123,123,488,470,492,454,427,529,426,488,598,299,399,301,464,464,464,748,449,464,464,449
06/04/2026 18:40:00,159,138,120,455,455,459,459,455,455,486,123,486,123,621,123,545,626,449,459,459,123,123,587,488,451,401,358,348,472,534,472,499,510,410,486,486,487,758,455,486,607,455,303,82,143,58,455,455,123,123,455,455,123,123,123,486,487,486,502,603,527,549,353,123,123,487,492,531,476,430,507,428,486,607,309,402,310,471,470,470,758,455,471,471,455
06/04/2026 18:45:00,155,123,117,457,457,465,465,457,457,482,123,483,123,621,123,574,662,473,465,465,123,123,526,434,411,356,341,328,472,537,471,507,516,418,482,483,482,763,457,482,611,457,305,82,143,58,457,457,123,123,457,457,123,123,123,483,482,483,498,626,587,642,389,123,123,482,462,501,448,404,476,407,483,611,365,449,367,473,474,474,763,457,473,473,457
06/04/2026 18:50:00,131,103,98,462,462,463,463,462,462,478,122,478,121,619,122,533,621,438,463,463,123,123,553,422,384,338,287,283,464,530,463,466,470,384,478,478,478,769,462,478,616,462,308,116,164,85,462,462,121,123,462,462,122,122,123,478,478,478,464,627,572,612,378,123,123,478,495,545,479,403,466,404,478,616,376,471,379,478,478,478,769,462,478,478,462
06/04/2026 18:55:00,162,130,122,466,466,465,465,466,466,468,121,469,121,618,121,508,594,419,465,465,121,121,534,431,405,351,291,289,410,462,409,440,434,363,468,469,470,776,466,468,620,466,311,166,195,126,466,466,121,121,466,466,121,121,121,469,470,469,408,516,505,512,338,121,121,470,414,474,406,375,466,376,469,620,311,348,311,489,488,488,776,466,489,489,466
06/04/2026 19:00:00,123,85,92,466,466,465,465,466,466,465,121,465,121,618,121,480,530,397,465,465,121,121,482,415,397,371,305,303,448,509,447,432,425,357,465,465,465,776,466,465,620,466,311,198,213,151,466,466,121,121,466,466,121,121,121,465,465,465,437,541,487,512,334,121,121,465,398,463,399,398,461,397,465,620,250,233,250,489,488,488,776,466,489,489,466
06/04/2026 19:05:00,139,95,106,475,475,468,468,475,475,464,121,464,121,618,121,450,511,372,468,468,121,121,485,409,407,333,292,286,396,444,395,416,416,343,464,464,465,792,475,464,633,475,317,192,212,147,475,475,121,121,475,475,121,121,121,464,465,464,401,512,448,484,326,121,121,465,398,432,398,326,345,327,464,633,273,283,275,501,501,501,792,475,501,501,475
06/04/2026 19:10:00,130,97,97,480,480,474,474,480,480,464,120,464,121,618,120,440,508,365,474,474,119,119,431,382,380,340,285,281,398,445,396,434,430,357,464,464,465,800,480,464,640,480,320,202,219,155,480,480,121,119,480,480,120,120,119,464,465,464,390,469,439,424,307,119,119,465,312,335,320,306,358,307,464,640,342,392,346,505,507,507,800,480,505,505,480
06/04/2026 19:15:00,150,113,113,482,482,483,483,482,482,465,119,465,119,618,119,450,514,372,483,483,119,119,530,427,403,341,283,278,404,451,404,374,389,308,465,465,465,804,482,465,644,482,322,183,209,140,482,482,119,119,482,482,119,119,119,465,465,465,451,547,482,495,341,119,119,465,360,400,371,348,364,349,465,644,351,423,353,511,511,511,804,482,511,511,482
06/04/2026 19:20:00,139,105,104,494,494,484,484,494,494,461,119,461,119,618,119,464,524,380,484,484,119,119,444,357,362,325,305,299,375,417,374,456,432,376,461,461,461,821,494,461,658,494,329,194,218,149,494,494,119,119,494,494,119,119,119,461,461,461,403,473,444,444,303,119,119,461,372,386,372,316,368,318,461,658,365,444,367,519,519,519,821,494,519,519,494
06/04/2026 19:25:00,131,94,99,498,498,483,483,498,498,455,118,455,117,618,118,485,548,398,483,483,119,119,489,385,373,329,301,297,392,431,391,418,431,345,455,455,456,830,498,455,665,498,332,179,211,137,498,498,117,119,498,498,118,118,119,455,456,455,383,468,457,467,335,119,119,456,338,393,353,316,352,318,455,665,337,388,339,526,526,526,830,498,526,526,498
06/04/2026 19:30:00,116,73,87,497,497,480,480,497,497,449,116,449,117,612,116,497,582,409,480,480,116,116,476,395,383,329,319,310,369,408,367,408,409,337,449,449,449,826,497,449,661,497,331,198,221,151,497,497,117,116,497,497,116,116,116,449,449,449,404,479,403,412,299,116,116,449,332,354,336,319,334,320,449,661,346,389,345,526,526,526,826,497,526,526,497
06/04/2026 19:35:00,124,76,93,487,487,472,472,487,487,445,116,444,115,612,116,425,481,351,472,472,115,115,466,380,372,359,326,319,375,424,373,384,405,317,445,444,444,813,487,445,650,487,325,189,213,144,487,487,115,115,487,487,116,116,115,444,444,444,412,473,398,410,297,115,115,444,369,380,368,272,317,273,444,650,286,314,287,531,530,530,813,487,531,531,487
06/04/2026 19:40:00,132,89,99,482,482,470,470,482,482,443,113,443,112,609,113,460,514,379,470,470,113,113,485,400,401,357,284,288,376,417,375,417,417,344,443,443,442,804,482,443,644,482,322,179,206,134,482,482,112,113,482,482,113,113,113,443,442,443,390,435,427,413,299,113,113,442,316,322,324,323,352,324,443,644,451,593,453,531,530,530,804,482,531,531,482
06/04/2026 19:45:00,139,91,104,475,475,470,470,475,475,440,112,440,112,603,112,467,519,382,470,470,112,112,479,402,414,337,306,300,434,490,433,416,442,343,440,440,440,790,475,440,632,475,317,183,207,140,475,475,112,112,475,475,112,112,112,440,440,440,397,492,467,481,342,112,112,440,414,458,401,385,438,384,440,632,329,404,330,531,531,531,790,475,531,531,475
06/04/2026 19:50:00,135,93,101,466,466,472,472,466,466,434,109,434,110,597,109,447,513,367,472,472,109,109,476,377,355,326,312,303,397,436,397,422,427,348,434,434,434,776,466,434,620,466,311,185,206,141,466,466,110,109,466,466,109,109,109,434,434,434,419,491,417,448,313,109,109,434,365,390,365,306,322,307,434,620,327,383,327,534,534,534,776,466,534,534,466
06/04/2026 19:55:00,129,85,96,456,456,470,470,456,456,426,109,427,109,590,109,456,517,378,470,470,109,109,431,328,325,309,274,271,344,373,341,357,375,294,426,427,427,762,456,426,609,456,304,200,212,152,456,456,109,109,456,456,109,109,109,427,427,427,361,426,398,394,293,109,109,427,342,360,337,268,301,270,427,609,334,376,337,535,534,534,762,456,535,535,456
06/04/2026 20:00:00,112,67,83,456,456,464,464,456,456,419,106,419,106,586,106,437,468,360,464,464,105,105,424,323,316,284,256,258,314,333,313,403,379,331,419,419,419,759,456,419,607,456,304,200,212,152,456,456,106,105,456,456,106,106,105,419,419,419,392,459,405,410,306,105,105,419,342,356,339,323,349,324,419,607,333,382,333,533,533,533,759,456,533,533,456
06/04/2026 20:05:00,106,65,78,448,448,460,460,448,448,417,105,418,104,579,105,415,464,343,460,460,105,105,383,330,318,301,299,290,312,341,310,366,360,300,417,418,417,746,448,417,597,448,298,160,187,122,448,448,104,105,448,448,105,105,105,418,417,418,401,481,419,444,323,105,105,417,387,407,384,314,341,315,418,597,324,382,325,535,534,534,746,448,535,535,448
06/04/2026 20:10:00,112,80,84,456,456,459,459,456,456,419,102,419,101,579,102,462,485,379,459,459,101,101,419,337,329,325,284,279,342,377,340,347,339,286,419,419,419,762,456,419,609,456,304,175,197,133,456,456,101,101,456,456,102,102,101,419,419,419,395,468,415,427,302,101,101,419,342,360,337,293,311,296,419,609,362,427,364,540,541,541,762,456,540,540,456
06/04/2026 20:15:00,116,68,88,454,454,468,468,454,454,419,100,420,100,579,100,481,534,399,468,468,100,100,404,301,277,269,231,235,289,304,287,358,348,294,419,420,419,755,454,419,606,454,302,200,211,152,454,454,100,100,454,454,100,100,100,420,419,420,361,424,385,396,296,100,100,419,315,333,335,348,354,349,420,606,362,404,365,543,544,544,755,454,543,543,454
06/04/2026 20:20:00,121,74,90,456,456,459,459,456,456,412,98,411,98,568,98,393,433,323,459,459,98,98,448,337,314,298,253,252,293,317,292,339,330,279,412,411,411,762,456,412,609,456,304,175,197,133,456,456,98,98,456,456,98,98,98,411,411,411,420,447,392,405,299,98,98,411,342,360,345,284,299,285,411,609,301,340,303,539,539,539,762,456,539,539,456
06/04/2026 20:25:00,120,62,89,445,445,445,445,445,445,403,95,402,95,562,95,460,492,380,445,445,95,95,397,271,257,255,210,216,307,331,305,354,339,292,403,402,403,742,445,403,593,445,296,166,189,126,445,445,95,95,445,445,95,95,95,402,403,402,330,400,373,373,264,95,95,403,299,312,321,264,288,266,402,593,309,339,310,533,533,533,742,445,533,533,445
06/04/2026 20:30:00,110,63,83,445,445,444,444,445,445,399,95,399,95,555,95,412,463,338,444,444,95,95,376,296,293,272,275,267,294,313,292,346,302,284,399,399,399,742,445,399,593,445,296,163,187,123,445,445,95,95,445,445,95,95,95,399,399,399,346,381,359,357,283,95,95,399,324,315,314,288,278,288,399,593,282,325,282,531,530,530,742,445,531,531,445
06/04/2026 20:35:00,111,62,83,445,445,448,448,445,445,400,92,400,92,553,92,413,436,340,448,448,92,92,431,322,301,295,273,268,322,345,321,316,279,260,400,400,400,743,445,400,594,445,298,160,186,122,445,445,92,92,445,445,92,92,92,400,400,400,382,444,416,393,292,92,92,400,324,306,314,268,256,270,400,594,327,363,327,531,531,531,743,445,531,531,445
06/04/2026 20:40:00,125,73,93,445,445,448,448,445,445,400,92,400,92,551,92,473,498,389,448,448,92,92,381,295,288,281,275,268,303,326,302,365,354,300,400,400,400,743,445,400,594,445,298,149,179,113,445,445,92,92,445,445,92,92,92,400,400,400,331,368,364,345,272,92,92,400,287,291,308,303,313,305,400,594,385,472,387,533,533,533,743,445,533,533,445
06/04/2026 20:45:00,110,62,81,443,443,447,447,443,443,399,89,398,89,551,89,464,528,383,447,447,90,90,404,313,286,272,227,232,288,307,285,403,365,333,399,398,399,739,443,399,591,443,296,189,202,144,443,443,89,90,443,443,89,89,90,398,399,398,388,438,383,403,290,90,90,399,357,392,367,339,372,339,398,591,333,381,333,532,532,532,739,443,532,532,443
06/04/2026 20:50:00,104,65,78,445,445,439,439,445,445,393,87,392,87,542,87,448,490,370,439,439,86,86,444,337,320,280,259,252,312,343,310,341,315,280,393,392,394,742,445,393,593,445,296,166,189,126,445,445,87,86,445,445,87,87,86,392,394,392,359,404,389,387,280,86,86,394,339,342,342,281,279,282,392,593,351,381,353,528,529,529,742,445,528,528,445
06/04/2026 20:55:00,111,53,83,436,436,433,433,436,436,387,86,387,85,530,86,430,459,358,433,433,86,86,411,325,325,294,258,259,348,387,348,376,329,310,387,387,386,726,436,387,580,436,290,175,192,133,436,436,85,86,436,436,86,86,86,387,386,387,362,405,366,367,276,86,86,386,309,317,318,316,312,318,387,580,324,361,325,535,534,534,726,436,535,535,436
06/04/2026 21:00:00,126,78,96,438,438,440,440,438,438,385,83,386,83,529,83,419,464,347,440,440,82,82,448,306,288,255,211,218,259,269,258,347,349,286,385,386,385,729,438,385,583,438,292,179,195,137,438,438,83,82,438,438,83,83,82,386,385,386,362,416,360,370,275,82,82,385,341,346,353,300,294,301,386,583,327,358,328,533,533,533,729,438,533,533,438
06/04/2026 21:05:00,112,52,84,436,436,440,440,436,436,386,83,386,83,524,83,432,460,354,440,440,82,82,427,317,302,281,259,253,288,314,288,355,342,292,386,386,385,727,436,386,583,436,291,158,182,119,436,436,83,82,436,436,83,83,82,386,385,386,352,381,364,365,277,82,82,385,327,321,333,303,317,305,386,583,293,321,296,528,529,529,727,436,528,528,436
06/04/2026 21:10:00,116,67,86,441,441,441,441,441,441,392,81,392,81,530,81,416,456,344,441,441,82,82,345,290,288,280,251,249,304,326,302,340,323,280,392,392,392,733,441,392,587,441,294,169,190,128,441,441,81,82,441,441,81,81,82,392,392,392,363,401,387,388,286,82,82,392,324,320,330,297,284,297,392,587,358,411,359,538,537,537,733,441,538,538,441
06/04/2026 21:15:00,112,71,84,445,445,438,438,445,445,394,81,394,81,530,81,473,490,388,438,438,82,82,360,296,303,288,218,229,294,314,292,364,354,300,394,394,394,740,445,394,593,445,296,149,179,113,445,445,81,82,445,445,81,81,82,394,394,394,343,396,399,403,290,82,82,394,324,347,335,297,314,297,394,593,354,379,356,533,533,533,740,445,533,533,445
06/04/2026 21:20:00,106,61,78,441,441,433,433,441,441,389,79,388,78,531,79,437,459,361,433,433,78,78,420,324,323,292,275,271,331,355,330,353,336,292,389,388,389,733,441,389,587,441,294,179,195,134,441,441,78,78,441,441,79,79,78,388,389,388,322,354,349,358,279,78,78,389,303,302,293,288,311,288,388,587,304,322,304,533,533,533,733,441,533,533,441
06/04/2026 21:25:00,102,47,75,433,433,425,425,433,433,380,76,379,77,518,76,416,452,345,425,425,77,77,401,278,255,263,263,262,282,306,280,341,326,280,380,379,379,723,433,380,578,433,289,169,188,128,433,433,77,77,433,433,76,76,77,379,379,379,361,419,385,388,295,77,77,379,373,352,362,284,281,285,379,578,371,383,372,534,534,534,723,433,534,534,433
06/04/2026 21:30:00,112,72,84,432,432,422,422,432,432,377,76,377,76,518,76,399,413,329,422,422,76,76,345,272,262,262,221,226,285,303,284,328,300,271,377,377,376,718,432,377,575,432,288,146,174,110,432,432,76,76,432,432,76,76,76,377,376,377,348,388,346,348,268,76,76,376,284,297,306,291,289,292,377,575,316,350,318,526,526,526,718,432,526,526,432
06/04/2026 21:35:00,89,45,65,429,429,415,415,429,429,370,72,369,73,509,72,437,467,359,415,415,73,73,391,265,236,251,224,233,286,298,284,395,388,326,370,369,370,714,429,370,571,429,286,149,175,113,429,429,73,73,429,429,72,72,73,369,370,369,318,359,362,358,282,73,73,370,280,315,300,251,272,253,369,571,346,350,347,520,520,520,714,429,520,520,429
06/04/2026 21:40:00,98,43,72,429,429,415,415,429,429,366,72,367,71,504,72,398,422,329,415,415,72,72,401,306,296,280,234,236,297,318,294,316,293,260,366,367,366,714,429,366,571,429,286,158,180,119,429,429,71,72,429,429,72,72,72,367,366,367,347,384,340,346,268,72,72,366,316,302,324,261,256,263,367,571,309,352,310,531,530,530,714,429,531,531,429
06/04/2026 21:45:00,106,63,80,425,425,410,410,425,425,364,70,364,70,500,70,380,419,312,410,410,70,70,391,290,270,275,245,247,288,309,286,311,315,257,364,364,365,709,425,364,566,425,283,133,164,99,425,425,70,70,425,425,70,70,70,364,365,364,323,358,340,356,285,70,70,365,276,300,298,264,290,266,364,566,354,385,356,521,521,521,709,425,521,521,425
06/04/2026 21:50:00,97,45,72,417,417,399,399,417,417,357,68,357,67,495,68,391,397,323,399,399,68,68,408,296,278,281,253,251,302,327,300,331,303,272,357,357,357,695,417,357,556,417,279,163,180,123,417,417,67,68,417,417,68,68,68,357,357,357,326,374,330,348,263,68,68,357,327,330,333,264,293,266,357,556,320,380,323,524,523,523,695,417,524,524,417
06/04/2026 21:55:00,101,53,75,408,408,394,394,408,408,348,66,348,66,483,66,386,399,319,394,394,66,66,411,297,280,277,227,232,300,321,299,324,283,266,348,348,348,679,408,348,544,408,272,175,184,133,408,408,66,66,408,408,66,66,66,348,348,348,345,398,354,364,272,66,66,348,332,322,336,300,286,301,348,544,323,356,324,517,518,518,679,408,517,517,408
06/04/2026 22:00:00,101,56,75,396,396,383,383,396,396,340,63,340,62,472,63,378,408,315,383,383,63,63,401,286,265,277,226,233,307,327,306,369,326,302,340,340,339,661,396,340,530,396,264,169,178,128,396,396,62,63,396,396,63,63,63,340,339,340,304,337,320,315,264,63,63,339,318,296,308,223,253,225,340,530,319,360,320,514,514,514,661,396,514,514,396
06/04/2026 22:05:00,95,38,71,392,392,386,386,392,392,340,62,340,62,472,62,391,404,320,386,386,63,63,397,279,262,284,246,248,311,336,309,376,357,310,340,340,339,652,392,340,521,392,260,171,178,131,392,392,62,63,392,392,62,62,63,340,339,340,270,298,274,298,245,63,63,339,272,287,285,261,277,263,340,521,320,350,321,514,514,514,652,392,514,514,392
06/04/2026 22:10:00,102,56,76,394,394,391,391,394,394,340,60,340,62,477,60,399,425,331,391,391,61,61,401,322,325,302,281,275,296,315,294,362,339,299,340,340,339,656,394,340,525,394,262,158,171,119,394,394,62,61,394,394,60,60,61,340,339,340,288,310,319,315,250,61,61,339,290,285,281,277,299,279,340,525,326,345,327,508,508,508,656,394,508,508,394
06/04/2026 22:15:00,89,39,65,400,400,386,386,400,400,336,62,336,62,472,62,380,389,313,386,386,63,63,414,293,274,284,250,251,310,330,309,407,374,336,336,336,336,668,400,336,534,400,267,138,161,104,400,400,62,63,400,400,62,62,63,336,336,336,333,378,349,355,275,63,63,336,314,305,304,288,268,288,336,534,306,365,307,514,514,514,668,400,514,514,400
06/04/2026 22:20:00,86,33,63,387,387,373,373,387,387,327,59,326,59,460,59,372,394,304,373,373,59,59,438,304,271,256,223,226,318,341,317,347,325,286,327,326,325,645,387,327,516,387,258,121,148,90,387,387,59,59,387,387,59,59,59,326,325,326,299,334,346,358,269,59,59,325,297,318,307,293,298,296,326,516,326,368,327,502,502,502,645,387,502,502,387
06/04/2026 22:25:00,93,42,68,380,380,365,365,380,380,316,56,315,56,449,56,340,351,279,365,365,56,56,404,270,246,265,238,241,304,326,302,355,332,292,316,315,315,632,380,316,506,380,253,140,157,105,380,380,56,56,380,380,56,56,56,315,315,315,298,320,310,304,252,56,56,315,316,330,324,346,357,345,315,506,350,406,350,498,497,497,632,380,498,498,380
06/04/2026 22:30:00,101,50,75,375,375,359,359,375,375,304,53,304,55,437,53,346,364,285,359,359,53,53,356,252,244,244,217,220,273,288,271,328,316,270,304,304,304,623,375,304,500,375,250,124,145,92,375,375,55,53,375,375,53,53,53,304,304,304,325,371,356,362,270,53,53,304,373,398,368,288,334,288,304,500,360,426,362,482,482,482,623,375,482,482,375
06/04/2026 22:35:00,86,31,62,366,366,347,347,366,366,297,52,296,53,425,52,326,335,269,347,347,52,52,369,259,240,252,223,227,280,291,278,296,287,244,297,296,296,609,366,297,488,366,243,138,152,104,366,366,53,52,366,366,52,52,52,296,296,296,300,336,321,330,254,52,52,296,352,367,350,356,349,359,296,488,367,380,368,465,465,465,609,366,465,465,366
06/04/2026 22:40:00,86,36,63,359,359,339,339,359,359,292,50,292,50,419,50,399,407,332,339,339,49,49,356,247,243,250,197,207,246,256,245,334,296,275,292,292,292,597,359,292,478,359,239,121,140,90,359,359,50,49,359,359,50,50,49,292,292,292,298,327,335,336,254,49,49,292,367,368,356,333,332,333,292,478,360,374,362,463,463,463,597,359,463,463,359
06/04/2026 22:45:00,93,50,69,357,357,331,331,357,357,283,49,283,48,412,49,322,322,262,331,331,49,49,337,239,231,240,208,212,231,233,228,314,274,257,283,283,282,592,357,283,474,357,237,102,128,74,357,357,48,49,357,357,49,49,49,283,282,283,287,305,299,304,248,49,49,282,342,348,350,310,323,311,283,474,329,351,330,461,461,461,592,357,461,461,357
06/04/2026 22:50:00,86,30,62,338,338,314,314,338,338,269,46,269,46,395,46,304,328,249,314,314,46,46,342,229,220,223,186,193,241,249,240,290,251,237,269,269,269,563,338,269,451,338,226,138,145,104,338,338,46,46,338,338,46,46,46,269,269,269,315,337,317,338,260,46,46,269,359,332,347,314,283,315,269,451,342,340,342,449,449,449,563,338,449,449,338
06/04/2026 22:55:00,81,24,60,325,325,302,302,325,325,260,44,259,45,385,44,336,333,279,302,302,44,44,325,208,197,202,178,186,213,216,210,243,197,201,260,259,258,542,325,260,434,325,217,116,127,85,325,325,45,44,325,325,44,44,44,259,258,259,258,269,265,243,216,44,44,258,283,280,304,291,284,292,259,434,329,341,330,438,438,438,542,325,438,438,325
06/04/2026 23:00:00,87,33,65,313,313,293,293,313,313,248,41,247,41,372,41,305,278,249,293,293,41,41,265,199,206,219,161,176,235,238,233,245,210,202,248,247,248,522,313,248,418,313,209,111,121,81,313,313,41,41,313,313,41,41,41,247,248,247,263,263,263,252,223,41,41,248,299,290,292,275,247,276,247,418,268,279,270,418,418,418,522,313,418,418,313
06/04/2026 23:05:00,91,37,68,297,297,291,291,297,297,241,40,242,41,361,40,311,301,257,291,291,40,40,274,161,146,177,179,185,185,181,183,255,218,209,241,242,243,493,297,241,396,297,197,111,117,81,297,297,41,40,297,297,40,40,40,242,243,242,264,248,262,247,225,40,40,243,283,252,274,264,257,266,242,396,270,301,270,406,406,406,493,297,406,406,297
06/04/2026 23:10:00,110,56,81,290,290,287,287,290,290,241,39,240,39,360,39,311,333,258,287,287,39,39,289,206,206,214,165,178,208,204,206,239,197,196,241,240,239,482,290,241,386,290,193,119,120,87,290,290,39,39,290,290,39,39,39,240,239,240,226,220,230,215,190,39,39,239,290,265,296,232,250,234,240,386,294,306,296,403,404,404,482,290,403,403,290
06/04/2026 23:15:00,83,30,62,290,290,277,277,290,290,234,37,233,37,344,37,307,292,256,277,277,37,37,291,179,166,171,146,156,198,200,195,256,241,210,234,233,234,484,290,234,387,290,194,113,117,83,290,290,37,37,290,290,37,37,37,233,234,233,239,231,224,219,199,37,37,234,272,275,285,261,254,263,233,387,275,257,275,403,402,402,484,290,403,403,290
06/04/2026 23:20:00,76,36,56,283,283,268,268,283,283,223,35,224,34,336,35,302,293,251,268,268,35,35,274,202,204,210,160,172,196,193,195,227,186,186,223,224,222,471,283,223,377,283,188,99,107,72,283,283,34,35,283,283,35,35,35,224,222,224,237,229,209,207,210,35,35,222,231,217,245,241,218,244,224,377,239,234,238,380,379,379,471,283,380,380,283
06/04/2026 23:25:00,86,22,63,270,270,258,258,270,270,214,33,214,33,330,33,290,272,241,258,258,33,33,291,165,149,175,165,173,185,181,183,224,196,184,214,214,214,450,270,214,359,270,180,97,102,69,270,270,33,33,270,270,33,33,33,214,214,214,236,212,209,206,205,33,33,214,220,213,239,199,187,202,214,359,266,252,266,366,367,367,450,270,366,366,270
06/04/2026 23:30:00,76,28,56,261,261,250,250,261,261,207,30,206,31,319,30,225,194,186,250,250,30,30,231,144,153,180,150,160,151,138,150,226,191,184,207,206,207,435,261,207,348,261,174,99,101,72,261,261,31,30,261,261,30,30,30,206,207,206,205,175,206,186,191,30,30,207,227,182,233,226,189,228,206,348,241,228,241,346,345,345,435,261,346,346,261
06/04/2026 23:35:00,80,25,60,251,251,246,246,251,251,202,30,201,29,305,30,267,232,221,246,246,29,29,226,126,109,139,131,141,166,156,164,200,155,164,202,201,203,418,251,202,334,251,167,103,102,77,251,251,29,29,251,251,30,30,29,201,203,201,217,193,213,202,192,29,29,203,264,213,256,216,197,218,201,334,258,259,259,343,343,343,418,251,343,343,251
06/04/2026 23:40:00,72,16,53,246,246,241,241,246,246,198,30,197,29,302,30,303,286,249,241,241,29,29,265,162,152,176,146,157,167,159,164,199,154,163,198,197,198,410,246,198,328,246,164,90,92,66,246,246,29,29,246,246,30,30,29,197,198,197,217,205,228,192,190,29,29,198,208,210,231,229,205,231,197,328,233,242,233,338,339,339,410,246,338,338,246
06/04/2026 23:45:00,80,27,60,241,241,233,233,241,241,190,27,191,27,295,27,254,221,210,233,233,27,27,240,150,150,167,141,151,168,165,167,214,158,174,190,191,190,402,241,190,321,241,161,90,91,66,241,241,27,27,241,241,27,27,27,191,190,191,209,191,191,189,189,27,27,190,197,208,224,226,193,228,191,321,247,237,247,323,324,324,402,241,323,323,241
06/04/2026 23:50:00,76,21,57,231,231,224,224,231,231,182,26,182,25,278,26,279,238,228,224,224,25,25,271,138,116,152,150,159,154,143,151,186,136,152,182,182,182,385,231,182,309,231,154,102,94,74,231,231,25,25,231,231,26,26,25,182,182,182,223,200,220,209,197,25,25,182,193,196,218,203,182,206,182,309,231,208,231,304,304,304,385,231,304,304,231
06/04/2026 23:55:00,69,15,50,218,218,215,215,218,218,172,23,172,24,266,23,235,208,194,215,215,23,23,240,123,120,140,122,137,146,135,143,179,131,146,172,172,172,361,218,172,288,218,144,99,90,72,218,218,24,23,218,218,23,23,23,172,172,172,217,189,191,172,178,23,23,172,178,165,204,185,156,188,172,288,204,189,207,292,292,292,361,218,292,292,218
