timestamp,777204,777212,777223,777233,777243,772689,772980,777253,777262,774411,774444,717962,717966,774373,717968,761734,718488,717770,718102,718492,717977,717660,768984,718151,717983,774359,717992,717995,776266,718147,776290,718320,776493,776203,763468,718014,768978,776221,776228,718016,776242,776196,776188,777203,777213,777224,777232,777245,772701,772711,777254,777263,774389,774445,717960,717963,774372,716847,717970,761851,717975,717972,761761,718493,717978,716857,717980,761776,774358,717986,717989,776295,718002,776289,718008,718012,776208,716891,718321,716875,776215,776253,718017,718018,776197
06/03/2026 00:00:00,110,46,81,178,178,174,174,178,178,145,20,145,20,219,20,239,197,196,174,174,19,19,238,149,149,177,145,160,146,115,144,168,124,136,145,145,145,298,178,145,238,178,119,138,102,104,178,178,20,19,178,178,20,20,19,145,145,145,209,181,192,178,175,19,19,145,162,130,185,154,123,157,145,238,166,138,167,225,224,224,298,178,225,225,178
06/03/2026 00:05:00,106,50,79,171,171,174,174,171,171,142,18,142,18,214,18,225,183,189,174,174,18,18,220,142,145,164,138,149,172,147,170,190,144,155,142,142,141,285,171,142,228,171,114,119,88,87,171,171,18,18,171,171,18,18,18,142,141,142,208,182,187,172,182,18,18,141,116,103,144,119,107,122,142,228,169,137,169,224,224,224,285,171,224,224,171
06/03/2026 00:10:00,101,38,74,169,169,172,172,169,169,141,18,141,18,209,18,274,244,223,172,172,18,18,254,148,137,166,136,147,161,143,159,219,160,180,141,141,141,281,169,141,224,169,112,119,88,87,169,169,18,18,169,169,18,18,18,141,141,141,199,164,206,179,193,18,18,141,133,121,166,164,108,166,141,224,136,90,137,218,218,218,281,169,218,218,169
06/03/2026 00:15:00,101,47,75,165,165,168,168,165,165,136,16,135,16,202,16,245,198,201,168,168,16,16,238,140,140,171,135,149,140,111,138,189,137,154,136,135,136,275,165,136,220,165,110,144,102,108,165,165,16,16,165,165,16,16,16,135,136,135,227,187,186,167,173,16,16,136,90,80,123,119,77,122,135,220,165,120,165,211,210,210,275,165,211,211,165
06/03/2026 00:20:00,97,41,71,158,158,160,160,158,158,130,15,130,15,193,15,244,205,199,160,160,15,15,203,133,137,166,137,151,132,100,129,207,145,170,130,130,131,262,158,130,209,158,104,133,93,99,158,158,15,15,158,158,15,15,15,130,131,130,203,156,184,139,162,15,15,131,118,88,142,134,94,139,130,209,160,118,160,199,199,199,262,158,199,199,158
06/03/2026 00:25:00,93,33,69,151,151,153,153,151,151,124,14,124,14,184,14,214,166,177,153,153,14,14,240,145,146,175,152,160,157,131,155,186,118,153,124,124,123,253,151,124,201,151,101,102,73,74,151,151,14,14,151,151,14,14,14,124,123,124,211,167,184,160,164,14,14,123,110,102,136,138,103,140,124,201,145,100,145,185,186,186,253,151,185,185,151
06/03/2026 00:30:00,85,28,63,148,148,146,146,148,148,118,13,119,14,176,13,232,192,191,146,146,13,13,247,133,129,154,121,136,136,106,133,185,128,152,118,119,117,247,148,118,197,148,99,113,79,83,148,148,14,13,148,148,13,13,13,119,117,119,205,167,167,148,166,13,13,117,107,86,136,119,83,122,119,197,158,117,159,172,172,172,247,148,172,172,148
06/03/2026 00:35:00,106,41,79,141,141,140,140,141,141,116,13,115,14,169,13,207,145,168,140,140,13,13,220,121,115,151,131,147,159,127,156,181,131,150,116,115,115,236,141,116,187,141,95,113,77,83,141,141,14,13,141,141,13,13,13,115,115,115,193,152,147,129,151,13,13,115,98,87,126,134,89,139,115,187,164,123,164,170,171,171,236,141,170,170,141
06/03/2026 00:40:00,116,55,87,139,139,142,142,139,139,112,12,112,13,163,12,210,155,176,142,142,13,13,187,100,104,144,133,143,127,100,125,184,133,149,112,112,112,231,139,112,186,139,93,116,78,85,139,139,13,13,139,139,12,12,13,112,112,112,212,172,188,163,173,13,13,112,143,106,168,161,104,164,112,186,152,129,151,165,164,164,231,139,165,165,139
06/03/2026 00:45:00,102,41,77,136,136,138,138,136,136,109,11,109,10,159,11,225,170,182,138,138,10,10,231,125,126,137,105,121,113,84,111,161,96,131,109,109,108,227,136,109,182,136,91,130,86,97,136,136,10,10,136,136,11,11,10,109,108,109,200,165,164,161,161,10,10,108,107,99,132,138,96,140,109,182,140,110,142,153,153,153,227,136,153,153,136
06/03/2026 00:50:00,102,46,76,129,129,130,130,129,129,105,10,105,9,150,10,207,156,172,130,130,10,10,206,109,112,147,129,144,129,103,127,187,131,153,105,105,104,214,129,105,172,129,86,124,80,92,129,129,9,10,129,129,10,10,10,105,104,105,212,174,154,148,166,10,10,104,104,88,136,144,95,147,105,172,134,90,137,145,145,145,214,129,145,145,129
06/03/2026 00:55:00,93,36,68,121,121,123,123,121,121,98,10,98,9,146,10,199,143,167,123,123,10,10,197,87,87,121,90,111,118,92,115,159,93,128,98,98,98,203,121,98,161,121,80,126,80,95,121,121,9,10,121,121,10,10,10,98,98,98,180,129,143,119,150,10,10,98,114,86,140,134,83,138,98,161,128,76,127,139,140,140,203,121,139,139,121
06/03/2026 01:00:00,81,28,60,116,116,119,119,116,116,95,9,95,9,137,9,204,137,169,119,119,9,9,197,100,102,131,92,109,106,79,103,148,79,125,95,95,95,191,116,95,154,116,76,133,82,99,116,116,9,9,116,116,9,9,9,95,95,95,189,148,160,144,161,9,9,95,113,85,140,122,85,126,95,154,134,87,137,135,135,135,191,116,135,135,116
06/03/2026 01:05:00,90,36,66,114,114,115,115,114,114,92,9,92,9,137,9,204,148,169,115,115,9,9,220,98,94,129,109,125,127,104,125,162,99,133,92,92,92,191,114,92,152,114,76,124,76,92,114,114,9,9,114,114,9,9,9,92,92,92,181,146,164,136,160,9,9,92,95,74,120,96,60,100,92,152,143,93,143,132,131,131,191,114,132,132,114
06/03/2026 01:10:00,80,28,60,112,112,115,115,112,112,90,7,90,9,136,7,220,164,178,115,115,8,8,193,89,85,117,88,108,112,94,109,162,97,133,90,90,90,187,112,90,149,112,74,102,63,74,112,112,9,8,112,112,7,7,8,90,90,90,208,159,162,131,168,8,8,90,102,84,116,116,73,118,90,149,109,53,108,125,125,125,187,112,125,125,112
06/03/2026 01:15:00,89,31,65,108,108,111,111,108,108,88,7,88,9,130,7,202,152,167,111,111,8,8,188,115,122,155,129,143,134,104,132,173,113,143,88,88,87,179,108,88,142,108,72,119,72,87,108,108,9,8,108,108,7,7,8,88,87,88,175,137,155,132,162,8,8,87,80,59,115,123,60,125,88,142,121,68,123,120,119,119,179,108,120,120,108
06/03/2026 01:20:00,94,38,71,105,105,109,109,105,105,86,7,86,7,126,7,189,135,159,109,109,7,7,214,103,100,138,118,135,134,113,133,173,101,142,86,86,85,174,105,86,139,105,70,124,74,92,105,105,7,7,105,105,7,7,7,86,85,86,170,117,150,100,149,7,7,85,99,57,105,114,52,115,86,139,112,60,111,116,115,115,174,105,116,116,105
06/03/2026 01:25:00,78,18,57,103,103,106,106,103,103,82,7,82,7,122,7,175,114,145,106,106,7,7,197,95,96,124,91,111,128,104,125,175,104,143,82,82,81,173,103,82,138,103,69,126,75,95,103,103,7,7,103,103,7,7,7,82,81,82,188,132,160,104,149,7,7,81,85,56,113,111,51,114,82,138,111,52,111,112,112,112,173,103,112,112,103
06/03/2026 01:30:00,80,21,59,102,102,105,105,102,102,81,7,82,7,118,7,185,132,154,105,105,7,7,203,94,93,138,119,133,120,90,118,158,93,129,81,82,81,169,102,81,135,102,68,113,67,83,102,102,7,7,102,102,7,7,7,82,81,82,169,111,113,102,146,7,7,81,80,54,115,112,61,117,82,135,131,83,131,109,109,109,169,102,109,109,102
06/03/2026 01:35:00,83,30,62,101,101,105,105,101,101,80,7,80,5,118,7,188,130,159,105,105,6,6,199,97,94,128,112,125,113,87,111,167,108,137,80,80,80,167,101,80,134,101,67,111,65,81,101,101,5,6,101,101,7,7,6,80,80,80,168,117,143,101,147,6,6,80,56,37,87,99,62,101,80,134,138,91,137,109,109,109,167,101,109,109,101
06/03/2026 01:40:00,81,33,60,99,99,101,101,99,99,80,7,80,5,115,7,203,131,171,101,101,6,6,210,108,103,124,103,117,108,88,106,152,80,125,80,80,80,164,99,80,132,99,66,130,76,97,99,99,5,6,99,99,7,7,6,80,80,80,165,120,146,98,145,6,6,80,104,102,132,102,81,106,80,132,137,83,136,109,109,109,164,99,109,109,99
06/03/2026 01:45:00,101,40,75,97,97,100,100,97,97,79,7,78,5,112,7,210,153,175,100,100,6,6,215,102,102,100,75,93,129,104,128,152,92,122,79,78,78,161,97,79,129,97,65,113,66,83,97,97,5,6,97,97,7,7,6,78,78,78,190,160,149,143,168,6,6,78,90,74,125,107,66,110,78,129,126,83,128,102,104,104,161,97,102,102,97
06/03/2026 01:50:00,78,22,57,93,93,96,96,93,93,76,5,76,5,109,5,168,103,140,96,96,5,5,193,86,86,125,109,129,135,106,133,152,82,124,76,76,76,157,93,76,125,93,63,126,73,95,93,93,5,5,93,93,5,5,5,76,76,76,168,110,141,101,149,5,5,76,88,63,116,106,57,109,76,125,134,86,134,98,98,98,157,93,98,98,93
06/03/2026 01:55:00,80,25,59,90,90,92,92,90,90,72,5,73,5,105,5,169,104,145,92,92,5,5,159,72,80,116,97,112,95,66,94,177,120,142,72,73,73,150,90,72,119,90,60,121,69,90,90,90,5,5,90,90,5,5,5,73,73,73,171,111,127,94,141,5,5,73,91,68,122,116,74,118,73,119,123,80,122,93,92,92,150,90,93,93,90
06/03/2026 02:00:00,89,35,65,86,86,92,92,86,86,72,5,72,5,99,5,183,124,151,92,92,5,5,165,92,107,134,90,111,117,96,115,134,63,111,72,72,71,144,86,72,115,86,57,111,61,81,86,86,5,5,86,86,5,5,5,72,71,72,190,136,175,122,159,5,5,71,89,59,113,91,47,94,72,115,133,75,133,89,90,90,144,86,89,89,86
06/03/2026 02:05:00,83,29,61,90,90,92,92,90,90,72,5,72,5,100,5,182,121,155,92,92,5,5,159,72,76,112,87,108,112,88,111,155,88,126,72,72,71,150,90,72,119,90,60,103,59,77,90,90,5,5,90,90,5,5,5,72,71,72,170,117,146,94,141,5,5,71,86,57,113,113,69,118,72,119,123,74,125,95,95,95,150,90,95,95,90
06/03/2026 02:10:00,90,32,67,93,93,96,96,93,93,72,5,73,5,105,5,188,126,157,96,96,5,5,206,86,75,112,97,115,106,88,103,158,94,128,72,73,73,155,93,72,124,93,62,107,61,79,93,93,5,5,93,93,5,5,5,73,73,73,188,141,133,129,149,5,5,73,100,84,128,128,77,132,73,124,140,86,140,100,100,100,155,93,100,100,93
06/03/2026 02:15:00,93,42,69,93,93,98,98,93,93,74,5,73,5,103,5,188,123,157,98,98,5,5,187,81,80,108,86,102,97,72,94,159,86,131,74,73,74,155,93,74,124,93,62,103,60,77,93,93,5,5,93,93,5,5,5,73,74,73,169,124,160,124,155,5,5,74,87,67,111,94,57,97,73,124,128,76,130,95,96,96,155,93,95,95,93
06/03/2026 02:20:00,89,39,65,89,89,92,92,89,89,72,5,73,5,102,5,189,124,156,92,92,5,5,179,83,84,121,109,123,117,97,115,159,88,130,72,73,73,149,89,72,119,89,59,156,88,116,89,89,5,5,89,89,5,5,5,73,73,73,175,118,161,109,150,5,5,73,82,62,111,102,62,106,73,119,121,71,121,92,92,92,149,89,92,92,89
06/03/2026 02:25:00,84,31,63,88,88,91,91,88,88,72,5,72,5,100,5,178,116,147,91,91,5,5,187,93,93,125,106,119,103,75,100,157,80,131,72,72,71,146,88,72,118,88,59,124,69,92,88,88,5,5,88,88,5,5,5,72,71,72,158,102,117,91,137,5,5,71,87,48,108,103,47,105,72,118,114,62,117,93,92,92,146,88,93,93,88
06/03/2026 02:30:00,79,34,58,86,86,95,95,86,86,72,5,72,5,100,5,175,111,149,95,95,5,5,171,95,104,135,108,125,136,107,133,164,92,135,72,72,71,141,86,72,113,86,57,119,66,87,86,86,5,5,86,86,5,5,5,72,71,72,152,100,135,94,137,5,5,71,69,51,99,96,54,100,72,113,112,62,112,88,88,88,141,86,88,88,86
06/03/2026 02:35:00,83,26,60,87,87,98,98,87,87,72,5,72,5,98,5,197,138,165,98,98,5,5,179,85,91,116,96,111,118,93,116,146,87,118,72,72,71,145,87,72,115,87,58,116,64,85,87,87,5,5,87,87,5,5,5,72,71,72,186,143,146,132,160,5,5,71,102,72,132,110,71,114,72,115,121,76,122,90,90,90,145,87,90,90,87
06/03/2026 02:40:00,83,35,62,91,91,104,104,91,91,74,5,73,5,99,5,188,135,159,104,104,5,5,206,108,99,120,101,116,120,89,117,163,102,134,74,73,74,152,91,74,122,91,61,121,69,90,91,91,5,5,91,91,5,5,5,73,74,73,177,130,147,120,164,5,5,74,95,72,126,99,64,103,73,122,138,92,137,95,95,95,152,91,95,95,91
06/03/2026 02:45:00,89,37,65,88,88,100,100,88,88,74,5,73,5,97,5,176,121,146,100,100,5,5,193,99,106,136,108,125,133,109,130,161,107,131,74,73,74,146,88,74,118,88,59,111,61,81,88,88,5,5,88,88,5,5,5,73,74,73,175,126,154,103,153,5,5,74,87,67,118,138,86,140,73,118,133,87,133,91,91,91,146,88,91,91,88
06/03/2026 02:50:00,93,40,68,83,83,95,95,83,83,72,5,72,5,95,5,198,136,168,95,95,5,5,176,81,77,109,84,102,104,75,102,150,84,124,72,72,71,139,83,72,111,83,55,138,77,104,83,83,5,5,83,83,5,5,5,72,71,72,185,138,153,134,160,5,5,71,113,92,140,122,85,126,72,111,146,105,148,86,86,86,139,83,86,86,83
06/03/2026 02:55:00,101,47,75,79,79,90,90,79,79,69,5,68,5,92,5,184,112,153,90,90,5,5,199,91,89,124,105,121,110,78,108,156,88,129,69,68,70,132,79,69,105,79,53,119,64,87,79,79,5,5,79,79,5,5,5,68,70,68,203,157,155,122,155,5,5,70,94,65,125,109,61,113,68,105,133,85,134,79,79,79,132,79,79,79,79
06/03/2026 03:00:00,120,62,90,77,77,90,90,77,77,67,5,67,5,89,5,179,116,149,90,90,5,5,187,88,87,123,97,117,120,98,119,161,89,134,67,67,67,128,77,67,104,77,51,126,69,95,77,77,5,5,77,77,5,5,5,67,67,67,181,133,134,112,143,5,5,67,84,68,117,106,65,109,67,104,120,71,120,76,76,76,128,77,76,76,77
06/03/2026 03:05:00,111,57,83,79,79,91,91,79,79,68,5,68,5,89,5,172,116,143,91,91,5,5,183,87,88,119,88,108,108,75,106,151,89,123,68,68,67,131,79,68,105,79,53,111,59,81,79,79,5,5,79,79,5,5,5,68,67,68,170,123,141,120,147,5,5,67,89,63,118,116,74,118,68,105,135,96,136,76,77,77,131,79,76,76,79
06/03/2026 03:10:00,79,30,58,79,79,90,90,79,79,72,7,72,5,91,7,182,123,151,90,90,6,6,193,83,82,105,86,102,107,84,105,145,96,120,72,72,71,132,79,72,105,79,53,102,54,74,79,79,5,6,79,79,7,7,6,72,71,72,196,156,146,126,158,6,6,71,106,90,136,109,71,113,72,105,123,74,123,79,78,78,132,79,79,79,79
06/03/2026 03:15:00,67,13,50,86,86,95,95,86,86,76,7,77,5,95,7,219,160,179,95,95,6,6,203,110,109,132,105,119,128,113,125,168,99,137,76,77,77,144,86,76,115,86,57,102,56,74,86,86,5,6,86,86,7,7,6,77,77,77,185,143,159,132,158,6,6,77,94,66,126,125,73,128,77,115,126,84,125,83,82,82,144,86,83,83,86
06/03/2026 03:20:00,94,35,70,90,90,98,98,90,90,80,7,80,7,97,7,186,123,157,98,98,7,7,215,104,99,140,108,129,141,111,138,175,117,143,80,80,80,150,90,80,119,90,60,116,65,85,90,90,7,7,90,90,7,7,7,80,80,80,196,163,205,163,181,7,7,80,101,78,128,100,68,104,80,119,130,100,132,86,86,86,150,90,86,86,90
06/03/2026 03:25:00,83,24,62,95,95,98,98,95,95,83,7,82,9,99,7,176,128,146,98,98,8,8,197,106,108,143,129,144,142,112,140,177,120,145,83,82,83,158,95,83,126,95,63,97,55,69,95,95,9,8,95,95,7,7,8,82,83,82,210,176,175,146,170,8,8,83,97,91,131,110,69,114,82,126,141,91,141,86,86,86,158,95,86,86,95
06/03/2026 03:30:00,74,22,54,101,101,104,104,101,101,88,7,88,9,105,7,197,143,164,104,104,8,8,214,111,107,132,83,104,145,111,143,169,125,138,88,88,87,167,101,88,134,101,67,113,67,83,101,101,9,8,101,101,7,7,8,88,87,88,205,175,180,163,173,8,8,87,114,104,141,134,100,139,88,134,136,83,136,92,92,92,167,101,92,92,101
06/03/2026 03:35:00,74,21,54,106,106,109,109,106,106,95,9,95,9,111,9,201,145,167,109,109,9,9,238,131,127,161,139,153,160,135,159,170,123,138,95,95,95,178,106,95,142,106,71,116,69,85,106,106,9,9,106,106,9,9,9,95,95,95,256,223,227,207,200,9,9,95,134,103,161,112,88,117,95,142,160,109,160,95,95,95,178,106,95,95,106
06/03/2026 03:40:00,81,23,60,112,112,115,115,112,112,100,10,100,9,116,10,206,169,172,115,115,10,10,210,124,122,151,124,142,193,153,192,172,134,138,100,100,100,187,112,100,149,112,74,113,70,83,112,112,9,10,112,112,10,10,10,100,100,100,235,219,248,214,194,10,10,100,148,145,180,151,120,154,100,149,156,126,152,105,105,105,187,112,105,105,112
06/03/2026 03:45:00,79,26,58,118,118,119,119,118,118,105,11,105,10,121,11,232,182,190,119,119,10,10,262,173,168,188,159,170,194,169,192,207,170,168,105,105,104,196,118,105,156,118,78,126,79,95,118,118,10,10,118,118,11,11,10,105,104,105,256,249,263,232,213,10,10,104,123,113,151,144,122,147,105,156,190,160,190,109,109,109,196,118,109,109,118
06/03/2026 03:50:00,74,21,54,113,113,115,115,113,113,105,12,105,13,118,12,204,164,169,115,115,13,13,257,155,148,156,128,142,163,134,160,205,157,168,105,105,104,188,113,105,151,113,76,130,80,97,113,113,13,13,113,113,12,12,13,105,104,105,250,236,218,202,202,13,13,104,153,139,174,147,124,151,105,151,175,167,174,109,109,109,188,113,109,109,113
06/03/2026 03:55:00,79,25,58,112,112,111,111,112,112,102,12,101,13,116,12,174,123,145,111,111,13,13,197,109,110,143,115,133,166,143,164,188,153,152,102,101,101,187,112,102,149,112,74,130,80,97,112,112,13,13,112,112,12,12,13,101,101,101,235,224,191,173,189,13,13,101,121,114,147,134,89,139,101,149,149,127,151,109,109,109,187,112,109,109,112
06/03/2026 04:00:00,81,30,60,112,112,115,115,112,112,102,13,101,14,113,13,214,158,176,115,115,13,13,234,126,114,142,124,139,135,115,133,202,151,166,102,101,103,187,112,102,149,112,74,124,76,92,112,112,14,13,112,112,13,13,13,101,103,101,209,190,194,172,192,13,13,103,103,113,147,144,106,147,101,149,156,125,152,109,109,109,187,112,109,109,112
06/03/2026 04:05:00,79,23,57,120,120,124,124,120,120,109,15,109,15,123,15,203,151,169,124,124,15,15,274,141,117,144,124,140,169,136,167,204,158,167,109,109,110,200,120,109,160,120,80,126,80,95,120,120,15,15,120,120,15,15,15,109,110,109,226,199,187,182,181,15,15,110,122,125,140,147,108,151,109,160,178,134,177,116,115,115,200,120,116,116,120
06/03/2026 04:10:00,83,26,62,133,133,138,138,133,133,123,18,123,18,136,18,214,172,178,138,138,18,18,271,150,134,164,128,143,177,156,175,201,171,163,123,123,123,222,133,123,178,133,89,124,81,92,133,133,18,18,133,133,18,18,18,123,123,123,238,212,231,195,193,18,18,123,154,132,174,161,132,164,123,178,172,142,173,125,126,126,222,133,125,125,133
06/03/2026 04:15:00,83,31,62,148,148,153,153,148,148,137,21,138,21,147,21,222,188,183,153,153,21,21,257,154,149,160,144,156,206,183,204,233,193,190,137,138,136,247,148,137,197,148,99,135,92,101,148,148,21,21,148,148,21,21,21,138,136,138,233,235,249,224,207,21,21,136,190,171,213,151,136,154,138,197,155,118,156,144,145,145,247,148,144,144,148
06/03/2026 04:20:00,87,32,65,158,158,161,161,158,158,152,26,152,26,163,26,226,194,187,161,161,26,26,271,164,151,164,131,149,189,166,188,210,188,171,152,152,152,265,158,152,211,158,106,152,105,115,158,158,26,26,158,158,26,26,26,152,152,152,265,270,280,257,235,26,26,152,172,171,199,165,159,168,152,211,194,191,194,158,158,158,265,158,158,158,158
06/03/2026 04:25:00,79,29,58,178,178,183,183,178,178,166,30,165,29,182,30,258,232,215,183,183,29,29,345,211,190,198,160,172,227,203,226,209,192,171,166,165,166,298,178,166,238,178,119,130,97,97,178,178,29,29,178,178,30,30,29,165,166,165,284,308,288,265,234,29,29,166,159,186,201,174,156,176,165,238,185,190,184,170,171,171,298,178,170,170,178
06/03/2026 04:30:00,87,35,64,188,188,195,195,188,188,184,33,183,33,193,33,264,244,216,195,195,33,33,353,199,169,174,163,173,267,244,266,252,251,206,184,183,183,315,188,184,251,188,126,163,119,123,188,188,33,33,188,188,33,33,33,183,183,183,279,284,262,229,204,33,33,183,220,196,215,193,175,196,183,251,181,159,184,188,187,187,315,188,188,188,188
06/03/2026 04:35:00,89,34,65,214,214,220,220,214,214,202,37,201,37,208,37,292,280,241,220,220,37,37,316,224,211,220,171,185,304,280,302,281,271,232,202,201,203,356,214,202,283,214,142,116,98,85,214,214,37,37,214,214,37,37,37,201,203,201,371,410,358,328,246,37,37,203,197,225,222,199,197,202,201,283,235,237,236,201,201,201,356,214,201,201,214
06/03/2026 04:40:00,90,33,68,230,230,238,238,230,230,221,43,221,42,228,43,286,283,234,238,238,43,43,369,253,223,216,179,190,295,261,294,319,300,261,221,221,221,385,230,221,306,230,154,133,112,99,230,230,42,43,230,230,43,43,43,221,221,221,342,385,340,326,255,43,43,221,220,252,240,232,244,234,221,306,219,223,219,221,221,221,385,230,221,221,230
06/03/2026 04:45:00,86,28,63,237,237,244,244,237,237,232,46,232,46,234,46,296,312,242,244,244,47,47,427,294,249,237,210,218,338,308,337,317,314,262,232,232,231,394,237,232,315,237,157,124,109,92,237,237,46,47,237,237,46,46,47,232,231,232,393,445,424,416,288,47,47,231,254,285,270,245,247,247,232,315,256,277,258,234,235,235,394,237,234,234,237
06/03/2026 04:50:00,97,41,72,234,234,241,241,234,234,230,50,230,50,243,50,318,325,261,241,241,49,49,419,299,268,253,209,221,339,316,337,310,325,255,230,230,229,390,234,230,313,234,156,146,121,110,234,234,50,49,234,234,50,50,49,230,229,230,393,481,387,401,286,49,49,229,254,281,270,232,247,234,230,313,281,297,282,232,232,232,390,234,232,232,234
06/03/2026 04:55:00,87,34,65,230,230,238,238,230,230,227,51,227,50,231,51,270,274,221,238,238,51,51,420,273,229,223,189,198,290,260,288,295,303,243,227,227,227,385,230,227,306,230,154,135,114,101,230,230,50,51,230,230,51,51,51,227,227,227,363,425,397,376,278,51,51,227,223,272,246,189,228,192,227,306,244,267,245,234,233,233,385,230,234,234,230
06/03/2026 05:00:00,87,30,65,237,237,245,245,237,237,228,53,228,55,238,53,302,300,245,245,245,53,53,381,248,221,218,182,194,327,307,325,291,292,241,228,228,228,394,237,228,316,237,158,149,124,113,237,237,55,53,237,237,53,53,53,228,228,228,351,383,358,350,259,53,53,228,235,248,259,216,218,218,228,316,228,221,228,237,238,238,394,237,237,237,237
06/03/2026 05:05:00,90,33,66,264,264,273,273,264,264,251,62,250,62,255,62,326,327,271,273,273,63,63,356,261,241,229,175,188,323,305,321,316,297,260,251,250,252,439,264,251,350,264,175,156,134,116,264,264,62,63,264,264,62,62,63,250,252,250,382,392,372,352,275,63,63,252,242,252,259,202,241,205,250,350,249,310,250,257,257,257,439,264,257,257,264
06/03/2026 05:10:00,106,52,79,293,293,302,302,293,293,281,70,281,70,283,70,342,341,280,302,302,70,70,431,276,236,237,189,203,365,346,363,367,370,302,281,281,281,487,293,281,389,293,195,158,144,119,293,293,70,70,293,293,70,70,70,281,281,281,393,448,425,423,306,70,70,281,329,356,347,300,346,301,281,389,267,318,267,287,287,287,487,293,287,287,293
06/03/2026 05:15:00,95,50,71,324,324,336,336,324,324,320,82,319,81,319,82,368,398,305,336,336,82,82,431,328,286,262,249,255,369,346,366,360,366,295,320,319,320,541,324,320,432,324,216,133,137,99,324,324,81,82,324,324,82,82,82,319,320,319,437,507,509,492,335,82,82,320,325,370,343,251,322,253,319,432,272,351,272,329,329,329,541,324,329,329,324
06/03/2026 05:20:00,101,46,75,350,350,362,362,350,350,348,91,348,91,351,91,351,398,287,362,362,91,91,494,363,308,267,221,231,412,390,411,417,431,344,348,348,348,583,350,348,468,350,233,152,156,115,350,350,91,91,350,350,91,91,91,348,348,348,500,562,470,497,329,91,91,348,324,380,330,284,364,285,348,468,306,392,307,359,359,359,583,350,359,359,350
06/03/2026 05:25:00,124,69,93,384,384,396,396,384,384,378,99,378,100,374,99,389,461,320,396,396,100,100,526,408,349,302,315,313,464,450,463,428,433,354,378,378,379,639,384,378,511,384,256,160,170,122,384,384,100,100,384,384,99,99,100,378,379,378,487,599,549,576,365,100,100,379,387,469,384,342,408,342,378,511,327,438,328,394,394,394,639,384,394,394,384
06/03/2026 05:30:00,110,52,81,410,410,422,422,410,410,403,105,404,104,414,105,384,467,315,422,422,105,105,580,467,409,349,316,310,516,511,515,469,484,387,403,404,403,682,410,403,546,410,273,158,175,119,410,410,104,105,410,410,105,105,105,404,403,404,583,727,627,659,397,105,105,403,415,515,413,319,424,320,404,546,323,418,324,422,422,422,682,410,422,422,410
06/03/2026 05:35:00,112,59,84,441,441,443,443,441,441,429,109,429,109,444,109,372,459,305,443,443,109,109,580,472,409,343,381,373,571,563,572,466,500,384,429,429,428,735,441,429,589,441,294,169,190,128,441,441,109,109,441,441,109,109,109,429,428,429,604,769,668,711,424,109,109,428,365,482,374,316,442,318,429,589,342,434,342,456,455,455,735,441,456,456,441
06/03/2026 05:40:00,120,69,89,461,461,469,469,461,461,452,113,452,112,476,113,414,516,342,469,469,113,113,680,561,481,390,358,353,571,558,570,563,580,464,452,452,452,769,461,452,614,461,307,200,213,152,461,461,112,113,461,461,113,113,113,452,452,452,585,764,630,715,413,113,113,452,370,527,378,346,471,345,452,614,383,502,386,472,472,472,769,461,472,472,461
06/03/2026 05:45:00,146,99,111,475,475,476,476,475,475,459,113,459,112,488,113,414,519,342,476,476,113,113,616,526,473,423,437,415,636,626,637,522,511,431,459,459,457,792,475,459,633,475,317,194,213,149,475,475,112,113,475,475,113,113,113,459,457,459,630,774,684,726,427,113,113,457,419,563,417,333,461,333,459,633,380,478,382,491,492,492,792,475,491,491,475
06/03/2026 05:50:00,120,62,89,471,471,464,464,471,471,454,113,455,112,482,113,390,484,319,464,464,113,113,595,500,476,405,430,405,581,593,581,541,554,446,454,455,455,785,471,454,627,471,313,206,219,158,471,471,112,113,471,471,113,113,113,455,455,455,611,748,616,688,414,113,113,455,357,444,359,333,407,333,455,627,347,419,350,486,486,486,785,471,486,486,471
06/03/2026 05:55:00,150,100,113,456,456,455,455,456,456,439,112,439,112,472,112,412,486,339,455,455,112,112,563,458,440,404,403,387,607,607,606,551,573,455,439,439,440,762,456,439,609,456,304,169,194,128,456,456,112,112,456,456,112,112,112,439,440,439,535,666,551,602,385,112,112,440,332,405,336,314,382,315,439,609,375,466,378,471,470,470,762,456,471,471,456
06/03/2026 06:00:00,135,83,102,452,452,464,464,452,452,445,112,445,112,482,112,362,453,301,464,464,112,112,520,447,432,390,408,386,508,506,507,509,542,419,445,445,446,754,452,445,602,452,302,194,207,149,452,452,112,112,452,452,112,112,112,445,446,445,514,626,524,568,369,112,112,446,342,426,350,293,372,296,445,602,302,403,304,467,468,468,754,452,467,467,452
06/03/2026 06:05:00,142,82,107,459,459,474,474,459,459,456,113,455,112,500,113,355,435,294,474,474,113,113,605,490,436,383,381,363,494,513,491,531,569,437,456,455,456,764,459,456,612,459,306,179,201,137,459,459,112,113,459,459,113,113,113,455,456,455,456,604,553,576,371,113,113,456,388,409,392,339,385,339,455,612,354,435,356,472,472,472,764,459,472,472,459
06/03/2026 06:10:00,139,82,104,481,481,486,486,481,481,471,116,470,115,531,116,437,516,361,486,486,115,115,544,445,415,391,415,390,555,552,556,509,584,419,471,470,471,801,481,471,642,481,321,185,210,141,481,481,115,115,481,481,116,116,115,470,471,470,503,642,545,580,374,115,115,471,388,440,392,329,408,330,470,642,314,411,315,497,497,497,801,481,497,497,481
06/03/2026 06:15:00,139,83,104,494,494,503,503,494,494,479,116,478,117,556,116,432,567,355,503,503,116,116,522,434,407,385,413,389,524,526,521,540,558,447,479,478,479,825,494,479,660,494,330,219,233,169,494,494,117,116,494,494,116,116,116,478,479,478,531,670,632,655,405,116,116,479,348,458,360,326,423,327,478,660,355,471,356,511,511,511,825,494,511,511,494
06/03/2026 06:20:00,139,88,104,504,504,507,507,504,504,482,118,482,117,572,118,400,504,327,507,507,119,119,510,450,446,398,407,387,628,626,628,545,596,449,482,482,482,840,504,482,671,504,336,254,256,197,504,504,117,119,504,504,118,118,119,482,482,482,556,726,618,663,393,119,119,482,469,528,456,367,481,368,482,671,369,457,371,520,520,520,840,504,520,520,504
06/03/2026 06:25:00,130,77,98,510,510,502,502,510,510,484,119,484,119,579,119,409,502,335,502,502,119,119,550,455,427,382,405,386,572,565,571,552,601,456,484,484,484,850,510,484,679,510,340,266,265,207,510,510,119,119,510,510,119,119,119,484,484,484,600,761,700,754,445,119,119,484,421,479,414,346,425,345,484,679,355,465,355,527,527,527,850,510,527,527,510
06/03/2026 06:30:00,148,98,111,517,517,497,497,517,517,489,120,488,121,587,120,413,520,339,497,497,119,119,601,496,462,413,436,413,580,592,578,512,537,422,489,488,488,861,517,489,689,517,345,266,267,207,517,517,121,119,517,517,120,120,119,488,488,488,563,721,611,646,397,119,119,488,388,502,392,390,495,390,488,689,419,532,421,534,534,534,861,517,534,534,517
06/03/2026 06:35:00,158,101,119,517,517,501,501,517,517,495,121,496,121,594,121,452,560,371,501,501,121,121,568,479,446,413,453,423,573,575,574,565,581,467,495,496,495,861,517,495,689,517,345,293,282,227,517,517,121,121,517,517,121,121,121,496,495,496,563,772,713,758,462,121,121,495,436,527,426,390,526,390,496,689,412,527,413,542,541,541,861,517,542,542,517
06/03/2026 06:40:00,173,113,131,501,501,505,505,501,501,501,122,501,121,621,122,434,507,356,505,505,123,123,544,455,442,399,428,397,550,566,550,524,580,433,501,501,502,835,501,501,669,501,334,289,276,226,501,501,121,123,501,501,122,122,123,501,502,501,614,801,666,768,438,123,123,502,497,562,479,367,494,368,501,669,380,523,382,564,564,564,835,501,564,564,501
06/03/2026 06:45:00,169,116,128,494,494,501,501,494,494,502,122,502,121,624,122,479,584,393,501,501,123,123,494,415,395,395,453,421,582,592,582,509,530,419,502,502,502,825,494,502,660,494,330,284,271,220,494,494,121,123,494,494,122,122,123,502,502,502,560,750,661,727,440,123,123,502,402,533,399,375,516,376,502,660,426,547,430,572,573,573,825,494,572,572,494
06/03/2026 06:50:00,160,107,122,484,484,499,499,484,484,501,121,501,121,621,121,473,564,389,499,499,121,121,503,420,403,389,419,388,585,583,584,521,546,430,501,501,502,806,484,501,646,484,323,275,263,215,484,484,121,121,484,484,121,121,121,501,502,501,593,782,668,718,448,121,121,502,440,532,428,390,511,390,501,646,462,569,465,567,567,567,806,484,567,567,484
06/03/2026 06:55:00,166,109,125,478,478,493,493,478,478,491,120,492,121,609,120,501,568,414,493,493,119,119,513,435,420,403,447,412,572,579,571,526,578,434,491,492,491,795,478,491,636,478,318,275,262,215,478,478,121,119,478,478,120,120,119,492,491,492,548,716,580,639,401,119,119,491,419,514,417,371,486,372,492,636,478,613,481,569,569,569,795,478,569,569,478
06/03/2026 07:00:00,169,121,128,478,478,493,493,478,478,490,120,490,121,609,120,492,617,408,493,493,119,119,510,424,397,394,434,404,605,617,605,523,571,431,490,490,489,796,478,490,637,478,319,265,255,205,478,478,121,119,478,478,120,120,119,490,489,490,561,735,621,655,412,119,119,489,474,547,458,407,521,406,490,637,513,645,518,561,563,563,796,478,561,561,478
06/03/2026 07:05:00,179,126,136,481,481,493,493,481,481,497,122,497,121,619,122,475,529,392,493,493,123,123,485,393,387,395,443,408,552,568,552,561,613,463,497,497,497,801,481,497,642,481,321,281,266,218,481,481,121,123,481,481,122,122,123,497,497,497,561,729,641,686,427,123,123,497,510,577,489,430,558,428,497,642,523,681,527,581,583,583,801,481,581,581,481
06/03/2026 07:10:00,198,137,151,489,489,505,505,489,489,509,123,508,123,633,123,502,597,414,505,505,123,123,520,431,397,380,441,406,563,574,563,544,603,451,509,508,510,813,489,509,652,489,326,297,278,233,489,489,123,123,489,489,123,123,123,508,510,508,599,784,744,772,456,123,123,510,484,556,468,427,537,426,508,652,501,630,505,604,604,604,813,489,604,604,489
06/03/2026 07:15:00,188,138,143,489,489,507,507,489,489,519,125,519,126,649,125,555,645,459,507,507,126,126,513,427,401,391,440,408,551,554,552,570,627,470,519,519,520,817,489,519,653,489,326,341,303,266,489,489,126,126,489,489,125,125,126,519,520,519,558,735,655,718,437,126,126,520,475,570,460,423,568,424,519,653,478,622,481,630,630,630,817,489,630,630,489
06/03/2026 07:20:00,151,97,114,492,492,508,508,492,492,524,125,524,126,649,125,516,584,426,508,508,126,126,482,382,360,364,409,382,596,623,595,426,495,350,524,524,524,821,492,524,656,492,328,342,306,269,492,492,126,126,492,492,125,125,126,524,524,524,570,746,725,803,485,126,126,524,469,547,456,381,511,381,524,656,491,648,496,622,623,623,821,492,622,622,492
06/03/2026 07:25:00,196,146,149,489,489,507,507,489,489,524,128,525,127,649,128,527,611,434,507,507,128,128,499,420,400,391,450,415,529,544,528,443,481,367,524,525,526,817,489,524,653,489,326,275,265,215,489,489,127,128,489,489,128,128,128,525,526,525,598,783,707,781,477,128,128,526,429,521,420,371,489,372,525,653,441,544,444,628,628,628,817,489,628,628,489
06/03/2026 07:30:00,193,131,147,489,489,505,505,489,489,528,128,528,127,648,128,501,585,415,505,505,128,128,466,401,389,382,439,406,551,561,549,432,490,357,528,528,527,813,489,528,652,489,326,284,270,220,489,489,127,128,489,489,128,128,128,528,527,528,543,718,651,724,445,128,128,527,444,549,432,398,521,397,528,652,494,635,499,636,635,635,813,489,636,636,489
06/03/2026 07:35:00,188,134,143,496,496,511,511,496,496,528,128,529,127,653,128,504,583,419,511,511,128,128,526,409,369,366,442,408,502,531,503,445,479,369,528,529,529,826,496,528,660,496,330,346,308,270,496,496,127,128,496,496,128,128,128,529,529,529,566,746,590,653,408,128,128,529,425,542,416,420,531,420,529,660,441,540,444,630,630,630,826,496,630,630,496
06/03/2026 07:40:00,196,140,149,492,492,508,508,492,492,532,128,532,127,650,128,498,562,411,508,508,128,128,530,418,383,363,401,375,443,468,442,456,502,378,532,532,532,821,492,532,656,492,328,360,315,282,492,492,127,128,492,492,128,128,128,532,532,532,595,791,661,749,450,128,128,532,496,571,476,391,526,392,532,656,354,419,356,630,631,631,821,492,630,630,492
06/03/2026 07:45:00,180,121,137,489,489,505,505,489,489,528,125,528,126,648,125,509,581,423,505,505,126,126,450,365,361,348,371,345,517,531,517,442,490,367,528,528,527,813,489,528,652,489,326,312,286,244,489,489,126,126,489,489,125,125,126,528,527,528,517,696,643,750,442,126,126,527,402,493,397,375,472,376,528,652,431,533,432,623,623,623,813,489,623,623,489
06/03/2026 07:50:00,205,147,156,478,478,493,493,478,478,522,124,522,123,641,124,507,609,421,493,493,124,124,411,324,320,359,413,383,569,571,569,471,518,388,522,522,522,796,478,522,637,478,319,284,267,220,478,478,123,124,478,478,124,124,124,522,522,522,525,704,611,696,423,124,124,522,361,468,371,401,517,401,522,637,396,504,399,607,607,607,796,478,607,607,478
06/03/2026 07:55:00,211,148,161,475,475,492,492,475,475,513,123,513,123,632,123,468,529,387,492,492,123,123,534,427,404,353,373,352,498,513,496,460,497,380,513,513,513,794,475,513,635,475,317,284,266,220,475,475,123,123,475,475,123,123,123,513,513,513,506,668,591,688,411,123,123,513,419,515,417,329,431,330,513,635,413,515,414,610,610,610,794,475,610,610,475
06/03/2026 08:00:00,203,141,155,475,475,492,492,475,475,508,122,508,121,626,122,436,513,363,492,492,123,123,468,373,349,355,388,363,506,529,505,482,501,398,508,508,507,792,475,508,633,475,317,247,245,191,475,475,121,123,475,475,122,122,123,508,507,508,491,669,565,650,399,123,123,507,447,484,435,381,484,381,508,633,447,544,451,597,597,597,792,475,597,597,475
06/03/2026 08:05:00,195,127,149,480,480,496,496,480,480,505,122,505,121,629,122,393,466,326,496,496,123,123,494,384,362,350,392,364,478,515,476,440,497,364,505,505,506,800,480,505,640,480,320,297,275,233,480,480,121,123,480,480,122,122,123,505,506,505,519,676,628,709,431,123,123,506,429,492,425,371,481,372,505,640,418,497,421,610,609,609,800,480,610,610,480
06/03/2026 08:10:00,195,134,149,478,478,493,493,478,478,508,122,507,121,633,122,461,507,383,493,493,123,123,526,436,407,342,341,320,468,495,465,386,402,318,508,507,506,795,478,508,636,478,318,270,259,209,478,478,121,123,478,478,122,122,123,507,506,507,512,687,604,678,415,123,123,506,447,488,432,388,481,387,507,636,389,483,390,606,606,606,795,478,606,606,478
06/03/2026 08:15:00,202,134,153,475,475,490,490,475,475,509,123,508,123,641,123,430,512,356,490,490,123,123,489,379,349,350,403,378,376,395,375,413,422,344,509,508,510,790,475,509,632,475,317,281,264,218,475,475,123,123,475,475,123,123,123,508,510,508,513,668,606,687,421,123,123,510,417,455,410,364,452,365,508,632,402,489,405,614,614,614,790,475,614,614,475
06/03/2026 08:20:00,184,126,140,468,468,484,484,468,468,508,121,507,121,641,121,435,518,361,484,484,121,121,517,395,358,305,344,319,456,486,453,498,530,410,508,507,506,780,468,508,624,468,313,275,259,215,468,468,121,121,468,468,121,121,121,507,506,507,446,550,498,602,347,121,121,506,437,501,432,385,485,384,507,624,427,551,431,599,599,599,780,468,599,599,468
06/03/2026 08:25:00,188,130,143,468,468,484,484,468,468,503,121,503,121,635,121,436,530,363,484,484,121,121,397,299,289,298,351,326,445,476,444,488,506,403,503,503,502,780,468,503,624,468,313,274,257,212,468,468,121,121,468,468,121,121,121,503,502,503,462,592,467,555,340,121,121,502,459,503,445,380,510,382,503,624,489,604,493,597,597,597,780,468,597,597,468
06/03/2026 08:30:00,201,130,153,464,464,480,480,464,464,501,120,501,121,629,120,461,537,382,480,480,119,119,401,303,272,298,341,322,497,513,496,481,507,396,501,501,502,774,464,501,620,464,310,261,250,202,464,464,121,119,464,464,120,120,119,501,502,501,437,543,463,548,340,119,119,502,436,515,426,324,459,325,501,620,432,555,436,603,602,602,774,464,603,603,464
06/03/2026 08:35:00,188,113,144,469,469,484,484,469,469,502,120,502,121,632,120,479,537,394,484,484,119,119,466,336,303,321,380,359,542,554,542,499,514,411,502,502,502,782,469,502,626,469,313,251,245,194,469,469,121,119,469,469,120,120,119,502,502,502,519,689,579,643,403,119,119,502,387,469,384,381,480,381,502,626,432,581,432,594,593,593,782,469,594,594,469
06/03/2026 08:40:00,184,129,140,466,466,482,482,466,466,503,120,503,121,633,120,444,498,366,482,482,119,119,544,422,381,351,386,364,486,493,486,453,484,374,503,503,502,778,466,503,623,466,311,244,241,189,466,466,121,119,466,466,120,120,119,503,502,503,506,670,606,677,420,119,119,502,370,459,378,342,435,342,503,623,460,570,465,589,589,589,778,466,589,589,466
06/03/2026 08:45:00,177,121,134,466,466,482,482,466,466,503,120,503,121,632,120,455,525,374,482,482,119,119,513,403,378,339,367,350,507,516,507,461,491,381,503,503,502,778,466,503,623,466,311,278,261,216,466,466,121,119,466,466,120,120,119,503,502,503,486,633,556,636,392,119,119,502,452,488,439,371,484,372,503,623,409,535,410,594,593,593,778,466,594,594,466
06/03/2026 08:50:00,201,139,153,459,459,474,474,459,459,497,119,497,119,619,119,469,535,388,474,474,119,119,536,426,388,340,345,332,511,533,508,465,458,384,497,497,497,764,459,497,612,459,306,219,224,169,459,459,119,119,459,459,119,119,119,497,497,497,520,685,584,647,405,119,119,497,421,457,409,342,432,342,497,612,410,513,413,584,584,584,764,459,584,584,459
06/03/2026 08:55:00,184,126,140,452,452,468,468,452,452,487,116,488,117,607,116,425,504,352,468,468,116,116,530,434,395,350,374,354,563,554,560,430,449,354,487,488,487,754,452,487,602,452,302,244,237,189,452,452,117,116,452,452,116,116,116,488,487,488,495,652,507,537,347,116,116,487,444,470,431,346,449,345,488,602,409,518,412,580,579,579,754,452,580,580,452
06/03/2026 09:00:00,164,107,125,449,449,465,465,449,449,475,116,476,117,588,116,408,451,336,465,465,115,115,462,369,340,325,380,359,507,515,507,495,540,406,475,476,475,750,449,475,600,449,300,251,239,194,449,449,117,115,449,449,116,116,115,476,475,476,470,593,470,522,338,115,115,475,411,444,401,355,394,355,476,600,390,497,390,584,584,584,750,449,584,584,449
06/03/2026 09:05:00,162,108,123,448,448,463,463,448,448,473,116,474,117,587,116,389,431,322,463,463,115,115,494,382,350,310,295,287,490,499,489,444,460,365,473,474,473,746,448,473,597,448,298,259,244,201,448,448,117,115,448,448,116,116,115,474,473,474,441,537,494,508,326,115,115,473,397,424,385,351,417,353,474,597,447,561,450,581,581,581,746,448,581,581,448
06/03/2026 09:10:00,196,132,149,449,449,465,465,449,449,475,116,476,115,592,116,404,465,332,465,465,115,115,485,405,392,345,313,307,478,491,476,485,521,401,475,476,475,750,449,475,600,449,300,233,229,180,449,449,115,115,449,449,116,116,115,476,475,476,460,560,501,541,356,115,115,475,421,468,414,342,427,342,476,600,388,536,387,584,584,584,750,449,584,584,449
06/03/2026 09:15:00,173,108,131,457,457,474,474,457,457,479,116,478,115,601,116,436,491,359,474,474,115,115,517,403,378,325,291,289,485,484,483,422,432,348,479,478,479,763,457,479,611,457,305,254,243,197,457,457,115,115,457,457,116,116,115,478,479,478,482,572,528,569,364,115,115,479,406,447,401,407,453,406,478,611,441,555,443,587,587,587,763,457,587,587,457
06/03/2026 09:20:00,185,126,140,456,456,470,470,456,456,480,116,480,115,609,116,395,458,325,470,470,115,115,530,418,386,353,313,307,482,472,481,429,429,354,480,480,480,759,456,480,607,456,304,251,241,194,456,456,115,115,456,456,116,116,115,480,480,480,461,580,479,524,341,115,115,480,425,516,416,339,431,339,480,607,412,545,413,593,593,593,759,456,593,593,456
06/03/2026 09:25:00,180,120,138,459,459,474,474,459,459,475,114,476,113,605,114,462,517,378,474,474,115,115,489,408,384,357,314,310,504,502,503,415,429,340,475,476,475,766,459,475,613,459,306,242,237,187,459,459,113,115,459,459,114,114,115,476,475,476,442,563,524,557,352,115,115,475,370,433,378,342,414,342,476,613,319,457,320,577,578,578,766,459,577,577,459
06/03/2026 09:30:00,196,137,149,456,456,470,470,456,456,478,116,478,115,599,116,409,461,336,470,470,115,115,541,424,375,323,270,271,460,445,458,459,491,379,478,478,478,759,456,478,607,456,304,247,240,191,456,456,115,115,456,456,116,116,115,478,478,478,449,559,475,502,332,115,115,478,417,450,405,385,392,384,478,607,383,491,386,577,578,578,759,456,577,577,456
06/03/2026 09:35:00,154,98,117,461,461,476,476,461,461,478,114,478,113,603,114,436,523,359,476,476,115,115,571,439,398,371,365,350,464,459,461,460,454,380,478,478,478,769,461,478,614,461,307,228,229,176,461,461,113,115,461,461,114,114,115,478,478,478,446,597,541,590,383,115,115,478,461,480,447,381,500,381,478,614,380,496,382,595,595,595,769,461,595,595,461
06/03/2026 09:40:00,180,123,137,463,463,478,478,463,463,482,113,482,112,603,113,437,493,359,478,478,113,113,557,461,429,386,360,348,549,549,547,477,496,393,482,482,480,771,463,482,616,463,308,261,250,202,463,463,112,113,463,463,113,113,113,482,480,482,490,650,551,612,377,113,113,480,425,498,416,371,471,372,482,616,398,543,399,588,588,588,771,463,588,588,463
06/03/2026 09:45:00,151,91,114,455,455,470,470,455,455,479,113,478,112,603,113,476,591,392,470,470,113,113,571,453,422,371,343,335,532,520,532,530,537,439,479,478,479,758,455,479,607,455,303,256,245,198,455,455,112,113,455,455,113,113,113,478,479,478,503,631,567,617,393,113,113,479,410,494,404,342,443,342,478,607,375,505,376,581,581,581,758,455,581,581,455
06/03/2026 09:50:00,174,121,132,457,457,470,470,457,457,475,112,474,112,597,112,449,511,371,470,470,112,112,557,471,445,383,350,341,523,519,522,516,514,425,475,474,475,763,457,475,611,457,305,256,245,198,457,457,112,112,457,457,112,112,112,474,475,474,529,637,586,620,390,112,112,475,456,489,442,388,423,387,474,611,401,514,403,564,564,564,763,457,564,564,457
06/03/2026 09:55:00,152,102,115,452,452,463,463,452,452,466,109,465,110,590,109,433,493,356,463,463,109,109,522,449,431,380,326,321,517,518,517,440,494,363,466,465,465,750,452,466,601,452,300,217,221,167,452,452,110,109,452,452,109,109,109,465,465,465,539,654,566,604,389,109,109,465,391,453,387,371,439,372,465,601,359,459,360,572,573,573,750,452,572,572,452
06/03/2026 10:00:00,143,99,107,449,449,465,465,449,449,462,109,462,110,587,109,448,530,369,465,465,109,109,520,403,376,356,319,311,468,452,465,456,466,378,462,462,461,750,449,462,600,449,300,233,229,180,449,449,110,109,449,449,109,109,109,462,461,462,442,597,587,591,383,109,109,461,417,437,410,333,379,333,462,600,371,457,372,563,564,564,750,449,563,563,449
06/03/2026 10:05:00,158,100,119,452,452,468,468,452,452,462,109,462,109,578,109,437,480,361,468,468,109,109,510,419,399,331,308,301,501,498,500,431,423,355,462,462,461,755,452,462,604,452,302,242,235,187,452,452,109,109,452,452,109,109,109,462,461,462,409,535,523,531,361,109,109,461,376,403,365,346,393,345,462,604,355,451,356,563,564,564,755,452,563,563,452
06/03/2026 10:10:00,162,96,123,452,452,468,468,452,452,467,109,468,110,581,109,470,513,388,468,468,109,109,522,411,385,342,314,307,464,460,464,483,469,398,467,468,466,755,452,467,604,452,302,217,221,167,452,452,110,109,452,452,109,109,109,468,466,468,424,515,491,502,334,109,109,466,410,442,404,314,387,315,468,604,347,446,350,580,579,579,755,452,580,580,452
06/03/2026 10:15:00,178,118,135,459,459,474,474,459,459,471,109,470,108,586,109,450,501,372,474,474,109,109,450,366,354,309,273,270,433,431,432,445,474,366,471,470,470,764,459,471,612,459,306,239,236,184,459,459,108,109,459,459,109,109,109,470,470,470,430,519,463,478,321,109,109,470,320,394,339,306,374,307,470,612,369,495,371,575,574,574,764,459,575,575,459
06/03/2026 10:20:00,150,88,114,459,459,474,474,459,459,471,109,470,109,594,109,511,560,421,474,474,109,109,485,370,342,339,271,275,403,381,401,427,411,351,471,470,470,766,459,471,613,459,306,261,249,202,459,459,109,109,459,459,109,109,109,470,470,470,417,513,426,452,309,109,109,470,436,458,422,351,425,353,470,613,394,476,396,581,581,581,766,459,581,581,459
06/03/2026 10:25:00,179,120,136,456,456,470,470,456,456,468,109,469,108,597,109,443,499,365,470,470,109,109,520,404,379,353,314,310,438,437,437,399,391,329,468,469,470,759,456,468,607,456,304,219,223,169,456,456,108,109,456,456,109,109,109,469,470,469,410,487,470,480,331,109,109,470,407,420,407,381,402,381,469,607,445,577,448,577,578,578,759,456,577,577,456
06/03/2026 10:30:00,183,119,139,461,461,476,476,461,461,472,109,472,109,597,109,429,476,354,476,476,109,109,506,393,376,331,281,282,500,494,499,442,453,365,472,472,473,769,461,472,614,461,307,233,232,180,461,461,109,109,461,461,109,109,109,472,473,472,399,498,443,465,322,109,109,473,456,501,446,367,444,368,472,614,407,568,406,577,578,578,769,461,577,577,461
06/03/2026 10:35:00,166,113,127,459,459,474,474,459,459,472,109,472,109,601,109,445,494,368,474,474,109,109,503,401,382,319,266,266,464,447,462,463,497,381,472,472,473,764,459,472,612,459,306,214,221,165,459,459,109,109,459,459,109,109,109,472,473,472,451,547,517,542,356,109,109,473,447,466,435,367,467,368,472,612,339,411,339,577,578,578,764,459,577,577,459
06/03/2026 10:40:00,174,118,132,457,457,472,472,457,457,473,106,474,108,601,106,440,506,360,472,472,106,106,544,454,444,357,287,289,484,458,483,454,462,375,473,474,473,763,457,473,611,457,305,233,231,180,457,457,108,106,457,457,106,106,106,474,473,474,488,623,534,581,375,106,106,473,425,468,416,348,392,349,474,611,387,474,390,577,578,578,763,457,577,577,457
06/03/2026 10:45:00,169,104,128,456,456,472,472,456,456,471,106,470,108,592,106,416,466,342,472,472,106,106,544,448,417,356,349,332,518,522,518,465,485,383,471,470,471,762,456,471,609,456,304,214,220,165,456,456,108,106,456,456,106,106,106,470,471,470,425,546,532,555,362,106,106,471,417,442,410,362,401,362,470,609,319,393,320,570,570,570,762,456,570,570,456
06/03/2026 10:50:00,162,102,123,455,455,470,470,455,455,468,106,468,108,585,106,434,487,359,470,470,106,106,494,396,382,335,279,279,513,507,511,453,482,373,468,468,468,758,455,468,607,455,303,254,243,197,455,455,108,106,455,455,106,106,106,468,468,468,498,632,561,584,384,106,106,468,384,415,382,319,344,320,468,607,376,457,378,573,574,574,758,455,573,573,455
06/03/2026 10:55:00,140,91,106,452,452,468,468,452,452,465,106,465,106,584,106,420,441,347,468,468,105,105,466,390,390,357,317,310,433,425,430,366,393,301,465,465,465,754,452,465,602,452,302,244,237,189,452,452,106,105,452,452,106,106,105,465,465,465,425,538,503,547,353,105,105,465,361,395,362,336,382,336,465,602,369,456,371,565,564,564,754,452,565,565,452
06/03/2026 11:00:00,173,110,131,452,452,465,465,452,452,464,106,464,106,581,106,422,473,347,465,465,105,105,419,301,288,284,258,260,395,362,393,212,283,174,464,464,465,750,452,464,601,452,300,222,224,171,452,452,106,105,452,452,106,106,105,464,465,464,402,488,470,488,321,105,105,465,398,436,399,351,390,353,464,601,398,525,399,568,568,568,750,452,568,568,452
06/03/2026 11:05:00,169,118,129,457,457,474,474,457,457,464,106,464,106,582,106,435,461,356,474,474,105,105,468,347,324,311,269,268,361,350,361,326,355,268,464,464,465,763,457,464,611,457,305,239,235,184,457,457,106,105,457,457,106,106,105,464,465,464,411,516,489,526,352,105,105,465,411,437,411,371,442,372,464,611,351,441,353,563,564,564,763,457,563,563,457
06/03/2026 11:10:00,169,111,128,463,463,470,470,463,463,471,106,470,106,588,106,461,529,384,470,470,105,105,414,307,288,296,236,241,353,334,353,299,351,247,471,470,470,771,463,471,616,463,308,225,228,173,463,463,106,105,463,463,106,106,105,470,470,470,439,545,501,521,351,105,105,470,426,454,413,351,416,353,470,616,408,509,411,566,566,566,771,463,566,566,463
06/03/2026 11:15:00,192,129,146,461,461,474,474,461,461,474,106,474,106,603,106,416,445,344,474,474,105,105,419,330,326,314,262,266,361,349,359,351,384,290,474,474,474,769,461,474,614,461,307,225,227,173,461,461,106,105,461,461,106,106,105,474,474,474,441,559,489,504,343,105,105,474,410,444,404,371,418,372,474,614,362,463,364,577,578,578,769,461,577,577,461
06/03/2026 11:20:00,176,116,133,464,464,478,478,464,464,475,106,474,108,597,106,446,530,371,478,478,106,106,401,310,304,274,198,210,348,325,348,372,397,306,475,474,475,773,464,475,619,464,309,211,220,162,464,464,108,106,464,464,106,106,106,474,475,474,461,543,474,515,346,106,106,475,425,461,421,398,438,397,474,619,348,470,350,580,579,579,773,464,580,580,464
06/03/2026 11:25:00,163,97,123,464,464,480,480,464,464,475,106,474,106,607,106,465,504,384,480,480,105,105,479,392,364,327,304,297,344,341,344,378,355,310,475,474,475,774,464,475,620,464,310,237,235,183,464,464,106,105,464,464,106,106,105,474,475,474,441,558,494,537,354,105,105,475,443,465,431,333,396,333,474,620,355,436,356,580,579,579,774,464,580,580,464
06/03/2026 11:30:00,196,129,149,466,466,482,482,466,466,478,106,478,106,609,106,473,556,392,482,482,105,105,485,376,338,314,255,259,410,398,409,375,387,309,478,478,478,778,466,478,623,466,311,242,239,187,466,466,106,105,466,466,106,106,105,478,478,478,446,544,518,524,374,105,105,478,414,425,406,348,409,349,478,623,364,456,365,588,588,588,778,466,588,588,466
06/03/2026 11:35:00,166,100,126,471,471,486,486,471,471,480,106,480,108,609,106,437,496,361,486,486,106,106,468,378,357,336,297,291,442,433,440,399,422,328,480,480,480,785,471,480,628,471,315,231,234,178,471,471,108,106,471,471,106,106,106,480,480,480,437,556,517,530,346,106,106,480,391,438,379,329,383,330,480,628,331,443,332,580,579,579,785,471,580,580,471
06/03/2026 11:40:00,183,127,139,487,487,482,482,487,487,482,106,482,106,612,106,419,467,346,482,482,105,105,455,378,357,341,310,306,418,409,417,424,412,349,482,482,480,812,487,482,649,487,325,254,251,197,487,487,106,105,487,487,106,106,105,482,480,482,431,559,520,558,367,105,105,480,456,447,442,336,403,336,482,649,329,425,330,580,579,579,812,487,580,580,487
06/03/2026 11:45:00,187,122,143,480,480,480,480,480,480,482,106,482,108,612,106,438,521,361,480,480,106,106,517,403,375,353,291,289,421,413,421,432,422,356,482,482,480,800,480,482,640,480,320,247,246,191,480,480,108,106,480,480,106,106,106,482,480,482,447,558,494,517,356,106,106,480,361,403,362,314,360,315,482,640,371,441,372,584,583,583,800,480,584,584,480
06/03/2026 11:50:00,183,130,139,484,484,484,484,484,484,479,106,478,106,607,106,425,487,353,484,484,105,105,510,411,385,356,336,324,478,469,476,409,423,337,479,478,479,806,484,479,646,484,323,225,233,173,484,484,106,105,484,484,106,106,105,478,479,478,411,515,470,491,333,105,105,479,391,432,387,355,401,355,478,646,277,367,279,576,575,575,806,484,576,576,484
06/03/2026 11:55:00,159,105,121,478,478,483,483,478,478,478,105,478,104,607,105,476,534,394,483,483,105,105,494,393,365,306,262,259,448,430,448,475,493,391,478,478,478,796,478,478,637,478,319,214,226,165,478,478,104,105,478,478,105,105,105,478,478,478,433,526,490,489,337,105,105,478,361,385,362,314,336,315,478,637,339,396,339,580,579,579,796,478,580,580,478
06/03/2026 12:00:00,166,113,126,491,491,482,482,491,491,475,105,474,104,603,105,472,556,387,482,482,105,105,494,410,390,353,329,323,407,390,405,389,403,319,475,474,475,818,491,475,654,491,327,225,235,173,491,491,104,105,491,491,105,105,105,474,475,474,403,494,463,488,336,105,105,475,406,422,394,329,352,330,474,654,295,378,296,574,574,574,818,491,574,574,491
06/03/2026 12:05:00,196,141,149,494,494,482,482,494,494,480,105,480,104,609,105,446,530,366,482,482,105,105,587,485,449,353,310,301,437,429,434,443,456,363,480,480,480,821,494,480,658,494,329,219,233,169,494,494,104,105,494,494,105,105,105,480,480,480,410,511,496,514,354,105,105,480,348,380,360,329,346,330,480,658,297,377,297,581,581,581,821,494,581,581,494
06/03/2026 12:10:00,165,107,125,485,485,488,488,485,485,485,106,484,106,614,106,473,582,390,488,488,105,105,612,504,472,365,319,311,518,518,516,435,440,357,485,484,485,809,485,485,646,485,323,222,233,171,485,485,106,105,485,485,106,106,105,484,485,484,417,496,494,483,322,105,105,485,360,403,371,326,374,327,484,646,323,383,323,591,591,591,809,485,591,591,485
06/03/2026 12:15:00,159,102,120,498,498,488,488,498,498,489,106,488,108,627,106,475,574,395,488,488,106,106,598,479,426,356,346,332,511,496,509,470,521,389,489,488,489,830,498,489,664,498,332,242,247,187,498,498,108,106,498,498,106,106,106,488,489,488,444,532,482,496,334,106,106,489,407,439,407,319,357,320,488,664,258,303,259,584,584,584,830,498,584,584,498
06/03/2026 12:20:00,159,113,120,498,498,492,492,498,498,491,109,492,110,626,109,465,531,384,492,492,109,109,544,439,404,345,290,289,470,471,469,454,480,375,491,492,491,830,498,491,664,498,332,251,252,194,498,498,110,109,498,498,109,109,109,492,491,492,398,477,481,471,335,109,109,491,342,359,356,319,342,320,492,664,319,398,320,593,593,593,830,498,593,593,498
06/03/2026 12:25:00,173,110,131,489,489,488,488,489,489,491,109,492,110,629,109,546,644,451,488,488,109,109,520,410,379,333,303,297,442,441,440,395,434,329,491,492,491,817,489,491,653,489,326,247,249,191,489,489,110,109,489,489,109,109,109,492,491,492,439,507,501,499,339,109,109,491,365,378,356,329,360,330,492,653,355,466,356,598,597,597,817,489,598,598,489
06/03/2026 12:30:00,169,117,128,487,487,493,493,487,487,489,109,488,110,624,109,488,593,402,493,493,109,109,536,452,419,369,317,311,490,489,489,424,464,350,489,488,488,812,487,489,649,487,325,251,249,194,487,487,110,109,487,487,109,109,109,488,488,488,447,531,503,506,345,109,109,488,399,433,394,339,391,339,488,649,416,515,416,581,583,583,812,487,581,581,487
06/03/2026 12:35:00,154,106,117,492,492,488,488,492,492,489,111,488,112,621,111,521,589,431,488,488,111,111,476,381,353,309,279,275,477,468,475,461,510,381,489,488,489,821,492,489,656,492,328,219,233,169,492,492,112,111,492,492,111,111,111,488,489,488,441,581,500,524,346,111,111,489,372,431,378,407,457,406,488,656,351,457,353,581,581,581,821,492,581,581,492
06/03/2026 12:40:00,178,124,135,496,496,493,493,496,496,492,111,492,112,632,111,509,598,423,493,493,111,111,468,362,340,331,308,302,417,405,414,431,461,355,492,492,492,826,496,492,660,496,330,231,241,178,496,496,112,111,496,496,111,111,111,492,492,492,492,564,545,576,374,111,111,492,429,497,420,358,416,359,492,660,401,482,404,589,589,589,826,496,589,589,496
06/03/2026 12:45:00,177,121,135,498,498,486,486,498,498,493,113,493,112,633,113,501,565,414,486,486,113,113,476,363,342,302,293,285,414,392,413,445,433,367,493,493,493,830,498,493,665,498,332,231,241,178,498,498,112,113,498,498,113,113,113,493,493,493,506,568,562,569,369,113,113,493,402,454,403,362,427,362,493,665,383,485,385,589,589,589,830,498,589,589,498
06/03/2026 12:50:00,155,100,117,491,491,484,484,491,491,490,112,490,112,624,112,484,544,400,484,484,112,112,444,351,316,291,286,279,365,357,364,418,435,345,490,490,489,820,491,490,656,491,328,244,247,189,491,491,112,112,491,491,112,112,112,490,489,490,474,566,558,571,381,112,112,489,446,465,435,362,460,362,490,656,365,466,368,593,593,593,820,491,593,593,491
06/03/2026 12:55:00,198,140,150,478,478,493,493,478,478,487,111,488,112,619,111,477,544,396,493,493,111,111,472,380,365,326,283,280,351,335,349,365,372,300,487,488,487,796,478,487,637,478,319,259,252,201,478,478,112,111,478,478,111,111,111,488,487,488,497,613,512,518,337,111,111,487,379,432,386,333,394,333,488,637,434,503,438,584,584,584,796,478,584,584,478
06/03/2026 13:00:00,213,170,163,471,471,488,488,471,471,482,111,483,112,615,111,444,514,368,488,488,111,111,499,368,338,325,243,254,415,410,414,375,360,308,482,483,482,785,471,482,628,471,315,219,227,169,471,471,112,111,471,471,111,111,111,483,482,483,435,518,504,512,350,111,111,482,447,487,439,388,441,387,483,628,386,516,390,581,583,583,785,471,581,581,471
06/03/2026 13:05:00,177,123,134,491,491,490,490,491,491,486,111,486,112,618,111,467,538,385,490,490,111,111,444,400,396,333,297,293,396,390,395,418,457,345,486,486,487,818,491,486,654,491,327,251,250,194,491,491,112,111,491,491,111,111,111,486,487,486,477,578,522,555,352,111,111,487,406,461,401,398,492,397,486,654,394,499,394,584,584,584,818,491,584,584,491
06/03/2026 13:10:00,150,93,113,479,479,496,496,479,479,493,112,493,112,635,112,486,576,402,496,496,112,112,510,404,373,331,317,305,408,400,405,419,450,346,493,493,493,798,479,493,639,479,319,278,264,216,479,479,112,112,479,479,112,112,112,493,493,493,457,575,548,568,359,112,112,493,425,524,421,388,465,387,493,639,416,558,416,593,593,593,798,479,593,593,479
06/03/2026 13:15:00,153,99,115,481,481,496,496,481,481,497,113,497,112,629,113,494,567,407,496,496,113,113,530,427,381,332,300,297,451,434,450,408,417,336,497,497,497,801,481,497,642,481,321,233,238,180,481,481,112,113,481,481,113,113,113,497,497,497,415,543,474,509,333,113,113,497,456,494,442,401,486,401,497,642,440,546,443,595,595,595,801,481,595,595,481
06/03/2026 13:20:00,164,100,125,484,484,496,496,484,484,501,114,501,113,631,114,530,624,436,496,496,115,115,550,446,413,371,344,332,448,434,447,449,453,371,501,501,502,806,484,501,646,484,323,237,240,183,484,484,113,115,484,484,114,114,115,501,502,501,420,543,481,508,334,115,115,502,447,483,432,385,463,384,501,646,420,568,420,587,587,587,806,484,587,587,484
06/03/2026 13:25:00,160,103,122,481,481,490,490,481,481,497,116,497,115,635,116,518,667,427,490,490,115,115,574,469,424,363,346,336,491,477,490,448,487,368,497,497,497,801,481,497,642,481,321,254,250,197,481,481,115,115,481,481,116,116,115,497,497,497,437,539,497,520,338,115,115,497,458,508,444,367,476,368,497,642,413,560,414,580,579,579,801,481,580,580,481
06/03/2026 13:30:00,172,113,131,481,481,492,492,481,481,497,116,497,117,632,116,569,710,469,492,492,115,115,622,491,437,357,318,309,510,514,508,484,502,398,497,497,497,801,481,497,642,481,321,242,243,187,481,481,117,115,481,481,116,116,115,497,497,497,485,577,481,527,331,115,115,497,486,514,471,398,486,397,497,642,407,544,408,580,579,579,801,481,580,580,481
06/03/2026 13:35:00,146,80,110,484,484,496,496,484,484,501,116,501,117,637,116,528,658,438,496,496,115,115,383,296,278,271,295,286,520,515,518,476,513,392,501,501,502,806,484,501,646,484,323,362,314,284,484,484,117,115,484,484,116,116,115,501,502,501,566,688,379,466,305,115,115,502,437,470,432,351,487,353,501,646,394,512,396,584,584,584,806,484,584,584,484
06/03/2026 13:40:00,192,134,146,489,489,503,503,489,489,505,118,505,117,641,118,558,654,460,503,503,119,119,561,444,402,347,333,320,485,478,483,477,486,393,505,505,506,813,489,505,652,489,326,233,240,180,489,489,117,119,489,489,118,118,119,505,506,505,451,601,496,557,373,119,119,506,451,509,440,390,479,390,505,652,405,521,409,581,581,581,813,489,581,581,489
06/03/2026 13:45:00,215,143,164,487,487,501,501,487,487,503,118,503,117,643,118,571,713,474,501,501,119,119,544,435,409,337,348,333,487,479,486,494,526,406,503,503,502,812,487,503,649,487,325,222,233,171,487,487,117,119,487,487,118,118,119,503,502,503,462,592,519,558,367,119,119,502,447,505,439,378,461,378,503,649,340,446,343,573,574,574,812,487,573,573,487
06/03/2026 13:50:00,159,105,120,487,487,493,493,487,487,503,119,503,119,641,119,548,665,452,493,493,119,119,513,414,390,345,354,340,486,466,486,490,496,404,503,503,502,812,487,503,649,487,325,225,234,173,487,487,119,119,487,487,119,119,119,503,502,503,446,612,507,556,357,119,119,502,465,512,453,371,471,372,503,649,360,419,362,571,570,570,812,487,571,571,487
06/03/2026 13:55:00,187,135,141,482,482,493,493,482,482,498,120,499,121,643,120,495,568,409,493,493,119,119,536,410,357,309,315,310,472,455,471,483,495,399,498,499,498,804,482,498,644,482,322,211,225,162,482,482,121,119,482,482,120,120,119,499,498,499,506,598,546,578,383,119,119,498,465,516,453,344,469,347,499,644,404,520,407,566,566,566,804,482,566,566,482
06/03/2026 14:00:00,153,102,117,486,486,490,490,486,486,496,120,496,121,641,120,498,581,413,490,490,119,119,541,435,406,336,330,318,465,458,465,490,508,403,496,496,497,809,486,496,648,486,324,256,253,198,486,486,121,119,486,486,120,120,119,496,497,496,484,640,597,621,387,119,119,497,414,462,406,358,461,359,496,648,386,469,390,557,556,556,809,486,557,557,486
06/03/2026 14:05:00,173,115,131,482,482,488,488,482,482,498,120,497,121,641,120,535,626,441,488,488,119,119,536,422,379,336,329,318,464,446,464,433,462,357,498,497,497,804,482,498,642,482,321,251,248,194,482,482,121,119,482,482,120,120,119,497,497,497,499,639,517,568,378,119,119,497,429,501,425,358,469,359,497,642,338,401,339,558,558,558,804,482,558,558,482
06/03/2026 14:10:00,160,106,122,489,489,488,488,489,489,505,122,505,121,649,122,546,664,454,488,488,123,123,561,423,359,308,349,336,485,481,483,514,544,423,505,505,506,813,489,505,652,489,326,261,257,202,489,489,121,123,489,489,122,122,123,505,506,505,499,623,542,588,376,123,123,506,456,513,446,381,502,381,505,652,324,383,325,557,556,556,813,489,557,557,489
06/03/2026 14:15:00,196,147,149,492,492,486,486,492,492,509,122,508,121,653,122,586,698,483,486,486,123,123,547,433,412,349,309,305,464,461,461,462,477,380,509,508,510,821,492,509,656,492,328,217,232,167,492,492,121,123,492,492,122,122,123,508,510,508,485,622,553,592,370,123,123,510,459,472,447,398,468,397,508,656,386,484,390,547,548,548,821,492,547,547,492
06/03/2026 14:20:00,176,138,134,491,491,484,484,491,491,508,122,507,121,653,122,538,641,444,484,484,123,123,547,416,387,310,323,309,495,489,494,484,492,400,508,507,506,818,491,508,654,491,327,231,239,178,491,491,121,123,491,491,122,122,123,507,506,507,426,526,494,495,344,123,123,506,237,346,275,348,435,349,507,654,371,432,374,542,541,541,818,491,542,542,491
06/03/2026 14:25:00,198,140,151,487,487,486,486,487,487,504,123,504,123,649,123,587,724,486,486,486,123,123,547,429,389,326,319,311,486,478,486,487,500,402,504,504,505,813,487,504,650,487,325,247,248,191,487,487,123,123,487,487,123,123,123,504,505,504,426,562,511,509,341,123,123,505,360,471,371,329,407,330,504,650,413,487,416,549,550,550,813,487,549,549,487
06/03/2026 14:30:00,184,130,140,487,487,482,482,487,487,503,124,503,123,646,124,596,728,495,482,482,124,124,522,416,390,322,321,311,464,460,462,453,495,371,503,503,502,812,487,503,649,487,325,266,259,207,487,487,123,124,487,487,124,124,124,503,502,503,462,602,577,606,377,124,124,502,384,498,390,339,403,339,503,649,371,434,372,533,533,533,812,487,533,533,487
06/03/2026 14:35:00,175,124,132,491,491,482,482,491,491,508,123,508,123,650,123,558,659,459,482,482,123,123,578,451,407,360,334,322,460,447,459,494,488,406,508,508,507,820,491,508,656,491,328,231,239,178,491,491,123,123,491,491,123,123,123,508,507,508,456,601,532,551,348,123,123,507,391,494,387,394,486,394,508,656,274,301,275,540,541,541,820,491,540,540,491
06/03/2026 14:40:00,165,110,125,501,501,478,478,501,501,517,124,517,123,659,124,599,753,496,478,478,124,124,503,404,382,337,348,336,507,493,507,499,522,412,517,517,517,835,501,517,666,501,334,278,270,216,501,501,123,124,501,501,124,124,124,517,517,517,479,643,521,580,368,124,124,517,391,406,376,362,465,362,517,666,324,383,325,539,539,539,835,501,539,539,501
06/03/2026 14:45:00,200,156,152,498,498,468,468,498,498,515,125,515,126,656,125,579,695,479,468,468,125,125,462,360,337,310,320,309,476,463,475,499,520,413,515,515,515,830,498,515,665,498,332,233,242,180,498,498,126,125,498,498,125,125,125,515,515,515,498,602,573,557,373,125,125,515,263,224,256,324,377,325,515,665,230,289,230,528,529,529,830,498,528,528,498
06/03/2026 14:50:00,169,121,129,491,491,464,464,491,491,508,125,508,126,653,125,553,662,458,464,464,125,125,526,425,393,335,322,309,514,491,514,485,505,401,508,508,507,820,491,508,656,491,328,239,244,184,491,491,126,125,491,491,125,125,125,508,507,508,422,521,508,474,338,125,125,507,392,368,365,322,310,323,508,656,298,372,300,522,522,522,820,491,522,522,491
06/03/2026 14:55:00,183,142,139,486,486,462,462,486,486,502,124,502,123,642,124,577,686,479,462,462,124,124,563,459,436,344,320,310,499,493,499,472,542,388,502,502,502,809,486,502,648,486,324,247,248,191,486,486,123,124,486,486,124,124,124,502,502,502,435,553,510,530,347,124,124,502,401,388,384,302,373,304,502,648,309,396,310,514,514,514,809,486,514,514,486
06/03/2026 15:00:00,176,132,133,482,482,455,455,482,482,498,123,497,123,639,123,555,669,459,455,455,123,123,585,454,408,347,345,332,468,466,468,427,464,352,498,497,497,804,482,498,642,482,321,208,224,160,482,482,123,123,482,482,123,123,123,497,497,497,441,552,503,530,345,123,123,497,415,381,397,359,377,360,497,642,317,382,317,510,511,511,804,482,510,510,482
06/03/2026 15:05:00,179,137,137,482,482,457,457,482,482,498,124,499,123,637,124,608,719,500,457,457,124,124,553,456,425,351,308,301,504,525,503,490,520,406,498,499,498,804,482,498,644,482,322,231,237,178,482,482,123,124,482,482,124,124,124,499,498,499,447,580,491,529,356,124,124,498,409,380,378,317,365,317,499,644,195,233,198,510,511,511,804,482,510,510,482
06/03/2026 15:10:00,225,161,171,489,489,452,452,489,489,505,124,507,123,637,124,559,692,464,452,452,124,124,585,450,408,329,302,297,435,497,434,480,517,396,505,507,506,817,489,505,653,489,326,266,260,207,489,489,123,124,489,489,124,124,124,507,506,507,474,616,512,545,354,124,124,506,403,388,362,344,369,347,507,653,248,261,250,508,508,508,817,489,508,508,489
06/03/2026 15:15:00,197,154,150,485,485,452,452,485,485,508,125,508,126,637,125,558,712,463,452,452,125,125,530,422,394,336,329,318,492,568,491,462,480,380,508,508,507,809,485,508,646,485,323,217,230,167,485,485,126,125,485,485,125,125,125,508,507,508,492,616,549,565,362,125,125,507,419,391,387,340,400,343,508,646,281,328,281,501,501,501,809,485,501,501,485
06/03/2026 15:20:00,238,182,182,482,482,451,451,482,482,505,125,505,126,632,125,569,714,472,451,451,125,125,550,449,415,362,356,346,474,544,473,492,528,406,505,505,506,804,482,505,644,482,322,160,196,122,482,482,126,125,482,482,125,125,125,505,506,505,462,609,513,559,359,125,125,506,412,394,376,344,421,347,505,644,229,270,231,498,499,499,804,482,498,498,482
06/03/2026 15:25:00,211,164,161,475,475,448,448,475,475,501,124,501,123,629,124,570,695,469,448,448,124,124,517,417,387,342,368,352,489,555,487,459,496,379,501,501,502,790,475,501,632,475,317,166,197,126,475,475,123,124,475,475,124,124,124,501,502,501,472,589,554,581,377,124,124,502,419,400,378,309,358,310,501,632,287,334,288,490,490,490,790,475,490,490,475
06/03/2026 15:30:00,184,135,140,472,472,447,447,472,472,496,124,496,123,629,124,581,685,477,447,447,124,124,547,446,408,363,371,353,499,575,498,476,503,392,496,496,497,787,472,496,630,472,315,156,189,116,472,472,123,124,472,472,124,124,124,496,497,496,470,626,556,588,387,124,124,497,417,397,372,355,405,356,496,630,242,282,242,489,488,488,787,472,489,489,472
06/03/2026 15:35:00,241,195,182,475,475,447,447,475,475,501,124,501,123,624,124,577,686,476,447,447,124,124,499,396,367,322,333,322,486,554,486,508,563,419,501,501,502,790,475,501,632,475,317,124,172,92,475,475,123,124,475,475,124,124,124,501,502,501,456,568,482,494,333,124,124,502,384,391,362,320,375,321,501,632,238,294,239,490,490,490,790,475,490,490,475
06/03/2026 15:40:00,212,152,161,469,469,440,440,469,469,509,124,508,123,632,124,616,745,509,440,440,124,124,536,424,389,331,336,322,484,560,483,502,538,415,509,508,510,782,469,509,626,469,313,93,153,66,469,469,123,124,469,469,124,124,124,508,510,508,506,641,564,592,378,124,124,510,406,506,401,324,368,325,508,626,243,311,243,485,484,484,782,469,485,485,469
06/03/2026 15:45:00,234,190,178,468,468,438,438,468,468,508,124,508,123,631,124,635,769,522,438,438,124,124,534,416,386,340,352,336,495,567,494,534,570,443,508,508,507,779,468,508,623,468,311,82,146,58,468,468,123,124,468,468,124,124,124,508,507,508,494,690,578,635,395,124,124,507,462,515,448,362,434,364,508,623,282,310,283,482,483,483,779,468,482,482,468
06/03/2026 15:50:00,213,166,163,456,456,439,439,456,456,505,124,507,123,629,124,602,708,500,439,439,124,124,544,448,421,367,382,363,457,524,456,484,505,399,505,507,506,762,456,505,609,456,304,82,143,58,456,456,123,124,456,456,124,124,124,507,506,507,514,683,607,655,403,124,124,506,493,534,475,407,481,406,507,609,246,290,246,472,472,472,762,456,472,472,456
06/03/2026 15:55:00,188,150,143,457,457,433,433,457,457,501,124,501,123,624,124,601,729,500,433,433,124,124,557,450,416,366,326,324,513,590,511,505,543,419,501,501,502,763,457,501,611,457,305,82,143,58,457,457,123,124,457,457,124,124,124,501,502,501,503,691,578,646,397,124,124,502,484,548,468,423,523,424,501,611,224,236,224,473,474,474,763,457,473,473,457
06/03/2026 16:00:00,215,157,164,457,457,432,432,457,457,494,123,493,123,618,123,589,705,488,432,432,123,123,624,496,437,361,322,314,472,537,471,456,488,376,494,493,494,763,457,494,611,457,305,82,143,58,457,457,123,123,457,457,123,123,123,493,494,493,506,665,616,660,418,123,123,494,498,553,479,416,504,416,493,611,238,303,240,473,474,474,763,457,473,473,457
06/03/2026 16:05:00,213,170,163,452,452,436,436,452,452,497,123,497,123,626,123,604,708,503,436,436,123,123,544,453,423,365,350,339,494,567,492,480,494,396,497,497,497,750,452,497,601,452,300,82,142,58,452,452,123,123,452,452,123,123,123,497,497,497,503,662,612,635,394,123,123,497,442,524,435,390,495,390,497,601,299,342,301,466,465,465,750,452,466,466,452
06/03/2026 16:10:00,191,144,145,452,452,437,437,452,452,508,123,507,123,629,123,612,710,504,437,437,123,123,541,435,394,347,333,322,493,564,491,535,536,440,508,507,506,755,452,508,604,452,302,82,142,58,452,452,123,123,452,452,123,123,123,507,506,507,509,669,616,660,405,123,123,506,456,515,446,381,504,381,507,604,270,319,271,468,468,468,755,452,468,468,452
06/03/2026 16:15:00,234,189,179,449,449,428,428,449,449,510,123,511,123,626,123,588,746,488,428,428,123,123,536,441,407,357,333,322,485,553,483,492,519,406,510,511,511,748,449,510,598,449,300,82,141,58,449,449,123,123,449,449,123,123,123,511,511,511,502,668,616,635,403,123,123,511,515,558,493,430,520,428,511,598,291,354,293,464,464,464,748,449,464,464,449
06/03/2026 16:20:00,233,181,177,448,448,433,433,448,448,510,124,511,123,626,124,573,734,475,433,433,124,124,580,488,449,395,344,336,457,459,456,517,534,429,510,511,511,746,448,510,597,448,298,82,141,58,448,448,123,124,448,448,124,124,124,511,511,511,532,665,580,637,404,124,124,511,510,584,489,440,523,438,511,597,248,293,250,463,463,463,746,448,463,463,448
06/03/2026 16:25:00,236,190,181,445,445,434,434,445,445,505,124,505,123,624,124,586,735,483,434,434,124,124,612,488,442,378,332,323,459,433,457,497,496,413,505,505,506,742,445,505,593,445,296,82,140,58,445,445,123,124,445,445,124,124,124,505,506,505,551,707,681,727,443,124,124,506,507,565,486,398,509,397,505,593,243,314,243,459,459,459,742,445,459,459,445
06/03/2026 16:30:00,216,154,164,440,440,429,429,440,440,502,124,502,123,623,124,650,786,535,429,429,124,124,578,473,431,367,329,324,464,442,462,471,485,390,502,502,502,733,440,502,586,440,293,82,139,58,440,440,123,124,440,440,124,124,124,502,502,502,499,656,619,636,416,124,124,502,508,550,489,416,516,416,502,586,306,358,306,449,449,449,733,440,449,449,440
06/03/2026 16:35:00,218,168,165,452,452,429,429,452,452,508,124,507,123,624,124,618,777,514,429,429,124,124,568,494,470,353,300,291,517,511,515,493,502,411,508,507,506,750,452,508,601,452,300,82,142,58,452,452,123,124,452,452,124,124,124,507,506,507,492,661,621,665,422,124,124,506,433,497,429,403,490,404,507,601,288,343,289,452,452,452,750,452,452,452,452
06/03/2026 16:40:00,264,220,203,448,448,436,436,448,448,516,124,516,123,629,124,622,781,516,436,436,124,124,534,419,380,337,303,298,456,426,455,497,517,413,516,516,516,746,448,516,597,448,298,82,141,58,448,448,123,124,448,448,124,124,124,516,516,516,534,694,605,639,410,124,124,516,492,545,476,407,503,406,516,597,220,287,222,457,457,457,746,448,457,457,448
06/03/2026 16:45:00,245,198,188,462,462,428,428,462,462,516,124,516,123,631,124,643,780,530,428,428,124,124,530,419,392,344,310,308,475,466,473,473,504,390,516,516,516,769,462,516,616,462,308,82,145,58,462,462,123,124,462,462,124,124,124,516,516,516,513,646,567,609,376,124,124,516,456,523,442,409,502,410,516,616,267,328,267,457,457,457,769,462,457,457,462
06/03/2026 16:50:00,241,196,185,464,464,427,427,464,464,513,124,513,123,624,124,591,745,490,427,427,124,124,547,447,416,335,294,287,448,425,447,460,492,382,513,513,513,773,464,513,619,464,309,82,145,58,464,464,123,124,464,464,124,124,124,513,513,513,511,649,597,634,389,124,124,513,474,545,458,440,510,438,513,619,270,343,271,449,451,451,773,464,449,449,464
06/03/2026 16:55:00,255,205,196,438,438,425,425,438,438,508,124,507,123,624,124,571,706,474,425,425,124,124,536,432,396,336,326,313,418,402,416,476,499,394,508,507,506,729,438,508,583,438,292,82,138,58,438,438,123,124,438,438,124,124,124,507,506,507,455,601,534,557,361,124,124,506,436,482,424,401,477,401,507,583,246,312,246,449,451,451,729,438,449,449,438
06/03/2026 17:00:00,233,198,178,443,443,429,429,443,443,503,124,503,123,623,124,632,752,523,429,429,124,124,499,406,389,353,333,325,478,461,478,441,448,365,503,503,502,739,443,503,591,443,296,82,140,58,443,443,123,124,443,443,124,124,124,503,502,503,465,581,537,561,365,124,124,502,472,494,456,401,496,401,503,591,256,305,258,452,451,451,739,443,452,452,443
06/03/2026 17:05:00,251,223,191,449,449,433,433,449,449,509,124,508,123,626,124,577,725,478,433,433,124,124,592,479,436,360,337,322,472,459,472,471,494,390,509,508,510,750,449,509,600,449,300,82,141,58,449,449,123,124,449,449,124,124,124,508,510,508,489,642,610,618,391,124,124,510,494,549,477,436,518,435,508,600,248,327,250,455,455,455,750,449,455,455,449
06/03/2026 17:10:00,240,208,182,469,469,432,432,469,469,522,124,522,123,626,124,658,809,542,432,432,124,124,568,447,419,347,326,318,489,482,487,541,561,450,522,522,522,782,469,522,626,469,313,82,147,58,469,469,123,124,469,469,124,124,124,522,522,522,529,687,612,649,396,124,124,522,483,549,467,409,509,410,522,626,245,307,247,445,445,445,782,469,445,445,469
06/03/2026 17:15:00,229,206,174,472,472,434,434,472,472,522,124,522,123,618,124,629,765,521,434,434,124,124,547,450,420,363,344,328,481,468,479,510,536,421,522,522,522,787,472,522,630,472,315,82,147,58,472,472,123,124,472,472,124,124,124,522,522,522,552,691,573,628,379,124,124,522,506,530,491,423,517,424,522,630,205,263,209,448,448,448,787,472,448,448,472
06/03/2026 17:20:00,236,208,180,442,442,434,434,442,442,521,124,521,123,623,124,608,755,502,434,434,124,124,561,456,425,367,338,328,490,484,489,485,529,402,521,521,521,738,442,521,589,442,294,82,139,58,442,442,123,124,442,442,124,124,124,521,521,521,535,687,662,659,416,124,124,521,535,572,511,462,541,462,521,589,270,324,271,445,444,444,738,442,445,445,442
06/03/2026 17:25:00,245,216,188,425,425,437,437,425,425,515,125,515,126,624,125,638,788,525,437,437,125,125,580,485,453,391,383,362,510,487,509,490,526,403,515,515,515,709,425,515,566,425,283,82,135,58,425,425,126,125,425,425,125,125,125,515,515,515,494,670,609,638,406,125,125,515,484,545,468,436,544,435,515,566,285,345,285,439,439,439,709,425,439,439,425
06/03/2026 17:30:00,241,208,185,463,463,428,428,463,463,515,125,515,126,624,125,627,776,519,428,428,125,125,592,502,469,416,359,350,472,455,471,480,498,396,515,515,515,771,463,515,616,463,308,82,145,58,463,463,126,125,463,463,125,125,125,515,515,515,536,665,620,655,427,125,125,515,519,573,496,442,527,442,515,616,242,310,242,442,441,441,771,463,442,442,463
06/03/2026 17:35:00,222,190,170,426,426,436,436,426,426,511,125,511,126,621,125,590,705,488,436,436,125,125,568,467,422,371,321,315,392,369,391,479,483,398,511,511,511,710,426,511,570,426,285,82,135,58,426,426,126,125,426,426,125,125,125,511,511,511,495,647,580,633,399,125,125,511,513,555,493,409,517,410,511,570,238,291,239,441,441,441,710,426,441,441,426
06/03/2026 17:40:00,232,204,177,457,457,438,438,457,457,510,125,511,126,623,125,611,747,506,438,438,125,125,578,463,410,349,288,292,455,442,453,506,521,419,510,511,511,763,457,510,611,457,305,82,143,58,457,457,126,125,457,457,125,125,125,511,511,511,521,677,568,620,383,125,125,511,444,517,432,394,522,394,511,611,283,363,284,440,440,440,763,457,440,440,457
06/03/2026 17:45:00,225,186,171,461,461,441,441,461,461,509,124,508,123,618,124,611,722,500,441,441,124,124,522,429,410,353,304,302,429,413,426,472,453,392,509,508,510,769,461,509,614,461,307,82,144,58,461,461,123,124,461,461,124,124,124,508,510,508,505,648,634,640,402,124,124,510,498,539,481,427,497,426,508,614,285,371,285,436,436,436,769,461,436,436,461
06/03/2026 17:50:00,225,175,171,449,449,448,448,449,449,505,124,505,123,616,124,582,705,482,448,448,124,124,503,438,418,374,339,332,423,403,422,456,460,380,505,505,506,748,449,505,598,449,300,82,141,58,449,449,123,124,449,449,124,124,124,505,506,505,494,666,590,642,383,124,124,506,495,538,479,371,481,372,505,598,249,305,250,439,439,439,748,449,439,439,449
06/03/2026 17:55:00,206,168,157,440,440,446,446,440,440,501,124,501,123,621,124,590,705,489,446,446,124,124,571,468,428,353,313,305,448,429,448,461,467,380,501,501,502,733,440,501,586,440,293,82,139,58,440,440,123,124,440,440,124,124,124,501,502,501,508,651,567,610,387,124,124,502,459,492,446,371,484,372,501,586,284,360,285,440,440,440,733,440,440,440,440
06/03/2026 18:00:00,201,162,153,429,429,443,443,429,429,496,123,496,123,619,123,549,689,455,443,443,123,123,510,435,416,333,316,306,442,417,440,473,467,389,496,496,497,714,429,496,571,429,286,82,136,58,429,429,123,123,429,429,123,123,123,496,497,496,460,631,595,620,395,123,123,497,459,514,445,423,513,424,496,571,270,331,271,437,437,437,714,429,437,437,429
06/03/2026 18:05:00,196,151,149,445,445,452,452,445,445,497,123,497,123,619,123,603,726,501,452,452,123,123,595,458,418,317,292,283,422,404,422,436,442,361,497,497,497,742,445,497,593,445,296,82,140,58,445,445,123,123,445,445,123,123,123,497,497,497,475,593,552,576,363,123,123,497,419,476,417,430,491,428,497,593,242,294,242,454,455,455,742,445,454,454,445
06/03/2026 18:10:00,207,170,158,441,441,455,455,441,441,505,123,507,123,626,123,568,681,469,455,455,123,123,506,459,440,367,303,297,443,422,441,435,447,359,505,507,506,733,441,505,587,441,294,82,139,58,441,441,123,123,441,441,123,123,123,507,506,507,443,591,537,566,372,123,123,506,437,483,425,394,480,394,507,587,261,329,263,457,457,457,733,441,457,457,441
06/03/2026 18:15:00,213,161,162,452,452,463,463,452,452,505,124,505,123,629,124,590,720,489,463,463,124,124,595,486,437,348,295,287,431,404,430,472,489,390,505,505,506,750,452,505,601,452,300,82,142,58,452,452,123,124,452,452,124,124,124,505,506,505,481,591,544,545,368,124,124,506,498,541,481,413,499,414,505,601,298,363,300,463,463,463,750,452,463,463,452
06/03/2026 18:20:00,218,173,167,449,449,462,462,449,449,503,124,503,123,626,124,580,718,479,462,462,124,124,503,446,429,367,336,327,425,416,422,442,462,365,503,503,502,750,449,503,600,449,300,82,141,58,449,449,123,124,449,449,124,124,124,503,502,503,487,648,593,629,396,124,124,502,474,533,458,416,500,416,503,600,274,350,275,461,461,461,750,449,461,461,449
06/03/2026 18:25:00,207,159,158,454,454,469,469,454,454,498,124,497,123,631,124,581,703,482,469,469,124,124,530,461,445,359,316,305,499,483,498,439,459,364,498,497,497,755,454,498,606,454,302,82,142,58,454,454,123,124,454,454,124,124,124,497,497,497,439,586,541,558,363,124,124,497,483,515,466,409,495,410,497,606,329,386,331,457,457,457,755,454,457,457,454
06/03/2026 18:30:00,203,161,154,459,459,474,474,459,459,493,122,493,121,629,122,569,715,472,474,474,123,123,563,451,415,359,341,329,447,434,445,498,503,410,493,493,493,766,459,493,613,459,306,82,144,58,459,459,121,123,459,459,122,122,123,493,493,493,450,609,539,589,369,123,123,493,451,516,443,398,503,397,493,613,306,379,306,457,457,457,766,459,457,457,459
06/03/2026 18:35:00,222,170,170,455,455,470,470,455,455,489,123,488,123,626,123,564,688,465,470,470,123,123,550,447,422,387,348,339,446,426,444,416,454,343,489,488,489,758,455,489,607,455,303,82,143,58,455,455,123,123,455,455,123,123,123,488,489,488,469,603,567,595,370,123,123,489,446,501,432,398,491,397,488,607,286,371,287,459,460,460,758,455,459,459,455
06/03/2026 18:40:00,187,134,142,459,459,474,474,459,459,486,122,486,121,627,122,563,638,466,474,474,123,123,557,442,421,375,313,310,430,414,429,455,454,375,486,486,487,766,459,486,613,459,306,82,144,58,459,459,121,123,459,459,122,122,123,486,487,486,483,607,542,570,365,123,123,487,456,509,446,420,478,420,486,613,314,369,315,475,474,474,766,459,475,475,459
06/03/2026 18:45:00,198,148,151,468,468,472,472,468,468,484,121,484,121,626,121,525,619,432,472,472,121,121,485,424,424,360,293,293,404,383,404,452,462,376,484,484,484,779,468,484,623,468,311,82,146,58,468,468,121,121,468,468,121,121,121,484,484,484,469,621,561,592,383,121,121,484,406,493,401,420,504,420,484,623,288,374,289,466,465,465,779,468,466,466,468
06/03/2026 18:50:00,192,127,146,466,466,472,472,466,466,474,120,474,121,623,120,419,503,348,472,472,119,119,466,370,355,297,285,274,343,320,340,391,394,323,474,474,474,776,466,474,620,466,311,82,146,58,466,466,121,119,466,466,120,120,119,474,474,474,479,632,600,650,398,119,119,474,465,507,453,364,472,365,474,620,408,505,409,482,482,482,776,466,482,482,466
06/03/2026 18:55:00,191,126,144,466,466,474,474,466,466,464,119,464,119,618,119,419,490,348,474,474,119,119,472,373,362,351,308,305,357,340,356,344,363,284,464,464,465,776,466,464,620,466,311,82,146,58,466,466,119,119,466,466,119,119,119,464,465,464,456,573,520,526,333,119,119,465,429,490,425,398,477,397,464,620,365,471,367,482,482,482,776,466,482,482,466
06/03/2026 19:00:00,178,111,135,463,463,474,474,463,463,459,118,459,117,612,118,446,524,369,474,474,119,119,466,369,359,301,286,276,319,295,318,379,367,312,459,459,457,771,463,459,616,463,308,82,145,58,463,463,117,119,463,463,118,118,119,459,457,459,436,574,520,548,366,119,119,457,463,516,451,398,505,397,459,616,379,475,382,485,484,484,771,463,485,485,463
06/03/2026 19:05:00,169,115,128,475,475,478,478,475,475,457,118,457,117,615,118,426,510,354,478,478,119,119,503,412,393,333,242,248,337,319,334,354,337,291,457,457,456,790,475,457,632,475,317,82,148,58,475,475,117,119,475,475,118,118,119,457,456,457,434,564,512,551,357,119,119,456,489,508,471,401,471,401,457,632,342,420,346,490,490,490,790,475,490,490,475
06/03/2026 19:10:00,173,109,131,487,487,486,486,487,487,459,116,459,117,612,116,486,571,401,486,486,116,116,435,364,349,331,305,297,379,355,379,413,430,340,459,459,457,813,487,459,650,487,325,82,151,58,487,487,117,116,487,487,116,116,116,459,457,459,430,532,503,519,338,116,116,457,474,509,458,407,487,406,459,650,424,524,427,504,504,504,813,487,504,504,487
06/03/2026 19:15:00,179,124,136,489,489,486,486,489,489,459,116,460,117,618,116,430,488,356,486,486,116,116,489,408,392,360,326,315,408,396,408,413,413,341,459,460,460,817,489,459,653,489,326,82,152,58,489,489,117,116,489,489,116,116,116,460,460,460,443,559,508,535,363,116,116,460,504,536,484,420,495,420,460,653,362,436,362,505,507,507,817,489,505,505,489
06/03/2026 19:20:00,163,104,123,487,487,484,484,487,487,456,114,455,113,614,114,503,567,413,484,484,115,115,466,362,352,323,268,270,349,323,348,420,421,346,456,455,456,813,487,456,650,487,325,82,151,58,487,487,113,115,487,487,114,114,115,455,456,455,435,564,506,519,351,115,115,456,500,514,480,409,464,410,455,650,350,406,350,513,513,513,813,487,513,513,487
06/03/2026 19:25:00,169,111,128,487,487,480,480,487,487,448,113,448,112,609,113,434,485,358,480,480,113,113,435,352,339,315,307,297,365,339,362,410,404,337,448,448,447,812,487,448,649,487,325,82,151,58,487,487,112,113,487,487,113,113,113,448,447,448,413,510,467,476,312,113,113,447,432,477,424,394,486,394,448,649,371,457,372,524,524,524,812,487,524,524,487
06/03/2026 19:30:00,183,126,139,473,473,480,480,473,473,443,112,443,112,603,112,438,492,360,480,480,112,112,466,371,349,319,273,271,373,362,371,377,388,310,443,443,442,789,473,443,630,473,315,82,148,58,473,473,112,112,473,473,112,112,112,443,442,443,365,475,485,485,319,112,112,442,437,478,432,358,418,359,443,630,350,411,350,528,528,528,789,473,528,528,473
06/03/2026 19:35:00,173,125,132,468,468,478,478,468,468,439,109,439,110,599,109,442,512,367,478,478,109,109,462,354,338,319,273,272,353,338,352,386,361,319,439,439,440,780,468,439,624,468,313,82,146,58,468,468,110,109,468,468,109,109,109,439,440,439,373,463,412,443,300,109,109,440,325,366,343,323,371,324,439,624,340,406,343,531,530,530,780,468,531,531,468
06/03/2026 19:40:00,148,96,113,466,466,478,478,466,466,435,109,435,108,597,109,412,488,340,478,478,109,109,485,405,384,331,275,274,382,340,379,353,343,292,435,435,435,778,466,435,623,466,311,90,151,66,466,466,108,109,466,466,109,109,109,435,435,435,430,538,481,508,334,109,109,435,327,378,339,375,378,376,435,623,314,386,315,538,537,537,778,466,538,538,466
06/03/2026 19:45:00,141,88,107,461,461,470,470,461,461,431,106,432,106,588,106,431,461,354,470,470,105,105,468,360,343,306,276,272,406,452,405,402,401,330,431,432,431,769,461,431,614,461,307,126,170,95,461,461,106,105,461,461,106,106,105,432,431,432,394,457,440,444,313,105,105,431,376,383,365,326,347,327,432,614,351,414,353,538,537,537,769,461,538,538,461
06/03/2026 19:50:00,153,100,116,456,456,470,470,456,456,422,102,421,103,581,102,388,468,322,470,470,104,104,427,343,335,319,271,273,363,401,361,341,339,281,422,421,421,759,456,422,607,456,304,211,218,162,456,456,103,104,456,456,102,102,104,421,421,421,414,509,467,476,323,104,104,421,365,393,365,297,354,297,421,607,358,400,360,536,537,537,759,456,536,536,456
06/03/2026 19:55:00,154,94,117,445,445,461,461,445,445,415,100,415,100,572,100,383,411,318,461,461,100,100,431,322,294,277,279,279,383,429,383,391,387,323,415,415,415,743,445,415,594,445,298,189,202,144,445,445,100,100,445,445,100,100,100,415,415,415,391,484,490,489,338,100,100,415,342,352,333,291,305,292,415,594,318,354,319,534,534,534,743,445,534,534,445
06/03/2026 20:00:00,139,88,105,438,438,452,452,438,438,406,98,406,98,564,98,442,490,367,452,452,98,98,420,328,301,266,233,233,333,366,330,365,343,302,406,406,406,731,438,406,584,438,292,214,215,165,438,438,98,98,438,438,98,98,98,406,406,406,357,434,425,428,319,98,98,406,357,383,368,291,329,292,406,584,331,374,332,533,533,533,731,438,533,533,438
06/03/2026 20:05:00,157,105,120,438,438,452,452,438,438,402,95,402,95,562,95,453,480,374,452,452,96,96,435,332,322,288,258,257,359,394,357,366,377,301,402,402,402,731,438,402,584,438,292,194,203,149,438,438,95,96,438,438,95,95,96,402,402,402,395,487,446,448,313,96,96,402,342,364,345,300,325,301,402,584,316,367,319,533,533,533,731,438,533,533,438
06/03/2026 20:10:00,166,109,125,436,436,451,451,436,436,406,93,406,93,562,93,431,472,355,451,451,92,92,419,313,296,285,289,280,322,344,319,381,363,314,406,406,406,727,436,406,583,436,291,194,203,149,436,436,93,92,436,436,93,93,92,406,406,406,366,433,386,413,291,92,92,406,361,367,362,318,324,319,406,583,320,379,321,535,534,534,727,436,535,535,436
06/03/2026 20:15:00,152,95,115,436,436,451,451,436,436,407,91,406,91,560,91,468,508,386,451,451,91,91,424,310,291,297,271,270,322,345,320,349,345,287,407,406,407,727,436,407,583,436,291,175,192,133,436,436,91,91,436,436,91,91,91,406,407,406,377,422,426,404,298,91,91,407,316,336,324,303,321,305,406,583,329,365,330,539,539,539,727,436,539,539,436
06/03/2026 20:20:00,159,100,120,436,436,445,445,436,436,400,89,400,89,556,89,493,539,407,445,445,90,90,414,319,308,292,255,252,304,328,302,389,374,321,400,400,400,727,436,400,583,436,291,185,198,141,436,436,89,90,436,436,89,89,90,400,400,400,410,460,440,426,303,90,90,400,325,342,343,316,336,318,400,583,338,390,339,533,533,533,727,436,533,533,436
06/03/2026 20:25:00,162,108,122,429,429,433,433,429,429,388,86,388,85,538,86,469,514,387,433,433,86,86,401,311,293,282,253,252,359,398,357,386,352,319,388,388,389,714,429,388,571,429,286,206,208,158,429,429,85,86,429,429,86,86,86,388,389,388,385,470,446,446,307,86,86,389,324,363,339,303,337,305,388,571,346,385,347,524,524,524,714,429,524,524,429
06/03/2026 20:30:00,159,100,121,431,431,429,429,431,431,383,83,383,83,530,83,447,495,372,429,429,82,82,427,334,327,297,275,268,306,329,305,363,361,299,383,383,384,718,431,383,574,431,287,198,203,151,431,431,83,82,431,431,83,83,82,383,384,383,352,433,427,413,301,82,82,384,335,323,333,281,286,282,383,574,329,371,331,524,524,524,718,431,524,524,431
06/03/2026 20:35:00,158,103,120,426,426,434,434,426,426,384,80,384,80,530,80,415,474,340,434,434,80,80,419,316,303,281,248,251,304,327,302,394,360,323,384,384,385,709,426,384,568,426,284,202,205,155,426,426,80,80,426,426,80,80,80,384,385,384,324,405,440,432,315,80,80,385,347,343,349,336,338,336,384,568,350,402,350,524,523,523,709,426,524,524,426
06/03/2026 20:40:00,177,118,134,426,426,438,438,426,426,382,79,382,79,529,79,453,513,374,438,438,79,79,393,297,285,270,264,259,302,327,300,317,320,258,382,382,382,709,426,382,568,426,284,214,212,165,426,426,79,79,426,426,79,79,79,382,382,382,372,413,413,400,299,79,79,382,361,364,356,334,316,337,382,568,371,424,372,535,534,534,709,426,535,535,426
06/03/2026 20:45:00,140,85,107,424,424,426,426,424,424,381,76,382,77,526,76,471,517,391,426,426,77,77,424,333,307,283,246,248,288,263,288,359,337,295,381,382,380,706,424,381,564,424,283,183,193,140,424,424,77,77,424,424,76,76,77,382,380,382,341,370,359,345,261,77,77,380,339,324,342,326,314,327,382,564,378,448,378,532,532,532,706,424,532,532,424
06/03/2026 20:50:00,146,88,110,422,422,422,422,422,422,376,75,375,76,516,75,440,500,365,422,422,75,75,391,303,294,296,278,272,319,293,317,318,295,261,376,375,375,705,422,376,564,422,282,171,186,131,422,422,76,75,422,422,75,75,75,375,375,375,407,466,419,430,310,75,75,375,373,371,362,291,308,292,375,564,351,428,353,524,524,524,705,422,524,524,422
06/03/2026 20:55:00,176,126,133,418,418,415,415,418,418,370,72,371,73,512,72,439,469,364,415,415,73,73,444,331,315,284,240,244,318,297,315,355,333,292,370,371,370,696,418,370,557,418,279,169,184,128,418,418,73,73,418,418,72,72,73,371,370,371,351,397,399,406,290,73,73,370,257,282,273,261,274,263,371,557,369,438,370,531,531,531,696,418,531,531,418
06/03/2026 21:00:00,153,94,115,408,408,411,411,408,408,369,72,369,71,500,72,452,500,375,411,411,72,72,420,310,294,268,262,255,274,261,272,342,320,282,369,369,368,679,408,369,544,408,272,163,177,123,408,408,71,72,408,408,72,72,72,369,368,369,323,358,360,358,269,72,72,368,297,304,304,300,288,301,369,544,338,419,339,527,527,527,679,408,527,527,408
06/03/2026 21:05:00,133,75,99,413,413,406,406,413,413,369,70,369,70,500,70,458,507,377,406,406,70,70,419,314,303,284,279,272,322,304,320,341,312,280,369,369,368,688,413,369,551,413,275,185,192,141,413,413,70,70,413,413,70,70,70,369,368,369,345,398,388,378,285,70,70,368,320,315,314,281,289,282,369,551,332,374,333,520,520,520,688,413,520,520,413
06/03/2026 21:10:00,155,105,117,419,419,419,419,419,419,372,70,373,70,506,70,439,494,362,419,419,70,70,408,292,278,274,244,247,322,289,322,363,338,299,372,373,371,700,419,372,560,419,280,198,200,151,419,419,70,70,419,419,70,70,70,373,371,373,340,391,353,341,276,70,70,371,306,312,310,310,320,311,373,560,347,383,350,527,527,527,700,419,527,527,419
06/03/2026 21:15:00,139,85,104,426,426,418,418,426,426,376,70,377,70,512,70,465,511,384,418,418,70,70,420,350,337,318,258,262,311,287,309,363,341,299,376,377,376,709,426,376,568,426,284,185,195,141,426,426,70,70,426,426,70,70,70,377,376,377,310,348,302,334,268,70,70,376,324,313,314,300,284,301,377,568,332,377,333,528,529,529,709,426,528,528,426
06/03/2026 21:20:00,146,79,110,429,429,415,415,429,429,373,69,373,70,511,69,437,468,361,415,415,68,68,393,285,254,252,240,244,317,295,315,399,391,329,373,373,374,717,429,373,574,429,287,189,198,144,429,429,70,68,429,429,69,69,68,373,374,373,322,376,347,355,276,68,68,374,312,335,320,277,270,279,373,574,337,369,339,524,525,525,717,429,524,524,429
06/03/2026 21:25:00,131,61,99,425,425,406,406,425,425,365,66,365,66,499,66,420,499,345,406,406,66,66,393,287,278,267,237,237,322,284,320,337,306,278,365,365,365,709,425,365,566,425,283,200,204,152,425,425,66,66,425,425,66,66,66,365,365,365,345,380,334,326,270,66,66,365,335,329,339,284,276,285,365,566,312,344,314,524,525,525,709,425,524,524,425
06/03/2026 21:30:00,154,86,117,416,416,396,396,416,416,360,64,359,64,488,64,445,467,366,396,396,63,63,411,323,308,284,236,240,327,296,326,343,299,282,360,359,361,694,416,360,555,416,277,179,188,134,416,416,64,63,416,416,64,64,63,359,361,359,299,313,323,307,249,63,63,361,276,264,288,275,267,276,359,555,324,376,325,517,517,517,694,416,517,517,416
06/03/2026 21:35:00,129,76,97,410,410,396,396,410,410,352,62,352,62,482,62,443,498,365,396,396,63,63,411,324,310,297,233,240,334,300,332,369,368,303,352,352,353,684,410,352,547,410,273,158,175,119,410,410,62,63,410,410,62,62,63,352,353,352,326,355,329,319,243,63,63,353,280,307,304,261,273,263,352,547,339,350,339,517,518,518,684,410,517,517,410
06/03/2026 21:40:00,116,61,88,406,406,392,392,406,406,350,60,350,62,482,60,439,495,363,392,392,61,61,391,289,268,254,210,216,300,277,298,362,344,299,350,350,349,677,406,350,541,406,271,163,177,123,406,406,62,61,406,406,60,60,61,350,349,350,320,360,321,319,241,61,61,349,272,314,300,264,290,266,350,541,301,318,303,519,519,519,677,406,519,519,406
06/03/2026 21:45:00,120,64,89,402,402,392,392,402,402,343,60,344,62,479,60,420,457,347,392,392,61,61,404,282,252,251,241,247,305,281,303,320,308,263,343,344,344,669,402,343,536,402,268,214,206,165,402,402,62,61,402,402,60,60,61,344,344,344,290,343,311,322,255,61,61,344,258,277,286,245,247,247,344,536,307,335,308,515,515,515,669,402,515,515,402
06/03/2026 21:50:00,126,74,95,395,395,373,373,395,395,333,58,333,57,466,58,449,492,371,373,373,59,59,414,296,272,265,235,236,297,278,295,325,306,267,333,333,333,659,395,333,527,395,264,185,187,141,395,395,57,59,395,395,58,58,59,333,333,333,266,305,279,289,226,59,59,333,312,316,320,251,284,253,333,527,324,346,325,505,507,507,659,395,505,505,395
06/03/2026 21:55:00,134,75,102,383,383,369,369,383,383,322,56,322,56,455,56,410,424,340,369,369,56,56,329,243,241,261,239,239,268,237,267,321,309,264,322,322,323,638,383,322,511,383,256,206,196,158,383,383,56,56,383,383,56,56,56,322,323,322,309,325,339,325,257,56,56,323,297,277,307,249,262,250,322,511,312,341,314,502,502,502,638,383,502,502,383
06/03/2026 22:00:00,125,63,95,375,375,359,359,375,375,317,53,317,55,448,53,410,412,337,359,359,53,53,374,267,256,240,202,210,248,222,245,312,277,257,317,317,317,623,375,317,500,375,250,183,180,140,375,375,55,53,375,375,53,53,53,317,317,317,329,368,330,340,258,53,53,317,309,308,315,291,271,292,317,500,281,321,281,498,497,497,623,375,498,498,375
06/03/2026 22:05:00,116,58,86,376,376,366,366,376,376,316,53,316,53,448,53,460,462,378,366,366,53,53,329,239,229,239,192,202,280,246,278,295,268,242,316,316,315,626,376,316,501,376,250,171,174,131,376,376,53,53,376,376,53,53,53,316,315,316,311,333,290,319,241,53,53,315,269,268,282,245,234,247,316,501,302,335,304,494,493,493,626,376,494,494,376
06/03/2026 22:10:00,120,64,89,372,372,366,366,372,372,317,53,317,53,449,53,387,408,316,366,366,53,53,342,231,220,236,205,211,249,230,245,324,311,268,317,317,318,619,372,317,496,372,248,192,185,147,372,372,53,53,372,372,53,53,53,317,318,317,277,286,283,301,234,53,53,318,273,281,285,284,285,285,317,496,295,327,296,501,501,501,619,372,501,501,372
06/03/2026 22:15:00,110,61,83,376,376,366,366,376,376,313,52,314,53,453,52,396,414,324,366,366,52,52,333,227,211,203,189,191,241,210,240,328,309,270,313,314,315,626,376,313,501,376,250,179,178,134,376,376,53,52,376,376,52,52,52,314,315,314,311,333,311,315,245,52,52,315,284,275,296,245,252,247,314,501,320,345,323,496,496,496,626,376,496,496,376
06/03/2026 22:20:00,102,47,75,362,362,359,359,362,362,306,50,306,50,443,50,408,444,336,359,359,49,49,376,267,244,261,250,251,278,262,276,301,265,247,306,306,307,603,362,306,482,362,241,179,175,137,362,362,50,49,362,362,50,50,49,306,307,306,305,342,313,316,245,49,49,307,249,276,278,261,261,263,306,482,304,336,304,490,490,490,603,362,490,490,362
06/03/2026 22:25:00,97,43,71,357,357,343,343,357,357,294,49,296,48,430,49,366,376,302,343,343,49,49,337,262,255,255,213,219,262,237,259,311,289,257,294,296,294,596,357,294,477,357,238,179,173,134,357,357,48,49,357,357,49,49,49,296,294,296,318,355,361,353,262,49,49,294,297,303,314,258,251,259,296,477,281,280,282,468,469,469,596,357,468,468,357
06/03/2026 22:30:00,108,60,81,352,352,329,329,352,352,285,45,285,46,412,45,349,366,290,329,329,45,45,309,210,205,218,206,206,244,216,241,294,264,242,285,285,285,588,352,285,470,352,235,169,166,128,352,352,46,45,352,352,45,45,45,285,285,285,271,279,271,274,235,45,45,285,264,263,274,264,262,266,285,470,289,333,289,459,459,459,588,352,459,459,352
06/03/2026 22:35:00,94,45,71,348,348,319,319,348,348,279,44,279,45,400,44,361,346,295,319,319,44,44,353,230,218,225,213,214,217,190,214,274,223,226,279,279,278,582,348,279,464,348,232,175,168,133,348,348,45,44,348,348,44,44,44,279,278,279,286,294,298,285,226,44,44,278,257,264,273,245,228,247,279,464,267,283,267,435,435,435,582,348,435,435,348
06/03/2026 22:40:00,110,50,81,342,342,320,320,342,342,273,43,273,42,389,43,309,306,257,320,320,43,43,329,234,224,235,214,216,253,223,251,294,258,240,273,273,273,568,342,273,455,342,228,179,169,134,342,342,42,43,342,342,43,43,43,273,273,273,282,300,266,279,222,43,43,273,314,286,304,251,240,253,273,455,281,297,282,441,441,441,568,342,441,441,342
06/03/2026 22:45:00,93,44,70,327,327,308,308,327,327,264,41,264,41,385,41,324,309,266,308,308,41,41,309,192,178,210,184,193,203,166,202,291,250,241,264,264,264,545,327,264,436,327,218,156,151,116,327,327,41,41,327,327,41,41,41,264,264,264,290,311,260,265,222,41,41,264,272,276,285,264,260,266,264,436,256,252,256,422,422,422,545,327,422,422,327
06/03/2026 22:50:00,110,49,83,313,313,288,288,313,313,250,39,250,39,369,39,333,335,273,288,288,39,39,295,193,180,199,172,184,214,184,212,246,201,200,250,250,249,521,313,250,416,313,209,185,165,141,313,313,39,39,313,313,39,39,39,250,249,250,281,292,288,290,237,39,39,249,205,216,233,216,189,218,250,416,237,239,238,405,406,406,521,313,405,405,313
06/03/2026 22:55:00,116,64,86,299,299,281,281,299,299,238,37,238,37,352,37,297,284,244,281,281,37,37,316,233,229,231,180,188,212,187,210,233,205,191,238,238,238,497,299,238,399,299,199,116,120,85,299,299,37,37,299,299,37,37,37,238,238,238,237,216,237,204,198,37,37,238,231,216,250,189,188,192,238,399,255,247,257,384,384,384,497,299,384,384,299
06/03/2026 23:00:00,125,66,95,283,283,264,264,283,283,227,35,227,34,340,35,301,272,248,264,264,35,35,265,172,174,197,191,194,207,172,206,279,243,230,227,227,227,471,283,227,377,283,188,158,141,119,283,283,34,35,283,283,35,35,35,227,227,227,265,259,270,263,223,35,35,227,208,197,231,193,186,196,227,377,229,212,231,369,369,369,471,283,369,369,283
06/03/2026 23:05:00,120,62,89,276,276,261,261,276,276,221,33,221,33,335,33,301,265,249,261,261,33,33,295,194,191,204,156,167,201,173,199,244,203,201,221,221,221,460,276,221,369,276,184,140,129,105,276,276,33,33,276,276,33,33,33,221,221,221,251,229,233,224,207,33,33,221,216,186,233,164,156,166,221,369,239,225,238,369,369,369,460,276,369,369,276
06/03/2026 23:10:00,108,55,81,263,263,264,264,263,263,218,32,219,32,327,32,297,296,246,264,264,33,33,306,207,192,197,171,180,194,171,192,263,209,215,218,219,219,437,263,218,350,263,175,158,136,119,263,263,32,33,263,263,32,32,33,219,219,219,250,239,264,247,223,33,33,219,178,188,224,209,191,211,219,350,225,210,225,369,369,369,437,263,369,369,263
06/03/2026 23:15:00,106,52,78,260,260,250,250,260,260,211,30,212,30,316,30,290,272,240,250,250,30,30,282,201,195,222,185,198,229,191,228,262,215,216,211,212,212,434,260,211,347,260,173,138,124,104,260,260,30,30,260,260,30,30,30,212,212,212,241,230,216,208,190,30,30,212,178,193,206,209,185,211,212,347,217,193,219,355,355,355,434,260,355,355,260
06/03/2026 23:20:00,110,56,83,253,253,244,244,253,253,204,27,205,29,307,27,297,289,248,244,244,28,28,289,168,154,176,144,157,169,133,167,232,203,189,204,205,204,423,253,204,339,253,169,140,123,105,253,253,29,28,253,253,27,27,28,205,204,205,230,214,251,216,199,28,28,204,201,176,214,193,157,196,205,339,204,180,207,336,336,336,423,253,336,336,253
06/03/2026 23:25:00,99,38,74,243,243,238,238,243,243,196,27,196,27,294,27,253,232,209,238,238,27,27,271,179,177,184,163,173,209,179,207,260,198,213,196,196,196,405,243,196,324,243,162,130,114,97,243,243,27,27,243,243,27,27,27,196,196,196,250,207,239,211,201,27,27,196,175,165,200,193,162,196,196,324,211,200,212,320,319,319,405,243,320,320,243
06/03/2026 23:30:00,90,35,67,237,237,227,227,237,237,188,26,187,26,279,26,260,233,217,227,227,26,26,240,136,133,165,154,164,189,165,186,238,201,195,188,187,188,394,237,188,316,237,158,130,113,97,237,237,26,26,237,237,26,26,26,187,188,187,220,196,215,188,190,26,26,188,205,172,217,177,146,180,187,316,203,190,206,305,306,306,394,237,305,305,237
06/03/2026 23:35:00,93,39,68,230,230,220,220,230,230,183,23,183,24,271,23,246,211,204,220,220,23,23,247,154,161,184,162,175,174,141,172,232,176,191,183,183,183,385,230,183,306,230,154,169,134,128,230,230,24,23,230,230,23,23,23,183,183,183,218,192,209,167,179,23,23,183,187,159,200,184,165,187,183,306,193,168,196,299,300,300,385,230,299,299,230
06/03/2026 23:40:00,111,48,83,227,227,217,217,227,227,181,23,182,24,266,23,280,251,233,217,217,23,23,231,124,114,147,117,135,150,120,147,209,167,171,181,182,182,378,227,181,302,227,151,160,128,122,227,227,24,23,227,227,23,23,23,182,182,182,227,204,213,195,194,23,23,182,175,151,184,164,130,166,182,302,185,172,184,294,294,294,378,227,294,294,227
06/03/2026 23:45:00,114,56,86,218,218,209,209,218,218,174,22,174,22,261,22,254,211,211,209,209,23,23,247,144,135,155,128,143,159,122,156,201,147,164,174,174,174,361,218,174,288,218,144,144,116,108,218,218,22,23,218,218,22,22,23,174,174,174,229,215,214,189,196,23,23,174,144,166,187,193,157,196,174,288,203,174,206,291,291,291,361,218,291,291,218
06/03/2026 23:50:00,94,39,71,205,205,201,201,205,205,165,21,165,21,249,21,247,218,205,201,201,21,21,224,136,129,157,121,138,146,112,143,192,147,157,165,165,166,342,205,165,273,205,137,121,99,90,205,205,21,21,205,205,21,21,21,165,166,165,190,159,173,162,167,21,21,166,148,157,180,167,147,170,165,273,193,166,193,267,268,268,342,205,267,267,205
06/03/2026 23:55:00,97,44,71,192,192,189,189,192,192,154,19,154,19,238,19,250,226,206,189,189,19,19,238,129,124,153,129,145,181,155,179,179,136,145,154,154,154,320,192,154,255,192,127,138,106,104,192,192,19,19,192,192,19,19,19,154,154,154,202,169,179,170,182,19,19,154,112,129,150,144,123,147,154,255,193,170,196,251,250,250,320,192,251,251,192
