timestamp,777204,777212,777223,777233,777243,772689,772980,777253,777262,774411,774444,717962,717966,774373,717968,761734,718488,717770,718102,718492,717977,717660,768984,718151,717983,774359,717992,717995,776266,718147,776290,718320,776493,776203,763468,718014,768978,776221,776228,718016,776242,776196,776188,777203,777213,777224,777232,777245,772701,772711,777254,777263,774389,774445,717960,717963,774372,716847,717970,761851,717975,717972,761761,718493,717978,716857,717980,761776,774358,717986,717989,776295,718002,776289,718008,718012,776208,716891,718321,716875,776215,776253,718017,718018,776197
06/02/2026 00:00:00,106,44,81,170,170,168,168,170,170,136,16,135,16,202,16,219,168,183,168,168,16,16,238,134,124,150,125,139,155,144,153,173,111,140,136,135,136,283,170,136,227,170,114,126,93,95,170,170,16,16,170,170,16,16,16,135,136,135,210,155,184,160,174,16,16,136,118,103,144,141,106,144,135,227,170,131,170,211,211,211,283,170,211,211,170
06/02/2026 00:05:00,101,41,74,162,162,164,164,162,162,132,16,133,16,199,16,239,199,200,164,164,16,16,206,116,110,140,124,138,137,120,134,189,133,155,132,133,132,271,162,132,217,162,108,135,96,101,162,162,16,16,162,162,16,16,16,133,132,133,230,174,203,174,184,16,16,132,136,115,164,126,107,129,133,217,167,125,169,211,212,212,271,162,211,211,162
06/02/2026 00:10:00,97,39,74,164,164,162,162,164,164,132,15,133,15,193,15,205,153,166,162,162,15,15,215,121,115,143,119,134,148,137,146,169,111,139,132,133,132,273,164,132,218,164,109,138,98,104,164,164,15,15,164,164,15,15,15,133,132,133,217,162,206,176,183,15,15,132,137,109,161,134,96,139,133,218,155,107,155,206,206,206,273,164,206,206,164
06/02/2026 00:15:00,90,37,66,158,158,155,155,158,158,128,15,128,15,187,15,240,202,196,155,155,15,15,193,109,116,143,98,117,111,90,108,182,133,149,128,128,127,265,158,128,211,158,106,135,95,101,158,158,15,15,158,158,15,15,15,128,127,128,232,169,179,165,186,15,15,127,125,99,151,134,90,139,128,211,163,131,164,198,197,197,265,158,198,198,158
06/02/2026 00:20:00,97,42,74,150,150,150,150,150,150,122,14,123,14,179,14,206,151,171,150,150,14,14,206,114,117,155,132,144,138,119,136,155,102,128,122,123,121,249,150,122,201,150,100,126,88,95,150,150,14,14,150,150,14,14,14,123,121,123,183,135,131,131,156,14,14,121,102,99,138,159,113,162,123,201,157,117,158,184,183,183,249,150,184,184,150
06/02/2026 00:25:00,93,35,68,144,144,142,142,144,144,116,12,116,13,170,12,193,136,160,142,142,13,13,187,100,96,128,108,125,114,92,111,173,109,140,116,116,117,240,144,116,192,144,96,175,114,133,144,144,13,13,144,144,12,12,13,116,117,116,209,158,181,154,170,13,13,117,124,106,151,144,109,147,116,192,145,98,147,174,174,174,240,144,174,174,144
06/02/2026 00:30:00,110,47,82,137,137,138,138,137,137,111,12,111,13,163,12,201,142,164,138,138,13,13,197,93,97,123,94,111,113,93,111,167,101,135,111,111,112,229,137,111,183,137,91,99,68,72,137,137,13,13,137,137,12,12,13,111,112,111,201,139,173,150,165,13,13,112,106,79,137,122,81,126,111,183,137,95,138,162,163,163,229,137,162,162,137
06/02/2026 00:35:00,93,40,69,132,132,133,133,132,132,109,11,109,10,161,11,194,142,162,133,133,10,10,210,108,106,136,101,117,129,110,127,168,102,140,109,109,108,221,132,109,177,132,89,126,83,95,132,132,10,10,132,132,11,11,10,109,108,109,179,128,160,147,164,10,10,108,94,84,126,127,92,129,109,177,152,99,152,155,156,156,221,132,155,155,132
06/02/2026 00:40:00,102,45,76,128,128,132,132,128,128,106,10,105,9,155,10,213,149,178,132,132,10,10,193,102,109,133,113,129,116,94,113,188,133,152,106,105,106,212,128,106,171,128,85,133,85,99,128,128,9,10,128,128,10,10,10,105,106,105,189,129,157,141,161,10,10,106,97,99,127,128,85,132,105,171,134,99,139,155,156,156,212,128,155,155,128
06/02/2026 00:45:00,112,44,84,125,125,129,129,125,125,102,10,104,9,147,10,212,164,176,129,129,10,10,171,94,111,125,101,117,120,97,117,187,121,153,102,104,103,207,125,102,168,125,83,121,78,90,125,125,9,10,125,125,10,10,10,104,103,104,213,147,192,166,180,10,10,103,99,86,128,132,87,136,104,168,140,89,139,143,142,142,207,125,143,143,125
06/02/2026 00:50:00,105,47,78,120,120,124,124,120,120,97,9,96,9,138,9,213,153,179,124,124,9,9,187,99,102,138,113,129,111,90,108,159,92,130,97,96,96,200,120,97,160,120,80,135,85,101,120,120,9,9,120,120,9,9,9,96,96,96,200,141,171,142,168,9,9,96,120,80,133,116,75,118,96,160,137,92,139,136,135,135,200,120,136,136,120
06/02/2026 00:55:00,86,38,63,116,116,119,119,116,116,93,9,92,9,131,9,201,137,164,119,119,9,9,197,99,100,135,110,123,97,72,94,166,96,139,93,92,93,194,116,93,154,116,78,119,74,87,116,116,9,9,116,116,9,9,9,92,93,92,170,115,116,109,141,9,9,93,102,81,133,116,72,118,92,154,119,68,121,125,125,125,194,116,125,125,116
06/02/2026 01:00:00,97,45,72,109,109,111,111,109,109,89,7,90,9,129,7,214,160,174,111,111,8,8,176,97,103,135,114,129,111,90,108,154,87,126,89,90,89,181,109,89,145,109,72,126,77,95,109,109,9,8,109,109,7,7,8,90,89,90,139,78,127,101,139,8,8,89,112,69,138,109,54,113,90,145,126,91,125,124,124,124,181,109,124,124,109
06/02/2026 01:05:00,79,25,57,106,106,109,109,106,106,88,7,88,9,126,7,185,119,151,109,109,8,8,187,94,100,139,114,129,102,80,99,161,93,131,88,88,87,178,106,88,142,106,71,119,71,87,106,106,9,8,106,106,7,7,8,88,87,88,175,115,160,125,163,8,8,87,100,69,130,122,75,126,88,142,135,88,133,121,121,121,178,106,121,121,106
06/02/2026 01:10:00,80,32,59,103,103,105,105,103,103,87,7,86,9,123,7,207,146,170,105,105,8,8,203,93,88,124,104,117,120,100,119,165,97,132,87,86,87,173,103,87,138,103,69,124,73,92,103,103,9,8,103,103,7,7,8,86,87,86,173,116,145,120,151,8,8,87,94,82,126,122,87,126,86,138,114,63,115,116,116,116,173,103,116,116,103
06/02/2026 01:15:00,85,33,63,103,103,105,105,103,103,86,7,86,9,122,7,215,158,176,105,105,8,8,170,89,101,121,90,106,110,91,107,159,90,129,86,86,85,173,103,86,138,103,69,119,70,87,103,103,9,8,103,103,7,7,8,86,85,86,215,150,170,142,175,8,8,85,89,68,110,95,61,99,86,138,128,81,129,112,112,112,173,103,112,112,103
06/02/2026 01:20:00,91,35,68,102,102,100,100,102,102,81,7,82,7,118,7,187,126,159,100,100,7,7,188,92,97,135,114,130,124,102,121,151,79,126,81,82,81,169,102,81,135,102,68,135,80,101,102,102,7,7,102,102,7,7,7,82,81,82,174,117,141,110,160,7,7,81,91,74,122,125,73,128,82,135,117,66,117,109,109,109,169,102,109,109,102
06/02/2026 01:25:00,79,24,58,97,97,100,100,97,97,79,7,78,5,112,7,167,108,141,100,100,6,6,176,85,91,124,97,115,110,89,107,167,118,137,79,78,78,161,97,79,129,97,65,126,74,95,97,97,5,6,97,97,7,7,6,78,78,78,175,117,120,100,138,6,6,78,98,75,128,128,72,132,78,129,126,79,126,105,105,105,161,97,105,105,97
06/02/2026 01:30:00,77,29,57,93,93,96,96,93,93,76,7,77,5,111,7,171,103,145,96,96,6,6,193,83,79,113,89,106,109,86,107,159,101,129,76,77,77,155,93,76,124,93,62,111,63,81,93,93,5,6,93,93,7,7,6,77,77,77,173,110,142,103,150,6,6,77,86,69,122,102,58,106,77,124,122,70,123,102,101,101,155,93,102,102,93
06/02/2026 01:35:00,101,40,75,93,93,96,96,93,93,76,7,77,5,112,7,201,130,171,96,96,6,6,165,76,78,113,100,115,114,93,111,164,94,133,76,77,77,157,93,76,125,93,63,124,71,92,93,93,5,6,93,93,7,7,6,77,77,77,174,97,143,107,150,6,6,77,92,67,122,115,80,120,77,125,126,86,125,102,101,101,157,93,102,102,93
06/02/2026 01:40:00,97,39,74,95,95,98,98,95,95,76,7,77,5,107,7,193,128,159,98,98,6,6,193,94,94,129,101,121,117,99,115,153,83,125,76,77,77,158,95,76,126,95,63,124,71,92,95,95,5,6,95,95,7,7,6,77,77,77,169,115,132,112,153,6,6,77,94,70,114,116,67,118,77,126,109,67,112,100,100,100,158,95,100,100,95
06/02/2026 01:45:00,79,29,57,93,93,96,96,93,93,76,7,76,5,106,7,195,138,163,96,96,6,6,197,91,92,115,80,99,116,94,113,170,109,139,76,76,76,155,93,76,124,93,62,135,78,101,93,93,5,6,93,93,7,7,6,76,76,76,167,110,141,108,143,6,6,76,92,69,113,100,57,104,76,124,124,74,123,95,96,96,155,93,95,95,93
06/02/2026 01:50:00,87,33,65,89,89,95,95,89,89,74,5,73,5,102,5,189,129,158,95,95,5,5,176,88,95,133,107,125,106,81,103,140,79,116,74,73,74,149,89,74,119,89,59,126,72,95,89,89,5,5,89,89,5,5,5,73,74,73,175,114,144,97,145,5,5,74,81,52,106,109,63,113,73,119,125,73,124,92,92,92,149,89,92,92,89
06/02/2026 01:55:00,76,25,57,83,83,90,90,83,83,72,5,72,5,98,5,176,119,146,90,90,5,5,183,96,100,126,98,112,107,85,106,142,78,118,72,72,71,139,83,72,111,83,55,97,52,69,83,83,5,5,83,83,5,5,5,72,71,72,164,107,137,96,141,5,5,71,84,58,115,93,50,96,72,111,118,64,118,86,86,86,139,83,86,86,83
06/02/2026 02:00:00,81,28,60,82,82,86,86,82,82,68,5,68,5,95,5,168,105,141,86,86,5,5,165,72,81,111,87,107,114,95,112,161,100,130,68,68,67,136,82,68,109,82,55,102,55,74,82,82,5,5,82,82,5,5,5,68,67,68,146,83,108,78,128,5,5,67,78,52,104,107,64,110,68,109,117,61,118,83,82,82,136,82,83,83,82
06/02/2026 02:05:00,83,30,60,86,86,90,90,86,86,69,5,68,5,96,5,181,113,153,90,90,5,5,156,74,83,121,92,111,101,80,98,154,89,130,69,68,70,141,86,69,113,86,57,90,50,66,86,86,5,5,86,86,5,5,5,68,70,68,161,107,146,116,149,5,5,70,90,62,122,102,51,105,68,113,103,47,103,88,88,88,141,86,88,88,86
06/02/2026 02:10:00,86,28,63,88,88,91,91,88,88,70,5,70,5,98,5,177,109,149,91,91,5,5,187,78,76,108,86,102,113,91,111,149,78,124,70,70,70,146,88,70,118,88,59,88,48,63,88,88,5,5,88,88,5,5,5,70,70,70,145,88,133,93,141,5,5,70,79,50,99,95,56,99,70,118,115,67,119,95,95,95,146,88,95,95,88
06/02/2026 02:15:00,76,27,57,86,86,91,91,86,86,72,5,72,5,97,5,189,122,159,91,91,5,5,179,91,93,123,85,103,108,88,106,168,100,138,72,72,71,144,86,72,115,86,57,116,64,85,86,86,5,5,86,86,5,5,5,72,71,72,161,107,143,100,159,5,5,71,95,67,109,119,65,122,72,115,121,75,119,89,90,90,144,86,89,89,86
06/02/2026 02:20:00,81,26,60,83,83,90,90,83,83,70,5,70,5,96,5,181,119,151,90,90,5,5,210,102,104,133,102,121,124,103,121,143,76,118,70,70,70,139,83,70,111,83,55,119,65,87,83,83,5,5,83,83,5,5,5,70,70,70,160,106,134,105,138,5,5,70,94,67,109,112,72,117,70,111,121,65,119,86,86,86,139,83,86,86,83
06/02/2026 02:25:00,90,35,68,82,82,90,90,82,82,70,5,70,5,93,5,179,118,151,90,90,5,5,159,77,88,117,77,98,101,80,98,164,95,131,70,70,70,136,82,70,109,82,55,133,73,99,82,82,5,5,82,82,5,5,5,70,70,70,165,116,115,104,137,5,5,70,84,54,115,113,56,115,70,109,121,67,121,86,86,86,136,82,86,86,82
06/02/2026 02:30:00,74,29,54,82,82,88,88,82,82,69,4,68,5,95,4,192,129,159,88,88,4,4,197,91,88,108,72,93,99,76,98,134,67,109,69,68,70,136,82,69,109,82,55,126,70,95,82,82,5,4,82,82,4,4,4,68,70,68,142,81,122,86,137,4,4,70,76,58,108,92,49,95,68,109,114,59,115,83,84,84,136,82,83,83,82
06/02/2026 02:35:00,70,19,50,84,84,92,92,84,84,69,5,68,5,93,5,197,135,167,92,92,5,5,193,103,109,137,101,119,116,91,113,160,88,130,69,68,70,141,84,69,112,84,57,126,70,95,84,84,5,5,84,84,5,5,5,68,70,68,160,109,130,107,139,5,5,70,87,58,113,116,60,118,68,112,102,49,102,87,86,86,141,84,87,87,84
06/02/2026 02:40:00,91,31,68,87,87,100,100,87,87,72,5,72,5,95,5,193,140,160,100,100,5,5,183,93,100,137,123,139,138,123,137,166,100,134,72,72,71,145,87,72,115,87,58,119,66,87,87,87,5,5,87,87,5,5,5,72,71,72,173,123,149,115,164,5,5,71,100,63,122,112,63,117,72,115,119,78,122,90,90,90,145,87,90,90,87
06/02/2026 02:45:00,76,22,57,83,83,96,96,83,83,72,5,72,5,95,5,190,141,159,96,96,5,5,203,96,95,127,90,111,103,82,100,151,79,125,72,72,71,139,83,72,111,83,55,111,60,81,83,83,5,5,83,83,5,5,5,72,71,72,172,122,134,110,152,5,5,71,118,77,138,133,68,135,72,111,119,78,117,86,86,86,139,83,86,86,83
06/02/2026 02:50:00,89,36,65,79,79,90,90,79,79,68,5,68,5,91,5,194,133,162,90,90,5,5,193,102,102,136,105,121,117,98,115,149,87,123,68,68,67,131,79,68,105,79,53,111,59,81,79,79,5,5,79,79,5,5,5,68,67,68,199,140,186,136,162,5,5,67,82,64,117,120,70,119,68,105,125,84,129,81,82,82,131,79,81,81,79
06/02/2026 02:55:00,112,58,83,77,77,86,86,77,77,67,5,67,5,87,5,172,102,144,86,86,5,5,179,95,112,146,122,138,113,88,111,168,107,137,67,67,67,128,77,67,104,77,51,119,64,87,77,77,5,5,77,77,5,5,5,67,67,67,172,126,149,107,148,5,5,67,89,62,113,91,55,94,67,104,119,77,116,76,76,76,128,77,76,76,77
06/02/2026 03:00:00,98,45,73,75,75,86,86,75,75,67,5,67,5,87,5,185,123,154,86,86,5,5,176,85,91,115,88,103,109,85,107,165,95,136,67,67,67,124,75,67,100,75,50,107,56,79,75,75,5,5,75,75,5,5,5,67,67,67,175,137,176,141,171,5,5,67,101,70,132,99,47,103,67,100,129,79,128,74,73,73,124,75,74,74,75
06/02/2026 03:05:00,83,32,62,77,77,86,86,77,77,68,5,68,5,87,5,203,144,167,86,86,5,5,206,96,95,119,85,103,101,79,98,145,89,119,68,68,67,128,77,68,104,77,51,107,57,79,77,77,5,5,77,77,5,5,5,68,67,68,174,119,145,114,151,5,5,67,84,64,117,99,54,103,68,104,118,68,119,76,76,76,128,77,76,76,77
06/02/2026 03:10:00,75,28,54,79,79,88,88,79,79,70,7,70,5,89,7,189,133,157,88,88,6,6,231,120,114,141,105,125,135,117,133,150,87,122,70,70,70,132,79,70,105,79,53,102,54,74,79,79,5,6,79,79,7,7,6,70,70,70,185,123,132,116,151,6,6,70,85,66,117,112,72,117,70,105,133,91,134,82,82,82,132,79,82,82,79
06/02/2026 03:15:00,78,20,57,83,83,91,91,83,83,74,7,73,5,92,7,192,137,159,91,91,6,6,170,95,103,135,109,125,142,129,142,159,99,131,74,73,74,139,83,74,111,83,55,126,70,95,83,83,5,6,83,83,7,7,6,73,74,73,191,147,188,133,164,6,6,74,96,90,127,121,75,123,73,111,111,59,113,86,86,86,139,83,86,86,83
06/02/2026 03:20:00,77,17,57,89,89,95,95,89,89,79,7,79,7,96,7,191,128,160,95,95,7,7,226,115,106,138,110,125,141,120,138,179,113,147,79,79,79,149,89,79,119,89,59,116,65,85,89,89,7,7,89,89,7,7,7,79,79,79,215,160,174,138,168,7,7,79,121,90,147,139,87,141,79,119,136,82,136,86,86,86,149,89,86,86,89
06/02/2026 03:25:00,71,11,51,93,93,98,98,93,93,81,7,82,7,97,7,199,148,166,98,98,7,7,203,116,126,141,117,133,131,115,129,181,121,147,81,82,81,157,93,81,125,93,63,121,70,90,93,93,7,7,93,93,7,7,7,82,81,82,201,161,194,168,178,7,7,81,96,80,130,128,72,132,82,125,120,85,122,87,86,86,157,93,87,87,93
06/02/2026 03:30:00,67,13,50,99,99,101,101,99,99,86,7,86,9,102,7,191,138,159,101,101,8,8,224,130,120,139,106,125,177,165,175,185,130,150,86,86,85,164,99,86,132,99,66,113,66,83,99,99,9,8,99,99,7,7,8,86,85,86,188,162,183,157,178,8,8,85,128,108,154,122,91,126,86,132,152,105,151,90,90,90,164,99,90,90,99
06/02/2026 03:35:00,67,17,50,102,102,105,105,102,102,91,9,91,9,106,9,180,120,151,105,105,9,9,210,124,130,155,122,138,155,143,153,159,125,129,91,91,91,171,102,91,137,102,68,116,68,85,102,102,9,9,102,102,9,9,9,91,91,91,237,202,206,174,192,9,9,91,113,94,140,122,93,126,91,137,143,107,144,95,95,95,171,102,95,95,102
06/02/2026 03:40:00,81,23,60,109,109,111,111,109,109,97,10,96,9,112,10,205,166,171,111,111,10,10,238,130,118,139,113,129,159,149,157,167,131,136,97,96,96,181,109,97,145,109,72,121,74,90,109,109,9,10,109,109,10,10,10,96,96,96,233,211,214,180,183,10,10,96,152,119,174,147,107,151,96,145,171,141,171,105,105,105,181,109,105,105,109
06/02/2026 03:45:00,79,24,58,112,112,115,115,112,112,100,11,100,10,115,11,221,185,185,115,115,10,10,234,141,127,149,133,146,185,180,182,163,130,132,100,100,100,187,112,100,149,112,74,111,68,81,112,112,10,10,112,112,11,11,10,100,100,100,251,252,246,226,209,10,10,100,123,122,144,147,120,151,100,149,160,147,160,105,105,105,187,112,105,105,112
06/02/2026 03:50:00,86,27,63,110,110,109,109,110,110,99,11,100,10,113,11,217,172,181,109,109,10,10,262,159,151,156,127,138,162,155,160,189,154,154,99,100,100,183,110,99,147,110,74,124,75,92,110,110,10,10,110,110,11,11,10,100,100,100,241,217,239,197,196,10,10,100,85,115,151,119,96,121,100,147,169,167,168,105,105,105,183,110,105,105,110
06/02/2026 03:55:00,74,19,54,106,106,109,109,106,106,97,12,96,13,111,12,190,133,158,109,109,13,13,226,123,118,143,118,131,155,145,153,177,139,145,97,96,96,178,106,97,142,106,71,121,73,90,106,106,13,13,106,106,12,12,13,96,96,96,246,226,203,202,206,13,13,96,127,127,164,144,113,147,96,142,171,151,170,105,105,105,178,106,105,105,106
06/02/2026 04:00:00,67,13,48,105,105,109,109,105,105,97,13,96,14,107,13,218,156,181,109,109,13,13,197,92,90,119,105,116,129,112,128,151,104,124,97,96,96,174,105,97,139,105,70,119,71,87,105,105,14,13,105,105,13,13,13,96,96,96,220,188,217,175,186,13,13,96,100,88,128,128,91,132,96,139,171,130,174,105,105,105,174,105,105,105,105
06/02/2026 04:05:00,79,22,57,114,114,119,119,114,114,105,13,105,14,113,13,213,156,176,119,119,13,13,224,132,128,153,120,136,145,129,143,182,134,147,105,105,104,191,114,105,152,114,76,126,78,95,114,114,14,13,114,114,13,13,13,105,104,105,211,197,225,186,178,13,13,104,152,131,182,144,111,147,105,152,159,114,158,109,109,109,191,114,109,109,114
06/02/2026 04:10:00,87,36,64,132,132,138,138,132,132,116,15,115,15,129,15,255,229,212,138,138,15,15,265,147,133,158,123,139,175,164,173,204,176,167,116,115,115,221,132,116,177,132,89,126,83,95,132,132,15,15,132,132,15,15,15,115,115,115,222,196,209,179,186,15,15,115,124,109,147,134,115,139,115,177,146,108,147,123,123,123,221,132,123,123,132
06/02/2026 04:15:00,81,26,60,141,141,146,146,141,141,130,19,130,19,143,19,214,174,179,146,146,19,19,265,157,147,172,124,142,219,216,216,227,183,186,130,130,131,236,141,130,187,141,95,126,85,95,141,141,19,19,141,141,19,19,19,130,131,130,238,235,220,196,193,19,19,131,137,146,170,154,134,157,130,187,181,161,182,139,140,140,236,141,139,139,141
06/02/2026 04:20:00,86,30,63,154,154,159,159,154,154,143,23,142,24,159,23,239,197,196,159,159,23,23,289,162,144,164,131,146,212,214,210,218,204,178,143,142,142,258,154,143,205,154,103,130,91,97,154,154,24,23,154,154,23,23,23,142,142,142,264,264,263,237,212,23,23,142,142,151,174,185,153,188,142,205,192,173,191,155,156,156,258,154,155,155,154
06/02/2026 04:25:00,86,31,63,169,169,174,174,169,169,155,26,155,26,170,26,275,268,224,174,174,26,26,318,202,174,180,159,170,227,231,224,256,231,210,155,155,155,281,169,155,224,169,112,107,81,79,169,169,26,26,169,169,26,26,26,155,155,155,278,292,304,279,235,26,26,155,170,185,220,189,151,192,155,224,199,169,199,162,163,163,281,169,162,162,169
06/02/2026 04:30:00,78,25,57,181,181,187,187,181,181,171,30,172,30,187,30,287,273,235,187,187,30,30,337,231,209,209,171,182,278,304,275,285,273,233,171,172,171,302,181,171,241,181,121,135,101,101,181,181,30,30,181,181,30,30,30,172,171,172,300,300,309,282,234,30,30,171,197,187,222,167,161,170,172,241,192,174,194,181,181,181,302,181,181,181,181
06/02/2026 04:35:00,79,26,58,207,207,214,214,207,207,189,34,189,34,201,34,295,316,241,214,214,33,33,337,227,206,201,148,163,281,293,280,280,268,230,189,189,189,345,207,189,277,207,138,133,106,99,207,207,34,33,207,207,34,34,33,189,189,189,352,369,329,308,250,33,33,189,211,212,231,182,198,185,189,277,231,217,231,206,206,206,345,207,206,206,207
06/02/2026 04:40:00,96,37,71,230,230,238,238,230,230,208,39,208,39,219,39,339,330,278,238,238,39,39,353,262,245,241,194,204,269,288,267,312,288,257,208,208,207,382,230,208,306,230,153,119,104,87,230,230,39,39,230,230,39,39,39,208,207,208,383,413,364,363,272,39,39,207,227,254,247,209,225,211,208,306,225,222,224,220,220,220,382,230,220,220,230
06/02/2026 04:45:00,79,37,58,232,232,240,240,232,232,215,43,216,42,229,43,296,301,243,240,240,43,43,414,320,306,259,199,209,354,393,352,313,297,257,215,216,216,386,232,215,310,232,155,160,130,122,232,232,42,43,232,232,43,43,43,216,216,216,411,472,450,434,305,43,43,216,246,274,268,258,257,259,216,310,285,292,285,229,228,228,386,232,229,229,232
06/02/2026 04:50:00,95,50,71,229,229,236,236,229,229,214,44,214,45,229,44,308,285,255,236,236,44,44,435,289,248,249,217,225,364,408,362,328,329,271,214,214,214,380,229,214,305,229,152,138,116,104,229,229,45,44,229,229,44,44,44,214,214,214,419,462,373,389,297,44,44,214,284,309,298,216,210,218,214,305,233,239,234,232,232,232,380,229,232,232,229
06/02/2026 04:55:00,97,41,72,227,227,235,235,227,227,214,45,214,46,223,45,293,299,245,235,235,45,45,369,242,210,209,177,186,297,320,295,325,314,267,214,214,214,379,227,214,303,227,152,158,126,119,227,227,46,45,227,227,45,45,45,214,214,214,362,388,364,344,269,45,45,214,201,211,225,199,208,202,214,303,253,240,254,222,221,221,379,227,222,222,227
06/02/2026 05:00:00,93,38,69,238,238,246,246,238,238,218,49,217,48,231,49,305,300,250,246,246,49,49,356,248,229,223,178,189,300,322,298,307,290,252,218,217,217,397,238,218,317,238,159,158,129,119,238,238,48,49,238,238,49,49,49,217,217,217,310,315,286,286,237,49,49,217,241,222,237,185,171,188,217,317,244,225,245,226,227,227,397,238,226,226,238
06/02/2026 05:05:00,93,40,69,260,260,268,268,260,260,237,56,238,55,249,56,322,334,265,268,268,56,56,414,293,250,231,194,202,304,329,302,310,303,254,237,238,236,432,260,237,346,260,173,158,135,119,260,260,55,56,260,260,56,56,56,238,236,238,342,366,340,343,265,56,56,236,249,266,266,241,264,244,238,346,239,264,240,248,247,247,432,260,248,248,260
06/02/2026 05:10:00,98,50,72,293,293,303,303,293,293,269,64,269,64,274,64,287,310,238,303,303,63,63,458,298,249,229,214,219,382,427,379,379,389,313,269,269,269,489,293,269,392,293,195,160,146,122,293,293,64,63,293,293,64,64,63,269,269,269,330,361,410,424,307,63,63,269,284,325,310,284,325,285,269,392,295,349,296,287,287,287,489,293,287,287,293
06/02/2026 05:15:00,116,62,86,323,323,334,334,323,323,302,74,302,74,307,74,333,370,272,334,334,73,73,427,304,257,230,224,228,364,408,362,379,389,311,302,302,302,538,323,302,431,323,216,160,154,122,323,323,74,73,323,323,74,74,73,302,302,302,457,594,457,455,313,73,73,302,369,391,368,288,355,288,302,431,318,368,319,325,325,325,538,323,325,325,323
06/02/2026 05:20:00,106,55,79,350,350,361,361,350,350,329,83,329,85,338,83,340,392,281,361,361,84,84,506,394,348,314,267,272,411,467,409,391,402,322,329,329,329,582,350,329,465,350,233,135,146,101,350,350,85,84,350,350,83,83,84,329,329,329,427,517,426,440,298,84,84,329,364,372,353,310,357,311,329,465,346,398,346,357,357,357,582,350,357,357,350
06/02/2026 05:25:00,129,70,96,376,376,388,388,376,376,357,90,357,90,373,90,364,430,299,388,388,90,90,503,387,330,291,278,279,481,550,479,431,470,354,357,357,357,626,376,357,501,376,250,198,189,151,376,376,90,90,376,376,90,90,90,357,357,357,421,518,497,519,333,90,90,357,414,456,406,342,424,342,357,501,327,383,328,376,377,377,626,376,376,376,376
06/02/2026 05:30:00,116,65,88,399,399,413,413,399,399,386,95,386,95,401,95,386,466,317,413,413,96,96,578,440,372,312,316,317,555,642,554,453,453,375,386,386,385,667,399,386,533,399,266,175,182,133,399,399,95,96,399,399,95,95,96,386,385,386,519,641,584,612,368,96,96,385,447,486,439,333,448,333,386,533,369,453,371,409,410,410,667,399,409,409,399
06/02/2026 05:35:00,124,73,93,426,426,441,441,426,426,413,102,413,103,436,102,395,476,324,441,441,101,101,616,509,441,367,367,359,598,696,597,495,538,407,413,413,413,710,426,413,570,426,285,183,194,140,426,426,103,101,426,426,102,102,101,413,413,413,543,690,604,636,391,101,101,413,384,519,381,362,449,362,413,570,383,491,386,440,440,440,710,426,440,440,426
06/02/2026 05:40:00,112,67,84,448,448,463,463,448,448,434,106,434,106,460,106,407,508,337,463,463,105,105,670,581,512,413,432,409,604,696,603,552,541,455,434,434,434,746,448,434,597,448,298,198,208,151,448,448,106,105,448,448,106,106,105,434,434,434,652,816,693,747,436,105,105,434,447,541,435,364,512,365,434,597,424,521,428,459,459,459,746,448,459,459,448
06/02/2026 05:45:00,143,86,107,461,461,468,468,461,461,441,109,441,108,476,109,383,474,314,468,468,109,109,670,548,491,421,431,406,632,728,632,513,552,423,441,441,441,769,461,441,614,461,307,183,203,140,461,461,108,109,461,461,109,109,109,441,441,441,612,803,761,846,486,109,109,441,459,578,445,403,528,404,441,614,429,546,432,463,463,463,769,461,463,463,461
06/02/2026 05:50:00,133,81,101,463,463,468,468,463,463,436,109,436,109,478,109,372,463,303,468,468,109,109,629,518,462,416,414,397,601,694,600,486,541,401,436,436,436,771,463,436,616,463,308,211,220,162,463,463,109,109,463,463,109,109,109,436,436,436,612,797,677,757,451,109,109,436,402,574,397,409,568,410,436,616,451,552,453,448,447,447,771,463,448,448,463
06/02/2026 05:55:00,124,75,93,454,454,459,459,454,454,422,106,422,108,470,106,395,514,323,459,459,106,106,571,501,480,425,462,434,581,665,580,524,570,433,422,422,422,755,454,422,606,454,302,198,209,151,454,454,108,106,454,454,106,106,106,422,422,422,585,779,714,792,463,106,106,422,410,524,404,388,469,387,422,606,471,588,476,440,440,440,755,454,440,440,454
06/02/2026 06:00:00,160,106,122,445,445,459,459,445,445,426,106,426,108,472,106,331,388,274,459,459,106,106,553,460,424,395,434,402,535,609,534,557,598,459,426,426,426,740,445,426,593,445,296,183,199,140,445,445,108,106,445,445,106,106,106,426,426,426,542,697,619,674,404,106,106,426,451,519,438,364,496,365,426,593,399,516,401,435,435,435,740,445,435,435,445
06/02/2026 06:05:00,139,93,105,448,448,462,462,448,448,440,109,440,110,496,109,312,377,259,462,462,109,109,547,454,420,389,408,384,555,637,555,495,530,406,440,440,440,746,448,440,597,448,298,189,203,144,448,448,110,109,448,448,109,109,109,440,440,440,499,628,624,679,426,109,109,440,387,511,384,398,479,397,440,597,404,504,407,448,447,447,746,448,448,448,448
06/02/2026 06:10:00,137,82,104,464,464,478,478,464,464,455,112,455,112,523,112,390,492,319,478,478,112,112,530,448,437,393,413,392,559,646,556,560,627,462,455,455,456,773,464,455,619,464,309,228,230,176,464,464,112,112,464,464,112,112,112,455,456,455,586,762,697,746,466,112,112,456,411,535,411,351,494,353,455,619,407,557,406,474,474,474,773,464,474,474,464
06/02/2026 06:15:00,173,112,132,478,478,493,493,478,478,462,113,462,112,548,113,490,618,403,493,493,113,113,563,477,441,394,390,370,559,638,556,548,605,453,462,462,461,795,478,462,636,478,318,183,208,140,478,478,112,113,478,478,113,113,113,462,461,462,588,754,605,685,387,113,113,461,437,540,432,440,535,438,462,636,440,638,438,485,484,484,795,478,485,485,478
06/02/2026 06:20:00,159,108,120,489,489,496,496,489,489,465,114,465,113,559,114,430,550,354,496,496,115,115,522,451,434,401,432,401,585,674,584,476,520,394,465,465,465,817,489,465,653,489,326,222,234,171,489,489,113,115,489,489,114,114,115,465,465,465,550,744,645,689,446,115,115,465,448,571,439,436,567,435,465,653,441,627,443,505,507,507,817,489,505,505,489
06/02/2026 06:25:00,146,93,110,492,492,492,492,492,492,466,116,465,117,569,116,379,469,311,492,492,115,115,499,415,400,389,447,410,549,629,547,460,506,380,466,465,465,821,492,466,656,492,328,233,241,180,492,492,117,115,492,492,116,116,115,465,465,465,587,766,666,721,424,115,115,465,451,557,443,388,538,387,465,656,478,652,481,509,508,508,821,492,509,509,492
06/02/2026 06:30:00,178,122,135,498,498,492,492,498,498,468,116,468,117,574,116,421,517,345,492,492,115,115,494,426,409,398,451,417,577,667,577,476,537,396,468,468,468,830,498,468,664,498,332,222,236,171,498,498,117,115,498,498,116,116,115,468,468,468,563,754,664,729,443,115,115,468,425,556,416,409,521,410,468,664,422,598,425,514,514,514,830,498,514,514,498
06/02/2026 06:35:00,183,128,139,510,510,492,492,510,510,475,118,476,117,592,118,463,567,382,492,492,119,119,526,425,400,411,487,448,456,508,456,458,512,380,475,476,475,850,510,475,679,510,340,254,257,197,510,510,117,119,510,510,118,118,119,476,475,476,519,683,727,758,481,119,119,475,456,537,446,420,500,420,476,679,433,588,435,532,532,532,850,510,532,532,510
06/02/2026 06:40:00,144,101,108,489,489,502,502,489,489,485,118,484,117,609,118,470,552,388,502,502,119,119,482,398,367,354,379,358,466,521,464,485,556,402,485,484,485,813,489,485,652,489,326,301,280,235,489,489,117,119,489,489,118,118,119,484,485,484,572,764,642,732,441,119,119,485,460,534,449,355,521,356,484,652,481,630,485,561,560,560,813,489,561,561,489
06/02/2026 06:45:00,187,117,141,482,482,493,493,482,482,489,118,488,117,619,118,460,543,380,493,493,119,119,387,304,301,322,363,340,512,575,513,497,554,410,489,488,489,804,482,489,642,482,321,281,266,218,482,482,117,119,482,482,118,118,119,488,489,488,566,747,744,801,492,119,119,489,429,534,420,404,526,407,488,642,458,613,462,564,564,564,804,482,564,564,482
06/02/2026 06:50:00,173,116,131,475,475,492,492,475,475,484,116,484,117,618,116,448,497,367,492,492,116,116,455,372,365,354,387,367,503,566,503,555,612,460,484,484,484,794,475,484,635,475,317,385,325,302,475,475,117,116,475,475,116,116,116,484,484,484,597,787,693,755,469,116,116,484,444,538,432,403,538,404,484,635,455,581,458,561,560,560,794,475,561,561,475
06/02/2026 06:55:00,174,127,132,468,468,482,482,468,468,479,116,478,115,598,116,425,470,350,482,482,115,115,494,392,362,375,420,393,492,554,491,521,573,429,479,478,479,779,468,479,623,468,311,265,252,205,468,468,115,115,468,468,116,116,115,478,479,478,567,753,686,728,463,115,115,479,402,522,397,336,472,336,478,623,464,615,467,554,555,555,779,468,554,554,468
06/02/2026 07:00:00,165,123,125,471,471,488,488,471,471,479,116,478,115,597,116,488,558,402,488,488,115,115,489,408,403,367,384,358,464,521,464,516,572,425,479,478,479,785,471,479,628,471,315,281,263,218,471,471,115,115,471,471,116,116,115,478,479,478,556,733,688,748,465,115,115,479,417,496,410,346,489,345,478,628,460,576,465,563,564,564,785,471,563,563,471
06/02/2026 07:05:00,206,151,156,473,473,488,488,473,473,486,116,486,117,609,116,546,589,450,488,488,115,115,450,365,343,333,355,332,520,591,520,536,555,442,486,486,487,789,473,486,630,473,315,332,294,259,473,473,117,115,473,473,116,116,115,486,487,486,555,740,653,737,446,115,115,487,425,561,416,430,555,428,486,630,474,648,479,577,578,578,789,473,577,577,473
06/02/2026 07:10:00,180,118,137,473,473,488,488,473,473,498,119,497,119,629,119,469,526,388,488,488,119,119,391,293,292,339,391,370,531,605,529,549,579,455,498,497,497,789,473,498,630,473,315,275,261,215,473,473,119,119,473,473,119,119,119,497,497,497,536,715,679,751,463,119,119,497,444,541,432,413,523,414,497,630,432,583,436,591,593,593,789,473,591,591,473
06/02/2026 07:15:00,209,150,159,475,475,490,490,475,475,508,120,507,121,643,120,532,581,438,490,490,119,119,468,379,361,352,405,378,520,592,520,482,563,397,508,507,506,790,475,508,632,475,317,289,269,226,475,475,121,119,475,475,120,120,119,507,506,507,540,721,635,706,435,119,119,506,440,512,428,355,499,355,507,632,501,637,506,610,610,610,790,475,610,610,475
06/02/2026 07:20:00,169,131,128,481,481,497,497,481,481,512,121,511,121,637,121,527,588,438,497,497,121,121,435,353,336,368,425,397,517,586,517,512,572,422,512,511,511,801,481,512,642,481,321,356,311,280,481,481,121,121,481,481,121,121,121,511,511,511,554,739,636,738,435,121,121,511,421,512,414,403,515,404,511,642,455,627,458,623,623,623,801,481,623,623,481
06/02/2026 07:25:00,165,116,125,471,471,488,488,471,471,510,121,511,121,633,121,498,578,411,488,488,121,121,462,380,372,361,412,375,444,493,444,445,503,367,510,511,511,785,471,510,628,471,315,360,309,282,471,471,121,121,471,471,121,121,121,511,511,511,551,731,605,723,418,121,121,511,451,539,438,423,517,424,511,628,455,610,458,621,620,620,785,471,621,621,471
06/02/2026 07:30:00,178,131,135,468,468,483,483,468,468,512,122,511,121,635,122,500,538,412,483,483,123,123,450,352,334,316,332,314,502,567,500,509,568,423,512,511,511,779,468,512,623,468,311,427,348,337,468,468,121,123,468,468,122,122,123,511,511,511,529,705,603,663,415,123,123,511,414,522,406,388,489,387,511,623,468,622,471,622,623,623,779,468,622,622,468
06/02/2026 07:35:00,169,119,129,463,463,478,478,463,463,511,122,511,121,637,122,509,557,421,478,478,123,123,337,263,274,324,417,383,520,592,517,536,599,441,511,511,511,771,463,511,616,463,308,341,296,266,463,463,121,123,463,463,122,122,123,511,511,511,484,633,559,654,392,123,123,511,391,485,392,367,509,368,511,616,464,595,467,618,619,619,771,463,618,618,463
06/02/2026 07:40:00,213,159,162,462,462,478,478,462,462,513,122,513,121,637,122,478,583,398,478,478,123,123,534,458,440,403,440,406,492,556,491,494,568,409,513,513,513,769,462,513,616,462,308,346,299,270,462,462,121,123,462,462,122,122,123,513,513,513,459,627,527,619,375,123,123,513,425,520,421,446,559,445,513,616,468,576,472,606,606,606,769,462,606,606,462
06/02/2026 07:45:00,215,159,164,464,464,480,480,464,464,514,122,514,121,641,122,499,575,414,480,480,123,123,472,380,358,336,399,368,527,597,525,471,529,388,514,514,514,774,464,514,620,464,310,278,260,216,464,464,121,123,464,464,122,122,123,514,514,514,442,570,529,592,375,123,123,514,497,545,478,401,497,401,514,620,450,587,453,616,616,616,774,464,616,616,464
06/02/2026 07:50:00,192,138,146,463,463,478,478,463,463,505,121,505,121,629,121,519,595,431,478,478,121,121,427,324,291,310,381,357,487,551,486,507,549,418,505,505,506,771,463,505,616,463,308,287,265,223,463,463,121,121,463,463,121,121,121,505,506,505,484,646,560,622,392,121,121,506,421,482,414,403,507,404,505,616,467,621,471,600,600,600,771,463,600,600,463
06/02/2026 07:55:00,215,149,164,459,459,474,474,459,459,498,119,497,119,618,119,456,533,380,474,474,119,119,476,378,365,357,386,358,567,649,566,512,560,424,498,497,497,764,459,498,612,459,306,301,272,235,459,459,119,119,459,459,119,119,119,497,497,497,430,574,553,615,386,119,119,497,414,474,406,394,491,394,497,612,422,531,425,584,584,584,764,459,584,584,459
06/02/2026 08:00:00,192,137,146,449,449,465,465,449,449,494,118,493,117,618,118,461,524,383,465,465,119,119,435,340,325,345,433,396,551,628,550,491,515,406,494,493,494,750,449,494,600,449,300,297,267,233,449,449,117,119,449,449,118,118,119,493,494,493,511,670,529,622,378,119,119,494,391,451,387,362,438,362,493,600,436,575,435,587,587,587,750,449,587,587,449
06/02/2026 08:05:00,231,161,176,455,455,470,470,455,455,494,118,493,117,616,118,448,534,372,470,470,119,119,544,420,374,372,424,397,520,593,521,463,519,382,494,493,494,758,455,494,607,455,303,274,254,212,455,455,117,119,455,455,118,118,119,493,494,493,542,710,563,679,398,119,119,494,365,469,365,339,452,339,493,607,437,537,439,584,584,584,758,455,584,584,455
06/02/2026 08:10:00,175,116,132,448,448,463,463,448,448,494,118,493,117,621,118,456,530,380,463,463,119,119,499,399,378,382,439,409,555,633,553,460,512,380,494,493,494,746,448,494,597,448,298,346,295,270,448,448,117,119,448,448,118,118,119,493,494,493,494,672,613,684,424,119,119,494,402,449,403,403,479,404,493,597,461,603,464,595,595,595,746,448,595,595,448
06/02/2026 08:15:00,146,92,110,448,448,463,463,448,448,495,118,496,117,631,118,452,546,375,463,463,119,119,485,391,354,364,412,384,531,607,530,434,480,357,495,496,495,746,448,495,597,448,298,266,249,207,448,448,117,119,448,448,118,118,119,496,495,496,514,673,572,665,387,119,119,495,433,499,429,427,500,426,496,597,419,554,421,587,587,587,746,448,587,587,448
06/02/2026 08:20:00,196,131,150,456,456,472,472,456,456,495,118,496,117,629,118,441,505,366,472,472,119,119,503,386,345,343,383,360,552,625,552,476,512,393,495,496,495,762,456,495,609,456,304,274,254,212,456,456,117,119,456,456,118,118,119,496,495,496,501,655,534,632,378,119,119,495,429,468,420,367,459,368,496,609,441,571,443,584,584,584,762,456,584,584,456
06/02/2026 08:25:00,163,122,124,456,456,472,472,456,456,487,118,488,117,624,118,447,535,366,472,472,119,119,419,327,314,332,361,341,565,642,564,448,482,369,487,488,487,762,456,487,609,456,304,274,254,212,456,456,117,119,456,456,118,118,119,488,487,488,497,675,601,700,418,119,119,487,485,530,468,362,451,362,488,609,471,591,476,581,583,583,762,456,581,581,456
06/02/2026 08:30:00,198,128,150,442,442,457,457,442,442,486,116,486,117,612,116,443,467,364,457,457,116,116,458,367,351,338,404,374,507,578,507,447,489,371,486,486,487,738,442,486,589,442,294,266,247,207,442,442,117,116,442,442,116,116,116,486,487,486,522,683,584,627,412,116,116,487,391,478,387,329,420,330,486,589,455,588,456,577,578,578,738,442,577,577,442
06/02/2026 08:35:00,147,114,111,449,449,465,465,449,449,486,116,486,117,618,116,460,482,379,465,465,116,116,479,378,340,328,392,364,532,616,529,478,500,396,486,486,487,750,449,486,600,449,300,289,262,226,449,449,117,116,449,449,116,116,116,486,487,486,507,669,541,595,369,116,116,487,396,389,385,329,406,330,486,600,403,528,404,584,583,583,750,449,584,584,449
06/02/2026 08:40:00,162,103,122,445,445,461,461,445,445,489,116,488,117,619,116,416,461,347,461,461,115,115,522,407,383,374,422,391,520,591,520,457,509,378,489,488,489,743,445,489,594,445,298,222,222,171,445,445,117,115,445,445,116,116,115,488,489,488,519,656,532,552,362,115,115,489,361,412,362,371,491,372,488,594,379,482,382,584,584,584,743,445,584,584,445
06/02/2026 08:45:00,216,134,164,448,448,462,462,448,448,489,116,488,117,618,116,425,491,352,462,462,116,116,513,383,336,329,395,375,470,526,468,477,540,394,489,488,488,746,448,489,597,448,298,259,244,201,448,448,117,116,448,448,116,116,116,488,488,488,461,614,622,686,422,116,116,488,440,531,428,407,511,406,488,597,441,547,443,581,581,581,746,448,581,581,448
06/02/2026 08:50:00,178,116,135,438,438,452,452,438,438,482,116,482,117,607,116,411,445,339,452,452,115,115,506,391,368,328,351,327,435,489,434,435,470,360,482,482,480,731,438,482,584,438,292,208,212,160,438,438,117,115,438,438,116,116,115,482,480,482,500,655,568,626,390,115,115,480,280,313,300,245,262,247,482,584,430,530,434,565,564,564,731,438,565,565,438
06/02/2026 08:55:00,155,95,117,438,438,452,452,438,438,471,114,470,113,590,114,426,485,355,452,452,115,115,438,336,316,314,381,352,485,554,483,460,491,381,471,470,471,731,438,471,584,438,292,239,230,184,438,438,113,115,438,438,114,114,115,470,471,470,479,597,517,509,345,115,115,471,361,407,362,364,469,365,470,584,365,430,367,570,570,570,731,438,570,570,438
06/02/2026 09:00:00,151,86,114,443,443,459,459,443,443,462,112,462,112,582,112,411,479,341,459,459,112,112,455,366,342,311,341,326,524,596,522,455,485,375,462,462,461,739,443,462,591,443,296,239,232,184,443,443,112,112,443,443,112,112,112,462,461,462,516,646,617,627,407,112,112,461,392,482,396,375,482,376,462,591,278,316,279,561,560,560,739,443,561,561,443
06/02/2026 09:05:00,153,91,116,434,434,449,449,434,434,459,113,460,112,576,113,440,530,365,449,449,113,113,485,360,320,309,365,344,516,587,514,470,497,388,459,460,460,724,434,459,579,434,290,233,225,180,434,434,112,113,434,434,113,113,113,460,460,460,535,712,664,715,441,113,113,460,414,473,406,427,490,426,460,579,410,520,413,549,550,550,724,434,549,549,434
06/02/2026 09:10:00,182,119,138,436,436,451,451,436,436,462,112,462,112,588,112,405,465,337,451,451,112,112,494,391,356,310,338,328,496,562,495,444,443,365,462,462,461,727,436,462,583,436,291,289,259,226,436,436,112,112,436,436,112,112,112,462,461,462,516,662,558,602,379,112,112,461,384,452,381,362,448,362,462,583,398,513,399,557,556,556,727,436,557,557,436
06/02/2026 09:15:00,166,98,125,440,440,455,455,440,440,467,112,468,112,592,112,419,501,348,455,455,112,112,553,420,378,322,337,322,457,524,456,434,443,357,467,468,466,733,440,467,586,440,293,247,236,191,440,440,112,112,440,440,112,112,112,468,466,468,511,629,525,560,366,112,112,466,388,439,392,342,426,342,468,586,402,501,405,564,564,564,733,440,564,564,440
06/02/2026 09:20:00,170,99,129,445,445,460,460,445,445,471,112,470,112,590,112,458,503,376,460,460,112,112,547,434,397,326,330,312,510,584,508,398,395,328,471,470,470,742,445,471,593,445,296,254,240,197,445,445,112,112,445,445,112,112,112,470,470,470,488,598,541,588,376,112,112,470,372,431,372,319,390,320,470,593,373,510,374,568,568,568,742,445,568,568,445
06/02/2026 09:25:00,160,98,122,445,445,461,461,445,445,468,112,469,112,598,112,428,494,353,461,461,112,112,530,403,350,318,307,297,503,580,502,453,474,372,468,469,470,743,445,468,594,445,298,225,223,173,445,445,112,112,445,445,112,112,112,469,470,469,435,560,475,518,344,112,112,470,361,405,362,306,376,307,469,594,408,529,411,565,564,564,743,445,565,565,445
06/02/2026 09:30:00,127,73,96,443,443,457,457,443,443,467,112,468,112,592,112,397,447,324,457,457,112,112,544,418,360,310,301,294,511,587,511,427,438,353,467,468,466,739,443,467,591,443,296,314,276,245,443,443,112,112,443,443,112,112,112,468,466,468,453,573,593,588,373,112,112,466,399,456,394,358,421,359,468,591,419,555,421,566,566,566,739,443,566,566,443
06/02/2026 09:35:00,125,77,95,448,448,455,455,448,448,468,111,468,112,592,111,470,534,388,455,455,111,111,494,407,367,332,338,322,450,509,448,459,455,376,468,468,468,746,448,468,597,448,298,219,221,169,448,448,112,111,448,448,111,111,111,468,468,468,513,626,557,601,383,111,111,468,417,454,405,329,402,330,468,597,403,539,404,565,564,564,746,448,565,565,448
06/02/2026 09:40:00,139,86,104,445,445,452,452,445,445,467,112,468,112,587,112,455,526,374,452,452,112,112,526,415,380,326,341,324,499,577,498,401,467,331,467,468,466,743,445,467,594,445,298,266,248,207,445,445,112,112,445,445,112,112,112,468,466,468,461,625,560,623,387,112,112,466,384,416,381,329,376,330,468,594,398,548,399,568,568,568,743,445,568,568,445
06/02/2026 09:45:00,146,100,110,449,449,455,455,449,449,468,111,469,112,592,111,398,477,325,455,455,111,111,544,440,402,344,368,355,487,568,485,434,462,359,468,469,470,748,449,468,598,449,300,239,233,184,449,449,112,111,449,449,111,111,111,469,470,469,479,611,577,613,395,111,111,470,429,461,420,348,415,349,469,598,407,545,406,557,556,556,748,449,557,557,449
06/02/2026 09:50:00,153,98,116,449,449,452,452,449,449,464,111,464,112,584,111,394,462,324,452,452,111,111,578,459,413,345,345,323,474,542,472,434,477,357,464,464,465,748,449,464,598,449,300,219,221,169,449,449,112,111,449,449,111,111,111,464,465,464,453,605,521,556,344,111,111,465,432,494,424,364,407,365,464,598,413,563,414,566,566,566,748,449,566,566,449
06/02/2026 09:55:00,143,82,107,443,443,448,448,443,443,459,109,459,110,581,109,497,533,411,448,448,109,109,411,337,331,292,274,271,472,539,469,455,469,375,459,459,457,739,443,459,591,443,296,233,228,180,443,443,110,109,443,443,109,109,109,459,457,459,446,579,527,561,369,109,109,457,402,462,397,371,405,372,459,591,383,495,386,552,551,551,739,443,552,552,443
06/02/2026 10:00:00,134,87,101,436,436,451,451,436,436,452,109,451,108,576,109,434,485,359,451,451,109,109,374,286,295,272,245,249,392,431,391,386,396,318,452,451,451,727,436,452,583,436,291,242,231,187,436,436,108,109,436,436,109,109,109,451,451,451,428,495,470,507,341,109,109,451,414,435,406,342,419,342,451,583,362,538,362,547,547,547,727,436,547,547,436
06/02/2026 10:05:00,159,86,120,438,438,449,449,438,438,449,109,451,108,572,109,485,544,398,449,449,109,109,369,293,279,245,237,240,339,369,337,369,364,304,449,451,450,731,438,449,584,438,292,231,225,178,438,438,108,109,438,438,109,109,109,451,450,451,489,587,449,514,330,109,109,450,436,441,426,339,399,339,451,584,394,553,394,542,541,541,731,438,542,542,438
06/02/2026 10:10:00,188,128,143,443,443,452,452,443,443,454,106,455,106,574,106,508,554,419,452,452,105,105,387,286,293,246,247,245,358,392,357,354,361,291,454,455,455,739,443,454,591,443,296,211,215,162,443,443,106,105,443,443,106,106,105,455,455,455,410,516,489,507,328,105,105,455,465,496,451,362,434,362,455,591,409,553,410,547,546,546,739,443,547,547,443
06/02/2026 10:15:00,188,129,143,442,442,455,455,442,442,457,106,457,106,576,106,480,561,396,455,455,105,105,431,317,285,257,259,257,366,404,365,383,377,315,457,457,456,738,442,457,589,442,294,261,244,202,442,442,106,105,442,442,106,106,105,457,456,457,420,519,527,554,359,105,105,456,402,453,397,362,431,362,457,589,390,498,390,568,568,568,738,442,568,568,442
06/02/2026 10:20:00,143,96,109,443,443,459,459,443,443,456,106,455,108,582,106,490,529,402,459,459,106,106,476,353,316,281,310,301,384,420,383,390,387,320,456,455,456,739,443,456,591,443,296,261,245,202,443,443,108,106,443,443,106,106,106,455,456,455,467,589,544,575,368,106,106,456,402,495,403,333,380,333,455,591,394,531,394,561,563,563,739,443,561,561,443
06/02/2026 10:25:00,136,76,104,448,448,462,462,448,448,461,106,461,106,578,106,492,544,408,462,462,105,105,455,344,311,319,360,340,365,395,363,422,412,348,461,461,461,746,448,461,597,448,298,275,254,215,448,448,106,105,448,448,106,106,105,461,461,461,494,580,541,552,353,105,105,461,437,464,427,326,393,327,461,597,388,478,387,574,574,574,746,448,574,574,448
06/02/2026 10:30:00,153,97,115,445,445,461,461,445,445,459,106,460,108,584,106,479,524,396,461,461,106,106,369,292,296,333,399,375,326,348,324,387,380,319,459,460,460,743,445,459,594,445,298,261,245,202,445,445,108,106,445,445,106,106,106,460,460,460,458,568,510,541,363,106,106,460,456,469,446,333,384,333,460,594,422,492,425,567,567,567,743,445,567,567,445
06/02/2026 10:35:00,143,82,107,445,445,459,459,445,445,461,106,461,106,588,106,461,514,380,459,459,105,105,450,347,328,331,350,330,341,367,340,394,372,323,461,461,461,743,445,461,594,445,298,239,232,184,445,445,106,105,445,445,106,106,105,461,461,461,456,555,474,503,338,105,105,461,429,462,420,323,399,324,461,594,388,472,390,572,573,573,743,445,572,572,445
06/02/2026 10:40:00,166,106,125,456,456,460,460,456,456,465,105,465,104,587,105,461,508,380,460,460,105,105,374,262,239,275,335,317,298,319,295,371,356,305,465,465,465,759,456,465,607,456,304,198,210,151,456,456,104,105,456,456,105,105,105,465,465,465,438,552,517,545,369,105,105,465,384,404,381,306,386,307,465,607,373,473,374,558,558,558,759,456,558,558,456
06/02/2026 10:45:00,140,80,106,449,449,465,465,449,449,465,105,465,104,584,105,463,503,382,465,465,105,105,444,310,270,268,341,318,302,324,302,366,347,300,465,465,465,750,449,465,600,449,300,222,223,171,449,449,104,105,449,449,105,105,105,465,465,465,488,579,494,532,353,105,105,465,436,450,426,342,349,342,465,600,404,517,406,558,558,558,750,449,558,558,449
06/02/2026 10:50:00,146,93,110,445,445,455,455,445,445,459,105,459,104,578,105,483,526,396,455,455,105,105,438,308,272,252,302,297,312,332,311,326,340,266,459,459,460,740,445,459,593,445,296,254,240,197,445,445,104,105,445,445,105,105,105,459,460,459,475,598,522,545,364,105,105,460,421,434,414,339,408,339,459,593,404,490,407,565,564,564,740,445,565,565,445
06/02/2026 10:55:00,142,84,107,448,448,460,460,448,448,454,102,455,103,574,102,444,469,367,460,460,101,101,393,292,274,274,321,310,349,363,349,355,354,292,454,455,455,746,448,454,597,448,298,206,213,158,448,448,103,101,448,448,102,102,101,455,455,455,491,630,626,641,402,101,101,455,443,477,431,329,368,330,455,597,362,464,364,564,564,564,746,448,564,564,448
06/02/2026 11:00:00,138,93,104,445,445,459,459,445,445,452,100,451,100,573,100,452,506,375,459,459,100,100,374,275,276,273,295,287,273,258,272,316,313,261,452,451,451,740,445,452,593,445,296,206,212,158,445,445,100,100,445,445,100,100,100,451,451,451,457,554,563,555,374,100,100,451,379,365,367,293,323,296,451,593,427,524,431,557,556,556,740,445,557,557,445
06/02/2026 11:05:00,106,60,78,456,456,461,461,456,456,452,99,452,100,573,99,431,458,355,461,461,100,100,427,314,292,267,266,257,343,363,341,359,357,295,452,452,452,762,456,452,609,456,304,239,235,184,456,456,100,100,456,456,99,99,100,452,452,452,398,490,515,486,353,100,100,452,335,369,339,306,326,307,452,609,293,328,296,561,560,560,762,456,561,561,456
06/02/2026 11:10:00,166,108,126,466,466,464,464,466,466,457,100,457,100,578,100,446,493,371,464,464,100,100,383,304,301,285,289,279,375,413,375,335,321,276,457,457,456,776,466,457,620,466,311,259,249,201,466,466,100,100,466,466,100,100,100,457,456,457,507,573,453,487,334,100,100,456,335,393,347,268,305,270,457,620,318,367,319,566,566,566,776,466,566,566,466
06/02/2026 11:15:00,183,124,139,448,448,463,463,448,448,462,100,462,100,586,100,517,587,425,463,463,100,100,387,318,299,265,228,230,357,391,355,350,320,288,462,462,461,746,448,462,597,448,298,251,239,194,448,448,100,100,448,448,100,100,100,462,461,462,403,499,458,472,325,100,100,461,301,332,311,264,257,266,462,597,293,367,296,563,564,564,746,448,563,563,448
06/02/2026 11:20:00,125,75,93,466,466,465,465,466,466,463,102,463,101,586,102,510,545,418,465,465,101,101,479,373,361,296,269,262,345,375,344,322,325,265,463,463,464,776,466,463,620,466,311,237,236,183,466,466,101,101,466,466,102,102,101,463,464,463,404,477,451,442,323,101,101,464,290,302,301,291,292,292,463,620,249,319,250,570,570,570,776,466,570,570,466
06/02/2026 11:25:00,160,99,122,487,487,468,468,487,487,464,102,464,103,592,102,482,518,397,468,468,101,101,513,370,333,302,259,255,357,386,356,337,320,278,464,464,465,812,487,464,649,487,325,242,244,187,487,487,103,101,487,487,102,102,101,464,465,464,387,476,464,459,329,101,101,465,349,328,339,288,267,288,464,649,296,309,299,572,573,573,812,487,572,572,487
06/02/2026 11:30:00,143,100,109,464,464,474,474,464,464,466,102,465,101,599,102,474,508,390,474,474,101,101,424,307,300,267,262,256,411,460,409,427,446,352,466,465,465,774,464,466,620,464,310,239,237,184,464,464,101,101,464,464,102,102,101,465,465,465,417,498,476,475,333,101,101,465,342,331,346,236,254,236,465,620,278,372,278,567,567,567,774,464,567,567,464
06/02/2026 11:35:00,163,111,123,472,472,468,468,472,472,468,100,468,100,597,100,491,551,408,468,468,100,100,401,292,265,276,295,286,443,504,441,495,516,407,468,468,468,787,472,468,630,472,315,219,227,169,472,472,100,100,472,472,100,100,100,468,468,468,435,525,474,470,339,100,100,468,354,375,355,268,292,270,468,630,272,389,273,569,569,569,787,472,569,569,472
06/02/2026 11:40:00,147,89,111,466,466,465,465,466,466,468,102,469,101,603,102,434,480,359,465,465,101,101,360,294,273,264,264,261,468,534,468,450,481,371,468,469,470,778,466,468,623,466,311,242,239,187,466,466,101,101,466,466,102,102,101,469,470,469,435,554,517,516,354,101,101,470,373,369,362,277,315,279,469,623,401,512,403,571,570,570,778,466,571,571,466
06/02/2026 11:45:00,173,112,132,464,464,469,469,464,464,471,102,470,101,603,102,431,478,355,469,469,101,101,438,344,318,284,245,244,350,386,348,444,458,368,471,470,470,773,464,471,619,464,309,244,240,189,464,464,101,101,464,464,102,102,101,470,470,470,427,555,540,543,357,101,101,470,406,438,394,339,403,339,470,619,306,433,307,564,564,564,773,464,564,564,464
06/02/2026 11:50:00,159,117,120,461,461,474,474,461,461,471,100,470,100,603,100,477,530,391,474,474,100,100,455,359,346,301,276,271,403,444,401,352,341,290,471,470,470,769,461,471,614,461,307,259,247,201,461,461,100,100,461,461,100,100,100,470,470,470,495,624,611,626,394,100,100,470,375,410,382,326,336,327,470,614,332,378,335,570,570,570,769,461,570,570,461
06/02/2026 11:55:00,139,85,104,468,468,468,468,468,468,466,100,465,100,597,100,431,486,354,468,468,100,100,476,379,350,328,301,297,395,442,393,416,436,344,466,465,465,779,468,466,623,468,311,239,238,184,468,468,100,100,468,468,100,100,100,465,465,465,460,563,560,547,383,100,100,465,357,399,368,281,301,282,465,623,362,466,364,576,575,575,779,468,576,576,468
06/02/2026 12:00:00,158,107,120,466,466,468,468,466,466,465,100,465,100,594,100,458,507,379,468,468,100,100,489,395,394,338,353,336,456,510,455,422,422,348,465,465,465,778,466,465,623,466,311,261,251,202,466,466,100,100,466,466,100,100,100,465,465,465,418,513,505,515,354,100,100,465,373,403,362,316,345,318,465,623,365,468,368,567,567,567,778,466,567,567,466
06/02/2026 12:05:00,139,82,104,479,479,470,470,479,479,468,100,469,100,599,100,441,521,365,470,470,100,100,510,429,424,341,315,301,434,487,433,470,495,388,468,469,470,798,479,468,639,479,319,228,234,176,479,479,100,100,479,479,100,100,100,469,470,469,464,540,510,518,346,100,100,470,399,412,394,333,356,333,469,639,358,435,359,577,578,578,798,479,577,577,479
06/02/2026 12:10:00,160,103,121,471,471,478,478,471,471,475,102,476,101,607,102,431,540,358,478,478,101,101,520,440,420,371,333,323,494,568,492,501,505,412,475,476,475,785,471,475,628,471,315,247,244,191,471,471,101,101,471,471,102,102,101,476,475,476,461,581,541,559,359,101,101,475,417,448,410,314,370,315,476,628,339,461,339,599,599,599,785,471,599,599,471
06/02/2026 12:15:00,170,105,129,473,473,484,484,473,473,482,102,482,103,612,102,491,582,403,484,484,104,104,580,469,421,362,340,332,451,515,450,544,589,451,482,482,480,789,473,482,630,473,315,214,225,165,473,473,103,104,473,473,102,102,104,482,480,482,430,548,496,534,359,104,104,480,384,438,381,342,392,342,482,630,338,452,339,584,584,584,789,473,584,584,473
06/02/2026 12:20:00,226,170,172,475,475,478,478,475,475,480,105,480,104,612,105,448,531,367,478,478,105,105,553,485,475,337,326,315,530,608,529,484,479,399,480,480,480,790,475,480,632,475,317,251,246,194,475,475,104,105,475,475,105,105,105,480,480,480,462,576,532,539,356,105,105,480,410,453,404,351,401,353,480,632,394,503,394,595,595,595,790,475,595,595,475
06/02/2026 12:25:00,148,88,112,475,475,478,478,475,475,482,105,482,104,618,105,506,564,415,478,478,105,105,557,470,438,350,364,341,472,534,471,448,468,371,482,482,482,790,475,482,632,475,317,281,264,218,475,475,104,105,475,475,105,105,105,482,482,482,434,528,524,505,346,105,105,482,417,447,405,342,386,342,482,632,425,577,429,589,589,589,790,475,589,589,475
06/02/2026 12:30:00,176,128,133,494,494,478,478,494,494,480,106,480,106,618,106,432,531,359,478,478,105,105,530,442,415,341,322,310,402,437,401,426,448,352,480,480,480,821,494,480,658,494,329,254,253,197,494,494,106,105,494,494,106,106,105,480,480,480,400,510,517,518,343,105,105,480,479,505,464,394,458,394,480,658,383,531,386,580,579,579,821,494,580,580,494
06/02/2026 12:35:00,169,106,129,484,484,483,483,484,484,482,106,483,108,619,106,493,594,406,483,483,106,106,424,339,315,299,310,297,446,508,444,422,409,349,482,483,482,806,484,482,646,484,323,239,242,184,484,484,108,106,484,484,106,106,106,483,482,483,435,565,529,533,357,106,106,482,451,493,443,364,418,365,483,646,425,556,429,581,581,581,806,484,581,581,484
06/02/2026 12:40:00,162,111,122,484,484,482,482,484,484,486,106,486,108,618,106,569,685,473,482,482,106,106,510,426,404,375,321,317,380,417,379,367,338,303,486,486,487,806,484,486,646,484,323,274,261,212,484,484,108,106,484,484,106,106,106,486,487,486,447,548,541,563,360,106,106,487,452,533,443,339,429,339,486,646,404,530,407,589,589,589,806,484,589,589,484
06/02/2026 12:45:00,174,120,132,485,485,483,483,485,485,485,109,484,108,619,109,417,474,344,483,483,109,109,450,382,377,344,296,291,401,441,400,390,385,322,485,484,485,809,485,485,646,485,323,244,246,189,485,485,108,109,485,485,109,109,109,484,485,484,455,558,436,486,319,109,109,485,441,461,428,300,359,301,484,646,390,519,392,584,584,584,809,485,584,584,485
06/02/2026 12:50:00,155,89,117,475,475,478,478,475,475,484,106,484,108,618,106,502,552,415,478,478,106,106,455,370,353,328,314,301,376,417,375,359,363,296,484,484,484,792,475,484,633,475,317,265,254,205,475,475,108,106,475,475,106,106,106,484,484,484,425,522,508,514,330,106,106,484,417,451,410,362,416,362,484,633,388,484,390,575,574,574,792,475,575,575,475
06/02/2026 12:55:00,177,114,135,479,479,486,486,479,479,479,106,478,108,616,106,451,543,371,486,486,106,106,427,342,330,303,310,296,330,362,330,337,314,277,479,478,479,798,479,479,639,479,319,261,254,202,479,479,108,106,479,479,106,106,106,478,479,478,478,561,511,541,358,106,106,479,452,467,439,351,384,353,478,639,337,433,339,576,575,575,798,479,576,576,479
06/02/2026 13:00:00,147,89,111,496,496,488,488,496,496,475,106,476,108,615,106,422,478,345,488,488,106,106,468,344,313,296,271,268,339,372,337,375,383,310,475,476,475,826,496,475,660,496,330,254,254,197,496,496,108,106,496,496,106,106,106,476,475,476,461,587,543,573,371,106,106,475,391,436,390,339,367,339,476,660,405,521,409,575,574,574,826,496,575,575,496
06/02/2026 13:05:00,164,100,125,497,497,484,484,497,497,482,106,482,106,621,106,421,496,345,484,484,105,105,472,365,327,304,280,277,365,399,362,410,408,340,482,482,480,826,497,482,661,497,331,198,221,151,497,497,106,105,497,497,106,106,105,482,480,482,526,642,557,557,375,105,105,480,396,424,390,337,370,339,482,661,383,470,386,581,583,583,826,497,581,581,497
06/02/2026 13:10:00,155,93,117,499,499,486,486,499,499,486,106,486,108,624,106,500,560,412,486,486,106,106,438,336,329,309,281,276,392,430,390,416,399,345,486,486,487,832,499,486,665,499,332,228,240,176,499,499,108,106,499,499,106,106,106,486,487,486,472,582,524,549,356,106,106,487,406,473,401,351,419,353,486,665,365,468,368,581,583,583,832,499,581,581,499
06/02/2026 13:15:00,158,107,119,501,501,486,486,501,501,490,109,490,109,624,109,478,566,393,486,486,109,109,431,398,396,333,279,273,409,462,408,444,431,367,490,490,489,835,501,490,666,501,334,244,250,189,501,501,109,109,501,501,109,109,109,490,489,490,472,601,567,596,367,109,109,489,402,432,397,339,407,339,490,666,383,453,386,580,579,579,835,501,580,580,501
06/02/2026 13:20:00,177,127,135,515,515,486,486,515,515,491,109,492,110,629,109,466,552,385,486,486,109,109,479,348,309,293,290,292,395,436,393,436,465,360,491,492,491,858,515,491,687,515,343,247,256,191,515,515,110,109,515,515,109,109,109,492,491,492,454,573,556,574,360,109,109,491,436,436,426,329,371,330,492,687,394,491,396,577,578,578,858,515,577,577,515
06/02/2026 13:25:00,162,111,122,502,502,490,490,502,502,492,111,492,112,629,111,535,619,440,490,490,111,111,482,382,352,308,254,255,404,453,404,517,481,426,492,492,492,836,502,492,669,502,334,254,255,197,502,502,112,111,502,502,111,111,111,492,492,492,429,539,481,494,329,111,111,492,380,432,382,329,399,330,492,669,388,464,390,576,575,575,836,502,576,576,502
06/02/2026 13:30:00,169,120,129,494,494,493,493,494,494,491,112,492,112,629,112,534,606,440,493,493,112,112,476,384,354,341,317,310,421,472,420,429,449,356,491,492,491,821,494,491,658,494,329,222,235,171,494,494,112,112,494,494,112,112,112,492,491,492,457,564,517,546,348,112,112,491,406,444,401,306,379,307,492,658,437,534,442,572,573,573,821,494,572,572,494
06/02/2026 13:35:00,151,102,114,501,501,490,490,501,501,493,112,493,112,631,112,527,606,434,490,490,112,112,550,453,411,349,295,289,418,467,418,401,429,332,493,493,493,835,501,493,666,501,334,219,235,169,501,501,112,112,501,501,112,112,112,493,493,493,461,559,481,537,352,112,112,493,354,422,355,310,368,311,493,666,367,492,368,581,581,581,835,501,581,581,501
06/02/2026 13:40:00,180,127,137,482,482,493,493,482,482,498,114,497,113,637,114,480,578,395,493,493,115,115,568,475,440,385,332,325,491,560,490,358,407,296,498,497,497,804,482,498,642,482,321,256,252,198,482,482,113,115,482,482,114,114,115,497,497,497,477,580,527,535,351,115,115,497,429,457,423,306,387,307,497,642,394,499,396,576,575,575,804,482,576,576,482
06/02/2026 13:45:00,195,136,148,497,497,493,493,497,497,498,116,497,115,637,116,526,645,437,493,493,115,115,568,455,421,373,358,346,514,591,514,320,368,262,498,497,497,826,497,498,661,497,331,219,234,169,497,497,115,115,497,497,116,116,115,497,497,497,472,593,554,574,373,115,115,497,394,429,382,319,396,320,497,661,394,524,396,576,575,575,826,497,576,576,497
06/02/2026 13:50:00,158,104,120,487,487,488,488,487,487,495,116,496,115,635,116,538,654,445,488,488,115,115,612,461,406,316,306,297,503,583,503,459,523,379,495,496,495,813,487,495,650,487,325,214,228,165,487,487,115,115,487,487,116,116,115,496,495,496,473,594,547,556,364,115,115,495,411,453,411,371,438,372,496,650,390,502,392,577,578,578,813,487,577,577,487
06/02/2026 13:55:00,155,99,117,485,485,486,486,485,485,489,116,488,117,633,116,511,617,420,486,486,115,115,557,450,397,344,329,327,469,545,469,461,529,381,489,488,489,809,485,489,646,485,323,206,223,158,485,485,117,115,485,485,116,116,115,488,489,488,474,585,573,585,385,115,115,489,436,495,426,339,387,339,488,646,412,513,413,565,564,564,809,485,565,565,485
06/02/2026 14:00:00,166,119,126,487,487,483,483,487,487,484,116,484,117,629,116,545,651,452,483,483,116,116,563,456,414,331,310,301,512,591,511,482,547,397,484,484,484,813,487,484,650,487,325,239,243,184,487,487,117,116,487,487,116,116,116,484,484,484,458,585,522,554,355,116,116,484,417,490,410,329,433,330,484,650,349,386,350,558,558,558,813,487,558,558,487
06/02/2026 14:05:00,162,104,123,491,491,483,483,491,491,489,116,488,117,635,116,541,634,443,483,483,115,115,592,477,451,344,329,318,464,526,461,476,499,394,489,488,488,818,491,489,654,491,327,219,232,169,491,491,117,115,491,491,116,116,115,488,488,488,457,587,517,553,352,115,115,488,425,470,421,358,444,359,488,654,364,473,365,554,553,553,818,491,554,554,491
06/02/2026 14:10:00,192,143,146,487,487,486,486,487,487,495,118,496,117,637,118,595,712,493,486,486,119,119,494,428,406,329,311,298,442,503,440,467,509,384,495,496,495,812,487,495,649,487,325,206,223,158,487,487,117,119,487,487,118,118,119,496,495,496,453,582,530,552,356,119,119,495,456,504,446,388,474,387,496,649,400,492,402,561,560,560,812,487,561,561,487
06/02/2026 14:15:00,159,115,120,482,482,484,484,482,482,498,120,499,121,641,120,594,694,488,484,484,119,119,544,460,415,337,310,301,501,574,500,462,502,380,498,499,498,804,482,498,644,482,322,208,224,160,482,482,121,119,482,482,120,120,119,499,498,499,469,595,542,587,368,119,119,498,481,529,465,364,445,365,499,644,429,528,432,551,551,551,804,482,551,551,482
06/02/2026 14:20:00,152,110,114,482,482,488,488,482,482,498,120,499,121,641,120,560,699,465,488,488,119,119,513,438,403,331,306,300,541,622,539,477,505,393,498,499,498,804,482,498,644,482,322,194,215,149,482,482,121,119,482,482,120,120,119,499,498,499,474,581,534,552,344,119,119,498,425,491,416,364,429,365,499,644,402,496,405,554,554,554,804,482,554,554,482
06/02/2026 14:25:00,169,111,128,481,481,483,483,481,481,497,120,497,121,641,120,506,608,419,483,483,119,119,541,431,399,329,334,319,451,515,450,503,538,415,497,497,497,801,481,497,642,481,321,231,237,178,481,481,121,119,481,481,120,120,119,497,497,497,464,606,556,573,368,119,119,497,402,398,396,212,222,215,497,642,309,383,310,541,541,541,801,481,541,541,481
06/02/2026 14:30:00,198,131,150,478,478,478,478,478,478,494,120,493,121,646,120,557,671,459,478,478,119,119,592,483,421,348,307,305,466,521,464,382,408,315,494,493,494,796,478,494,637,478,319,211,224,162,478,478,121,119,478,478,120,120,119,493,494,493,381,423,357,340,272,119,119,494,227,235,246,254,283,256,493,637,337,402,339,541,541,541,796,478,541,541,478
06/02/2026 14:35:00,221,155,168,484,484,483,483,484,484,501,121,501,121,641,121,579,686,475,483,483,121,121,534,403,364,330,307,305,486,560,485,396,430,326,501,501,502,806,484,501,646,484,323,259,253,201,484,484,121,121,484,484,121,121,121,501,502,501,406,508,440,472,328,121,121,502,451,500,438,371,457,372,501,646,167,194,168,539,539,539,806,484,539,539,484
06/02/2026 14:40:00,192,129,146,492,492,478,478,492,492,509,123,508,123,649,123,575,687,477,478,478,123,123,534,445,410,359,325,318,442,501,440,421,476,346,509,508,510,821,492,509,656,492,328,231,240,178,492,492,123,123,492,492,123,123,123,508,510,508,462,605,538,583,376,123,123,510,477,510,462,398,522,397,508,656,233,298,233,536,537,537,821,492,536,536,492
06/02/2026 14:45:00,176,129,133,494,494,474,474,494,494,510,123,511,123,650,123,551,689,457,474,474,123,123,624,483,422,356,306,302,495,569,494,443,486,367,510,511,511,821,494,510,658,494,329,239,245,184,494,494,123,123,494,494,123,123,123,511,511,511,462,600,542,605,383,123,123,511,484,546,468,358,462,359,511,658,342,401,346,531,531,531,821,494,531,531,494
06/02/2026 14:50:00,205,167,156,486,486,468,468,486,486,502,124,502,123,649,124,560,711,464,468,468,124,124,550,473,432,351,316,308,464,531,465,479,544,397,502,502,502,809,486,502,648,486,324,244,246,189,486,486,123,124,486,486,124,124,124,502,502,502,508,654,634,653,418,124,124,502,489,531,471,378,491,378,502,648,365,447,367,528,528,528,809,486,528,528,486
06/02/2026 14:55:00,178,119,135,480,480,463,463,480,480,496,122,496,121,635,122,590,723,490,463,463,123,123,605,476,422,329,303,294,454,517,452,486,548,400,496,496,497,800,480,496,640,480,320,202,219,155,480,480,121,123,480,480,122,122,123,496,497,496,510,645,526,573,373,123,123,497,464,497,450,398,484,399,496,640,275,360,276,519,519,519,800,480,519,519,480
06/02/2026 15:00:00,169,127,128,475,475,464,464,475,475,491,122,492,121,631,122,554,690,457,464,464,123,123,534,409,387,297,290,284,468,540,467,439,496,363,491,492,491,792,475,491,633,475,317,189,210,144,475,475,121,123,475,475,122,122,123,492,491,492,462,606,589,636,393,123,123,491,410,518,407,394,501,394,492,633,288,403,288,517,517,517,792,475,517,517,475
06/02/2026 15:05:00,192,142,146,478,478,460,460,478,478,494,122,493,121,632,122,590,698,485,460,460,123,123,550,451,417,344,287,287,464,529,464,467,510,386,494,493,494,796,478,494,637,478,319,202,219,155,478,478,121,123,478,478,122,122,123,493,494,493,499,639,561,612,389,123,123,494,443,508,431,355,457,355,493,637,295,360,296,521,521,521,796,478,521,521,478
06/02/2026 15:10:00,192,138,146,482,482,455,455,482,482,498,123,499,123,635,123,593,739,492,455,455,123,123,534,417,387,349,365,348,454,512,453,453,473,375,498,499,498,804,482,498,644,482,322,189,212,144,482,482,123,123,482,482,123,123,123,499,498,499,523,653,558,574,366,123,123,498,451,501,443,385,468,384,499,644,337,404,339,511,511,511,804,482,511,511,482
06/02/2026 15:15:00,197,143,150,486,486,457,457,486,486,502,123,502,123,635,123,606,719,500,457,457,123,123,513,416,391,319,331,318,494,568,492,487,510,406,502,502,502,809,486,502,648,486,324,149,190,113,486,486,123,123,486,486,123,123,123,502,502,502,479,638,584,610,384,123,123,502,437,507,432,390,493,390,502,648,340,421,343,510,511,511,809,486,510,510,486
06/02/2026 15:20:00,196,144,149,484,484,455,455,484,484,501,123,501,123,632,123,578,711,477,455,455,123,123,557,450,412,333,336,319,461,526,461,506,531,418,501,501,502,806,484,501,646,484,323,152,191,115,484,484,123,123,484,484,123,123,123,501,502,501,484,622,527,572,371,123,123,502,437,506,425,365,459,368,501,646,310,400,311,508,507,507,806,484,508,508,484
06/02/2026 15:25:00,211,161,161,480,480,449,449,480,480,496,123,496,123,626,123,558,679,462,449,449,123,123,541,436,397,344,332,322,462,521,461,458,486,376,496,496,497,800,480,496,640,480,320,140,183,105,480,480,123,123,480,480,123,123,123,496,497,496,476,639,604,624,380,123,123,497,465,516,453,403,470,404,496,640,295,364,296,501,501,501,800,480,501,501,480
06/02/2026 15:30:00,207,152,158,475,475,443,443,475,475,490,123,490,123,624,123,584,688,479,443,443,123,123,503,402,380,359,380,358,427,482,426,495,502,408,490,490,489,790,475,490,632,475,317,119,169,87,475,475,123,123,475,475,123,123,123,490,489,490,492,618,534,566,378,123,123,489,452,493,439,420,488,420,490,632,265,332,266,497,497,497,790,475,497,497,475
06/02/2026 15:35:00,197,148,150,480,480,449,449,480,480,496,123,496,123,629,123,570,695,473,449,449,123,123,568,455,416,357,354,336,476,548,475,457,484,378,496,496,497,800,480,496,640,480,320,90,154,66,480,480,123,123,480,480,123,123,123,496,497,496,528,673,561,599,391,123,123,497,479,542,464,375,465,376,496,640,332,390,333,502,502,502,800,480,502,502,480
06/02/2026 15:40:00,184,145,140,480,480,451,451,480,480,505,124,505,123,635,124,567,679,470,451,451,124,124,506,398,361,336,374,350,485,557,483,471,510,391,505,505,506,800,480,505,640,480,320,82,149,58,480,480,123,124,480,480,124,124,124,505,506,505,498,641,578,615,395,124,124,506,421,478,409,409,523,410,505,640,268,312,270,496,496,496,800,480,496,496,480
06/02/2026 15:45:00,191,145,145,475,475,439,439,475,475,504,123,504,123,631,123,579,713,478,439,439,123,123,526,403,371,332,342,330,472,545,472,486,529,403,504,504,505,792,475,504,633,475,317,82,148,58,475,475,123,123,475,475,123,123,123,504,505,504,498,669,645,670,416,123,123,505,459,537,446,409,484,410,504,633,255,324,257,491,492,492,792,475,491,491,475
06/02/2026 15:50:00,188,164,143,478,478,436,436,478,478,501,123,501,123,632,123,551,667,457,436,436,123,123,578,442,396,342,324,314,429,480,429,390,408,319,501,501,502,795,478,501,636,478,318,82,149,58,478,478,123,123,478,478,123,123,123,501,502,501,534,706,638,661,404,123,123,502,447,533,435,364,493,365,501,636,263,326,263,493,493,493,795,478,493,493,478
06/02/2026 15:55:00,173,123,131,473,473,441,441,473,473,493,122,493,121,624,122,625,731,517,441,441,123,123,530,408,356,332,356,340,462,510,460,476,517,392,493,493,493,789,473,493,630,473,315,82,148,58,473,473,121,123,473,473,122,122,123,493,493,493,495,628,553,579,384,123,123,493,462,516,448,409,498,410,493,630,285,340,285,489,488,488,789,473,489,489,473
06/02/2026 16:00:00,174,129,132,464,464,433,433,464,464,489,121,488,121,618,121,612,734,504,433,433,121,121,571,440,385,335,351,332,482,551,481,458,504,378,489,488,488,774,464,489,620,464,310,82,145,58,464,464,121,121,464,464,121,121,121,488,488,488,487,632,580,617,390,121,121,488,458,529,444,403,495,404,488,620,285,321,285,480,480,480,774,464,480,480,464
06/02/2026 16:05:00,240,192,182,468,468,435,435,468,468,490,122,490,121,623,122,605,724,502,435,435,123,123,541,444,415,353,321,315,478,550,476,449,513,369,490,490,489,780,468,490,624,468,313,82,146,58,468,468,121,123,468,468,122,122,123,490,489,490,489,636,594,616,397,123,123,489,398,487,399,430,474,428,490,624,272,308,274,484,484,484,780,468,484,484,468
06/02/2026 16:10:00,188,139,143,462,462,433,433,462,462,501,122,501,121,621,122,577,681,479,433,433,123,123,580,435,381,320,307,302,476,545,475,448,480,369,501,501,502,769,462,501,616,462,308,82,145,58,462,462,121,123,462,462,122,122,123,501,502,501,553,718,651,701,417,123,123,502,425,512,421,381,499,381,501,616,278,335,278,478,478,478,769,462,478,478,462
06/02/2026 16:15:00,232,181,177,459,459,432,432,459,459,503,122,503,121,624,122,593,713,487,432,432,123,123,541,419,386,325,306,300,460,529,458,448,459,371,503,503,502,764,459,503,612,459,306,82,144,58,459,459,121,123,459,459,122,122,123,503,502,503,544,661,643,637,408,123,123,502,475,530,460,430,515,428,503,612,291,353,293,474,474,474,764,459,474,474,459
06/02/2026 16:20:00,215,183,164,459,459,434,434,459,459,502,123,502,123,626,123,563,700,468,434,434,123,123,580,482,455,363,325,318,437,510,434,438,459,364,502,502,502,764,459,502,612,459,306,82,144,58,459,459,123,123,459,459,123,123,123,502,502,502,529,684,634,666,407,123,123,502,479,534,464,398,487,397,502,612,248,283,250,474,474,474,764,459,474,474,459
06/02/2026 16:25:00,192,146,146,448,448,434,434,448,448,498,123,497,123,621,123,560,704,465,434,434,123,123,624,517,468,367,302,301,456,522,454,450,459,372,498,497,497,746,448,498,597,448,298,82,141,58,448,448,123,123,448,448,123,123,123,497,497,497,504,687,665,682,419,123,123,497,447,516,435,401,476,401,497,597,302,369,304,463,463,463,746,448,463,463,448
06/02/2026 16:30:00,219,181,167,448,448,433,433,448,448,496,122,496,121,618,122,629,741,518,433,433,123,123,499,384,353,307,284,283,464,527,464,486,497,402,496,496,497,746,448,496,597,448,298,82,141,58,448,448,121,123,448,448,122,122,123,496,497,496,479,638,560,607,395,123,123,497,469,510,456,440,518,438,496,597,306,387,306,462,462,462,746,448,462,462,448
06/02/2026 16:35:00,240,194,183,448,448,433,433,448,448,501,122,501,121,619,122,614,726,509,433,433,123,123,513,423,399,331,303,297,444,501,443,432,439,357,501,501,502,746,448,501,597,448,298,82,141,58,448,448,121,123,448,448,122,122,123,501,502,501,530,643,603,605,394,123,123,502,468,527,454,385,508,384,501,597,261,333,262,462,462,462,746,448,462,462,448
06/02/2026 16:40:00,249,187,190,456,456,429,429,456,456,508,123,508,123,623,123,573,706,476,429,429,123,123,541,425,403,330,344,328,472,542,472,490,512,404,508,508,507,762,456,508,609,456,304,82,143,58,456,456,123,123,456,456,123,123,123,508,507,508,525,730,675,714,422,123,123,507,466,503,452,388,490,387,508,609,274,320,275,457,457,457,762,456,457,457,456
06/02/2026 16:45:00,221,194,168,468,468,435,435,468,468,509,122,508,121,619,122,585,707,480,435,435,123,123,547,436,409,329,299,296,456,517,455,489,517,408,509,508,510,780,468,509,624,468,313,82,146,58,468,468,121,123,468,468,122,122,123,508,510,508,499,664,625,644,399,123,123,510,443,501,431,371,480,372,508,624,231,289,232,464,464,464,780,468,464,464,468
06/02/2026 16:50:00,241,204,183,438,438,429,429,438,438,505,123,505,123,618,123,577,712,479,429,429,123,123,553,433,393,357,330,323,440,498,438,494,528,411,505,505,506,729,438,505,583,438,292,82,138,58,438,438,123,123,438,438,123,123,123,505,506,505,498,664,686,669,427,123,123,506,425,502,421,398,499,397,505,583,249,320,250,452,452,452,729,438,452,452,438
06/02/2026 16:55:00,272,229,208,441,441,428,428,441,441,501,123,501,123,615,123,596,725,489,428,428,123,123,568,440,405,336,312,307,484,552,483,451,484,373,501,501,502,733,441,501,587,441,294,82,139,58,441,441,123,123,441,441,123,123,123,501,502,501,529,703,654,671,418,123,123,502,486,530,471,371,508,372,501,587,251,355,253,455,455,455,733,441,455,455,441
06/02/2026 17:00:00,259,214,198,438,438,425,425,438,438,497,122,497,121,612,122,571,685,474,425,425,123,123,553,450,419,346,282,283,464,531,464,447,479,369,497,497,497,729,438,497,583,438,292,82,138,58,438,438,121,123,438,438,122,122,123,497,497,497,527,659,611,643,415,123,123,497,447,508,439,430,530,428,497,583,241,318,244,452,452,452,729,438,452,452,438
06/02/2026 17:05:00,259,223,198,441,441,432,432,441,441,505,122,505,121,619,122,594,716,489,432,432,123,123,561,459,424,359,377,356,488,560,487,458,475,376,505,505,506,735,441,505,589,441,294,82,139,58,441,441,121,123,441,441,122,122,123,505,506,505,463,598,542,583,379,123,123,506,512,538,492,423,529,424,505,589,220,283,220,449,451,451,735,441,449,449,441
06/02/2026 17:10:00,252,222,193,469,469,434,434,469,469,516,122,516,121,624,122,605,714,502,434,434,123,123,574,455,421,346,328,318,449,512,448,525,558,434,516,516,516,782,469,516,626,469,313,82,147,58,469,469,121,123,469,469,122,122,123,516,516,516,524,670,630,670,401,123,123,516,493,532,476,375,518,376,516,626,263,343,263,452,452,452,782,469,452,452,469
06/02/2026 17:15:00,232,200,177,466,466,434,434,466,466,517,123,517,123,618,123,647,763,531,434,434,123,123,510,389,353,318,328,324,492,563,491,492,510,408,517,517,517,776,466,517,620,466,311,82,146,58,466,466,123,123,466,466,123,123,123,517,517,517,499,637,598,622,410,123,123,517,444,516,432,395,505,396,517,620,263,340,263,454,455,455,776,466,454,454,466
06/02/2026 17:20:00,226,191,172,445,445,434,434,445,445,512,124,511,123,618,124,641,773,528,434,434,124,124,568,478,455,373,349,332,446,508,444,449,525,371,512,511,511,742,445,512,593,445,296,82,140,58,445,445,123,124,445,445,124,124,124,511,511,511,513,667,589,626,380,124,124,511,451,507,443,416,485,417,511,593,236,308,236,456,455,455,742,445,456,456,445
06/02/2026 17:25:00,220,184,167,464,464,426,426,464,464,508,123,508,123,612,123,585,730,485,426,426,123,123,563,467,436,349,314,304,464,528,461,474,482,392,508,508,507,773,464,508,619,464,309,82,145,58,464,464,123,123,464,464,123,123,123,508,507,508,508,660,587,638,393,123,123,507,469,510,456,423,503,424,508,619,288,355,289,454,455,455,773,464,454,454,464
06/02/2026 17:30:00,268,234,206,454,454,432,432,454,454,502,123,502,123,612,123,609,750,504,432,432,123,123,536,416,372,332,306,301,463,530,461,436,444,360,502,502,502,755,454,502,606,454,302,82,142,58,454,454,123,123,454,454,123,123,123,502,502,502,508,632,572,596,368,123,123,502,482,534,465,388,471,387,502,606,302,361,304,443,443,443,755,454,443,443,454
06/02/2026 17:35:00,225,190,171,445,445,437,437,445,445,503,124,503,123,612,124,620,755,510,437,437,124,124,571,459,405,336,290,287,460,519,457,442,458,364,503,503,502,742,445,503,593,445,296,82,140,58,445,445,123,124,445,445,124,124,124,503,502,503,490,650,571,623,407,124,124,502,480,506,464,407,478,406,503,593,274,316,275,445,445,445,742,445,445,445,445
06/02/2026 17:40:00,218,180,167,459,459,441,441,459,459,505,123,505,123,616,123,600,717,494,441,441,123,123,499,398,368,316,279,275,398,449,397,467,467,384,505,505,506,766,459,505,613,459,306,82,144,58,459,459,123,123,459,459,123,123,123,505,506,505,468,627,542,573,375,123,123,506,469,509,456,416,500,416,505,613,291,343,293,445,445,445,766,459,445,445,459
06/02/2026 17:45:00,200,160,152,454,454,444,444,454,454,501,123,501,123,615,123,624,752,514,444,444,123,123,520,407,374,325,284,283,421,471,418,416,412,344,501,501,502,755,454,501,606,454,302,82,142,58,454,454,123,123,454,454,123,123,123,501,502,501,522,686,587,649,397,123,123,502,449,521,436,420,527,420,501,606,274,316,275,448,448,448,755,454,448,448,454
06/02/2026 17:50:00,225,180,172,445,445,443,443,445,445,497,122,497,121,612,122,625,756,519,443,443,123,123,494,378,342,280,262,261,378,423,376,422,425,348,497,497,497,743,445,497,594,445,298,82,140,58,445,445,121,123,445,445,122,122,123,497,497,497,513,658,568,584,374,123,123,497,485,550,468,458,520,458,497,594,256,329,258,448,448,448,743,445,448,448,445
06/02/2026 17:55:00,201,145,153,433,433,447,447,433,433,493,122,493,121,612,122,597,737,497,447,447,123,123,530,404,366,311,323,314,412,467,412,421,418,347,493,493,493,722,433,493,578,433,288,82,137,58,433,433,121,123,433,433,122,122,123,493,493,493,475,616,558,584,370,123,123,493,477,523,462,388,495,387,493,578,231,303,232,443,443,443,722,433,443,443,433
06/02/2026 18:00:00,249,198,190,436,436,443,443,436,436,487,121,488,121,607,121,551,677,457,443,443,121,121,526,436,415,356,313,307,427,482,426,404,437,334,487,488,487,726,436,487,580,436,290,82,138,58,436,436,121,121,436,436,121,121,121,488,487,488,436,547,505,529,342,121,121,487,474,521,458,430,500,428,488,580,252,317,254,442,441,441,726,436,442,442,436
06/02/2026 18:05:00,201,157,153,438,438,449,449,438,438,490,120,490,121,612,120,638,773,529,449,449,119,119,544,470,452,386,351,339,464,525,464,428,429,353,490,490,489,729,438,490,583,438,292,82,138,58,438,438,121,119,438,438,120,120,119,490,489,490,461,595,541,574,364,119,119,489,447,488,439,403,489,404,490,583,288,369,289,452,452,452,729,438,452,452,438
06/02/2026 18:10:00,241,193,185,442,442,452,452,442,442,497,122,497,121,619,122,588,735,485,452,452,123,123,574,494,458,387,360,347,438,497,436,461,484,381,497,497,497,738,442,497,589,442,294,82,139,58,442,442,121,123,442,442,122,122,123,497,497,497,430,569,519,552,360,123,123,497,479,522,463,390,497,390,497,589,252,327,254,457,457,457,738,442,457,457,442
06/02/2026 18:15:00,215,165,164,445,445,455,455,445,445,497,122,497,121,619,122,633,771,523,455,455,123,123,541,446,434,353,298,298,475,540,475,433,463,356,497,497,497,743,445,497,594,445,298,82,140,58,445,445,121,123,445,445,122,122,123,497,497,497,460,594,527,549,366,123,123,497,465,522,453,390,513,390,497,594,320,411,321,459,459,459,743,445,459,459,445
06/02/2026 18:20:00,206,159,156,452,452,459,459,452,452,496,121,496,121,621,121,596,734,495,459,459,121,121,534,450,436,359,331,322,464,528,464,466,472,384,496,496,497,755,452,496,604,452,302,82,142,58,452,452,121,121,452,452,121,121,121,496,497,496,489,598,549,578,367,121,121,497,441,485,428,375,476,376,496,604,306,367,306,466,465,465,755,452,466,466,452
06/02/2026 18:25:00,215,179,164,452,452,463,463,452,452,490,121,490,121,619,121,543,676,449,463,463,121,121,541,458,438,365,333,320,507,586,504,418,468,344,490,490,489,755,452,490,604,452,302,82,142,58,452,452,121,121,452,452,121,121,121,490,489,490,452,601,534,571,366,121,121,489,490,508,472,403,505,404,490,604,291,377,293,468,468,468,755,452,468,468,452
06/02/2026 18:30:00,238,186,182,469,469,465,465,469,469,485,121,484,121,624,121,555,672,461,465,465,121,121,563,483,465,387,381,362,472,535,471,451,454,371,485,484,485,782,469,485,626,469,313,82,147,58,469,469,121,121,469,469,121,121,121,484,485,484,457,566,540,550,354,121,121,485,437,514,432,413,507,414,484,626,309,409,310,472,472,472,782,469,472,472,469
06/02/2026 18:35:00,213,166,162,464,464,470,470,464,464,480,120,480,121,618,120,466,570,384,470,470,119,119,585,488,466,401,370,358,481,546,479,453,475,371,480,480,480,774,464,480,620,464,310,82,145,58,464,464,121,119,464,464,120,120,119,480,480,480,459,596,552,577,366,119,119,480,459,519,445,432,526,432,480,620,332,369,333,478,478,478,774,464,478,478,464
06/02/2026 18:40:00,215,160,164,471,471,470,470,471,471,478,119,478,119,623,119,567,695,470,470,470,119,119,530,428,400,362,361,347,490,560,488,441,461,364,478,478,478,785,471,478,627,471,313,82,147,58,471,471,119,119,471,471,119,119,119,478,478,478,468,613,607,633,396,119,119,478,472,512,456,420,492,420,478,627,327,407,327,486,486,486,785,471,486,486,471
06/02/2026 18:45:00,196,145,149,468,468,476,476,468,468,471,119,470,119,621,119,514,610,425,476,476,119,119,571,466,433,383,343,332,474,538,472,471,495,389,471,470,471,779,468,471,623,468,311,82,146,58,468,468,119,119,468,468,119,119,119,470,471,470,476,616,541,573,368,119,119,471,425,493,416,427,515,426,470,623,346,423,347,484,484,484,779,468,484,484,468
06/02/2026 18:50:00,174,129,132,471,471,478,478,471,471,467,118,468,117,618,118,496,602,412,478,478,119,119,561,473,463,367,340,328,478,545,476,453,450,374,467,468,466,785,471,467,628,471,315,82,147,58,471,471,117,119,471,471,118,118,119,468,466,468,513,645,606,610,394,119,119,466,459,514,445,427,510,426,468,628,385,506,387,496,496,496,785,471,496,496,471
06/02/2026 18:55:00,208,152,159,475,475,474,474,475,475,454,116,455,117,612,116,484,545,399,474,474,116,116,544,438,407,367,301,301,415,467,414,423,420,349,454,455,455,794,475,454,635,475,317,88,151,63,475,475,117,116,475,475,116,116,116,455,455,455,464,574,524,558,371,116,116,455,521,561,499,420,501,420,455,635,419,529,421,492,492,492,794,475,492,492,475
06/02/2026 19:00:00,162,105,123,484,484,468,468,484,484,448,116,447,115,615,116,459,520,377,468,468,115,115,485,414,403,344,316,306,441,498,440,408,429,336,448,447,447,806,484,448,646,484,323,113,168,83,484,484,115,115,484,484,116,116,115,447,447,447,443,591,534,571,369,115,115,447,462,506,449,468,537,468,447,646,409,472,410,502,502,502,806,484,502,502,484
06/02/2026 19:05:00,164,107,125,487,487,468,468,487,487,445,114,445,113,612,114,463,508,382,468,468,115,115,468,382,370,329,291,283,379,417,377,391,400,322,445,445,446,812,487,445,649,487,325,189,213,144,487,487,113,115,487,487,114,114,115,445,446,445,456,573,532,574,359,115,115,446,489,534,471,364,469,365,445,649,389,487,390,505,505,505,812,487,505,505,487
06/02/2026 19:10:00,162,106,122,491,491,478,478,491,491,445,114,446,113,609,114,489,566,403,478,478,115,115,489,406,392,346,301,297,338,369,336,402,394,330,445,446,447,818,491,445,654,491,327,200,221,152,491,491,113,115,491,491,114,114,115,446,447,446,377,475,450,461,313,115,115,447,447,497,432,364,506,365,446,654,372,456,372,508,508,508,818,491,508,508,491
06/02/2026 19:15:00,155,111,117,487,487,480,480,487,487,448,113,448,112,618,113,490,555,405,480,480,113,113,506,409,392,319,298,290,379,418,377,389,393,324,448,448,447,812,487,448,649,487,325,194,216,149,487,487,112,113,487,487,113,113,113,448,447,448,442,564,501,536,333,113,113,447,444,479,432,385,430,384,448,649,385,464,387,527,527,527,812,487,527,527,487
06/02/2026 19:20:00,164,107,125,481,481,478,478,481,481,442,111,441,112,609,111,477,541,393,478,478,111,111,442,376,367,344,329,315,403,450,401,428,440,353,442,441,442,801,481,442,642,481,321,200,219,152,481,481,112,111,481,481,111,111,111,441,442,441,406,460,474,448,323,111,111,442,399,410,387,333,377,333,441,642,358,407,359,522,522,522,801,481,522,522,481
06/02/2026 19:25:00,162,105,123,485,485,472,472,485,485,435,109,435,109,605,109,471,516,389,472,472,109,109,479,376,357,311,247,247,377,421,374,434,424,359,435,435,435,809,485,435,646,485,323,198,218,151,485,485,109,109,485,485,109,109,109,435,435,435,379,457,448,467,324,109,109,435,402,427,390,326,388,327,435,646,336,395,336,524,523,523,809,485,524,524,485
06/02/2026 19:30:00,155,99,117,471,471,468,468,471,471,426,106,427,108,594,106,442,513,363,468,468,106,106,420,350,358,296,284,280,335,363,334,375,388,308,426,427,427,785,471,426,627,471,313,208,221,160,471,471,108,106,471,471,106,106,106,427,427,427,430,516,454,457,319,106,106,427,339,374,344,316,326,318,427,627,369,422,370,533,533,533,785,471,533,533,471
06/02/2026 19:35:00,134,79,101,464,464,465,465,464,464,425,105,425,104,592,105,470,505,390,465,465,105,105,448,348,333,292,267,261,382,427,379,377,343,310,425,425,424,773,464,425,619,464,309,179,202,137,464,464,104,105,464,464,105,105,105,425,424,425,386,450,467,455,343,105,105,424,365,405,365,339,366,339,425,619,365,415,368,538,537,537,773,464,538,538,464
06/02/2026 19:40:00,150,93,114,462,462,462,462,462,462,419,102,419,103,584,102,437,516,363,462,462,104,104,466,343,311,294,242,244,323,359,322,365,362,300,419,419,419,769,462,419,616,462,308,179,201,134,462,462,103,104,462,462,102,102,104,419,419,419,393,479,467,483,328,104,104,419,320,360,327,297,327,297,419,616,329,382,330,534,534,534,769,462,534,534,462
06/02/2026 19:45:00,132,81,99,452,452,459,459,452,452,415,100,415,100,579,100,387,433,316,459,459,100,100,482,376,359,314,283,278,357,390,356,362,334,299,415,415,415,755,452,415,604,452,302,185,202,141,452,452,100,100,452,452,100,100,100,415,415,415,430,504,501,498,337,100,100,415,372,387,372,291,345,292,415,604,350,392,350,528,528,528,755,452,528,528,452
06/02/2026 19:50:00,149,94,112,445,445,455,455,445,445,406,98,406,98,569,98,420,465,345,455,455,98,98,431,325,304,292,287,279,322,347,320,353,335,292,406,406,406,740,445,406,593,445,296,183,199,140,445,445,98,98,445,445,98,98,98,406,406,406,387,474,470,473,331,98,98,406,359,373,356,300,334,301,406,593,314,345,316,540,541,541,740,445,540,540,445
06/02/2026 19:55:00,135,83,101,438,438,452,452,438,438,396,95,396,95,562,95,406,449,337,452,452,95,95,397,325,312,292,247,248,319,346,317,349,323,287,396,396,397,729,438,396,583,438,292,202,208,155,438,438,95,95,438,438,95,95,95,396,397,396,377,454,434,438,316,95,95,397,312,339,320,291,295,292,396,583,350,398,350,528,529,529,729,438,528,528,438
06/02/2026 20:00:00,155,99,117,429,429,438,438,429,429,392,92,392,92,556,92,401,448,333,438,438,92,92,397,317,324,299,235,241,315,345,313,343,339,283,392,392,391,714,429,392,570,429,285,160,182,122,429,429,92,92,429,429,92,92,92,392,391,392,376,426,419,413,302,92,92,391,339,359,342,284,314,285,392,570,351,414,353,531,531,531,714,429,531,531,429
06/02/2026 20:05:00,127,71,95,422,422,434,434,422,422,389,90,388,90,547,90,434,465,358,434,434,90,90,408,302,281,268,251,248,316,340,315,310,282,253,389,388,389,705,422,389,564,422,282,192,198,147,422,422,90,90,422,422,90,90,90,388,389,388,384,436,403,410,293,90,90,389,387,380,384,323,364,324,388,564,334,383,337,531,530,530,705,422,531,531,422
06/02/2026 20:10:00,124,77,93,426,426,434,434,426,426,390,87,391,87,544,87,419,463,345,434,434,86,86,393,292,278,276,211,220,291,308,288,315,299,257,390,391,390,710,426,390,570,426,285,189,197,144,426,426,87,86,426,426,87,87,86,391,390,391,371,418,362,370,287,86,86,390,342,363,345,297,300,297,391,570,307,361,308,535,534,534,710,426,535,535,426
06/02/2026 20:15:00,149,82,113,426,426,436,436,426,426,390,83,391,85,544,83,416,451,344,436,436,84,84,419,315,301,296,283,276,316,343,315,360,355,295,390,391,390,710,426,390,570,426,285,171,187,131,426,426,85,84,426,426,83,83,84,391,390,391,371,413,412,416,294,84,84,390,356,351,346,310,342,311,391,570,317,338,317,535,534,534,710,426,535,535,426
06/02/2026 20:20:00,143,82,110,426,426,429,429,426,426,385,81,386,81,544,81,449,471,371,429,429,82,82,397,286,274,273,278,275,338,362,336,403,394,333,385,386,385,710,426,385,570,426,285,189,197,144,426,426,81,82,426,426,81,81,82,386,385,386,359,388,372,383,288,82,82,385,329,327,319,268,286,270,386,570,309,342,310,527,527,527,710,426,527,527,426
06/02/2026 20:25:00,139,78,105,416,416,420,420,416,416,372,79,373,78,523,79,405,424,332,420,420,78,78,397,301,293,289,233,237,273,285,271,311,301,257,372,373,371,694,416,372,555,416,277,179,189,137,416,416,78,78,416,416,79,79,78,373,371,373,363,431,412,406,304,78,78,371,309,313,300,251,270,253,373,555,301,324,303,517,517,517,694,416,517,517,416
06/02/2026 20:30:00,120,63,89,417,417,410,410,417,417,366,76,366,76,520,76,431,462,355,410,410,76,76,391,285,268,287,264,262,308,330,306,373,359,306,366,366,365,695,417,366,556,417,279,179,189,134,417,417,76,76,417,417,76,76,76,366,365,366,333,397,380,367,274,76,76,365,327,326,327,291,297,292,366,556,306,327,308,514,514,514,695,417,514,514,417
06/02/2026 20:35:00,146,95,110,416,416,410,410,416,416,369,74,369,74,516,74,450,478,371,410,410,73,73,408,305,287,287,225,233,280,300,280,347,328,284,369,369,368,694,416,369,555,416,277,208,206,160,416,416,74,73,416,416,74,74,73,369,368,369,341,386,366,357,276,73,73,368,287,282,297,232,249,234,369,555,285,304,285,514,514,514,694,416,514,514,416
06/02/2026 20:40:00,143,89,107,418,418,408,408,418,418,366,72,367,71,509,72,410,418,338,408,408,72,72,356,281,278,267,222,225,284,298,281,356,327,293,366,367,366,696,418,366,557,418,279,228,218,176,418,418,71,72,418,418,72,72,72,367,366,367,324,359,343,343,269,72,72,366,327,320,328,306,271,306,367,557,311,341,311,516,516,516,696,418,516,516,418
06/02/2026 20:45:00,138,83,104,413,413,406,406,413,413,363,69,363,70,506,69,431,465,357,406,406,68,68,337,257,253,252,220,223,270,284,268,306,300,250,363,363,363,688,413,363,551,413,275,206,204,158,413,413,70,68,413,413,69,69,68,363,363,363,343,413,386,385,298,68,68,363,309,314,300,261,277,263,363,551,311,341,311,504,504,504,688,413,504,504,413
06/02/2026 20:50:00,127,75,96,406,406,406,406,406,406,357,68,357,67,495,68,440,468,364,406,406,68,68,408,306,290,277,227,229,253,269,250,335,320,276,357,357,357,677,406,357,541,406,271,179,186,134,406,406,67,68,406,406,68,68,68,357,357,357,359,408,373,381,290,68,68,357,305,328,314,281,290,282,357,541,294,322,296,513,513,513,677,406,513,513,406
06/02/2026 20:55:00,150,96,113,403,403,394,394,403,403,353,66,353,66,484,66,412,443,338,394,394,66,66,411,296,285,274,235,243,270,289,270,326,295,268,353,353,353,672,403,353,537,403,268,211,204,162,403,403,66,66,403,403,66,66,66,353,353,353,336,396,349,348,269,66,66,353,297,289,307,288,286,288,353,537,287,315,288,498,499,499,672,403,498,498,403
06/02/2026 21:00:00,118,66,89,402,402,392,392,402,402,346,63,345,62,476,63,416,425,342,392,392,63,63,381,279,275,288,249,251,285,299,283,324,299,267,346,345,344,669,402,346,536,402,268,198,196,151,402,402,62,63,402,402,63,63,63,345,344,345,317,351,357,359,275,63,63,344,297,275,307,251,238,253,345,536,297,309,300,502,502,502,669,402,502,502,402
06/02/2026 21:05:00,139,85,104,399,399,392,392,399,399,347,62,347,62,477,62,405,435,333,392,392,63,63,368,268,264,253,216,220,252,257,250,348,307,287,347,347,348,664,399,347,531,399,266,179,184,134,399,399,62,63,399,399,62,62,63,347,348,347,355,375,346,328,257,63,63,348,294,286,287,275,254,276,347,531,304,341,305,510,511,511,664,399,510,510,399
06/02/2026 21:10:00,150,88,113,400,400,394,394,400,400,352,60,352,62,479,60,414,443,343,394,394,61,61,364,286,283,267,237,237,282,300,280,306,300,252,352,352,353,668,400,352,534,400,267,189,190,144,400,400,62,61,400,400,60,60,61,352,353,352,332,356,348,338,265,61,61,353,319,291,310,284,270,285,352,534,298,354,298,498,497,497,668,400,498,498,400
06/02/2026 21:15:00,126,68,95,399,399,398,398,399,399,353,60,353,60,482,60,456,499,375,398,398,60,60,401,306,296,286,255,255,330,361,329,333,309,276,353,353,353,667,399,353,533,399,266,198,195,151,399,399,60,60,399,399,60,60,60,353,353,353,367,404,364,356,276,60,60,353,331,296,323,291,282,292,353,533,327,359,327,504,504,504,667,399,504,504,399
06/02/2026 21:20:00,143,88,108,406,406,394,394,406,406,352,59,352,59,481,59,421,459,349,394,394,59,59,393,306,291,277,248,247,292,309,290,342,343,282,352,352,353,677,406,352,541,406,271,183,189,140,406,406,59,59,406,406,59,59,59,352,353,352,320,369,365,372,275,59,59,353,339,328,331,293,288,296,352,541,289,327,291,502,502,502,677,406,502,502,406
06/02/2026 21:25:00,114,56,84,408,408,386,386,408,408,346,59,346,59,465,59,395,426,329,386,386,59,59,368,275,277,262,261,256,281,296,280,327,306,269,346,346,346,679,408,346,544,408,272,189,192,144,408,408,59,59,408,408,59,59,59,346,346,346,361,442,373,388,290,59,59,346,324,301,314,300,263,301,346,544,288,314,288,491,492,492,679,408,491,491,408
06/02/2026 21:30:00,127,69,95,402,402,379,379,402,402,340,58,340,57,458,58,448,482,367,379,379,59,59,329,256,265,253,243,241,318,346,315,307,287,253,340,340,339,669,402,340,536,402,268,185,189,141,402,402,57,59,402,402,58,58,59,340,339,340,412,456,407,396,298,59,59,339,305,303,304,272,272,273,340,536,304,326,305,485,484,484,669,402,485,485,402
06/02/2026 21:35:00,120,70,89,395,395,373,373,395,395,338,56,339,56,453,56,478,498,394,373,373,56,56,381,285,277,254,223,225,288,309,286,321,307,263,338,339,338,659,395,338,527,395,264,171,179,131,395,395,56,56,395,395,56,56,56,339,338,339,368,427,410,393,289,56,56,338,283,258,277,254,249,256,339,527,297,317,300,490,490,490,659,395,490,490,395
06/02/2026 21:40:00,112,54,84,383,383,373,373,383,383,334,56,334,56,449,56,406,435,335,373,373,56,56,381,268,265,248,208,215,280,301,279,331,311,272,334,334,334,638,383,334,511,383,256,179,181,137,383,383,56,56,383,383,56,56,56,334,334,334,353,419,395,394,306,56,56,334,332,302,327,306,299,307,334,511,307,341,309,473,474,474,638,383,473,473,383
06/02/2026 21:45:00,116,61,86,382,382,365,365,382,382,327,56,329,55,448,56,436,480,359,365,365,56,56,408,303,282,246,211,214,237,248,235,321,296,265,327,329,329,638,382,327,511,382,255,149,162,113,382,382,55,56,382,382,56,56,56,329,329,329,377,435,427,412,303,56,56,329,297,290,307,277,262,279,329,511,295,332,296,484,484,484,638,382,484,484,382
06/02/2026 21:50:00,120,70,92,378,378,361,361,378,378,320,53,319,55,443,53,399,428,330,361,361,53,53,360,277,283,284,258,257,323,355,323,318,300,263,320,319,320,631,378,320,504,378,252,175,176,133,378,378,55,53,378,378,53,53,53,319,320,319,361,397,404,400,291,53,53,320,238,265,256,268,252,270,319,504,270,290,270,474,474,474,631,378,474,474,378
06/02/2026 21:55:00,129,74,97,373,373,350,350,373,373,311,53,310,53,442,53,412,424,339,350,350,53,53,353,240,233,237,213,220,262,275,259,311,276,255,311,310,310,623,373,311,497,373,249,189,183,144,373,373,53,53,373,373,53,53,53,310,310,310,390,390,349,329,262,53,53,310,254,235,267,216,198,218,310,497,263,258,263,459,459,459,623,373,459,459,373
06/02/2026 22:00:00,129,69,96,360,360,348,348,360,360,304,51,304,50,425,51,394,391,328,348,348,51,51,312,250,259,246,200,206,249,259,249,318,290,261,304,304,304,601,360,304,480,360,240,183,177,140,360,360,50,51,360,360,51,51,51,304,304,304,319,357,349,344,273,51,51,304,231,214,250,223,214,225,304,480,251,246,252,472,472,472,601,360,472,472,360
06/02/2026 22:05:00,106,59,78,355,355,346,346,355,355,305,50,306,50,425,50,374,391,309,346,346,49,49,325,212,194,214,183,191,211,214,210,311,270,257,305,306,306,592,355,305,474,355,237,206,188,158,355,355,50,49,355,355,50,50,49,306,306,306,328,373,345,329,252,49,49,306,227,227,247,241,222,244,306,474,253,256,255,459,460,460,592,355,459,459,355
06/02/2026 22:10:00,112,53,84,366,366,352,352,366,366,306,51,306,50,435,51,364,385,302,352,352,51,51,342,252,257,250,211,218,273,286,271,301,264,247,306,306,307,609,366,306,488,366,243,179,176,137,366,366,50,51,366,366,51,51,51,306,307,306,312,341,356,344,261,51,51,307,261,238,276,241,219,244,306,488,293,290,293,478,478,478,609,366,478,478,366
06/02/2026 22:15:00,109,47,81,364,364,350,350,364,364,304,51,304,50,442,51,400,411,328,350,350,51,51,339,247,235,244,204,212,254,265,253,299,280,247,304,304,304,606,364,304,484,364,243,169,170,128,364,364,50,51,364,364,51,51,51,304,304,304,337,361,348,340,263,51,51,304,242,253,259,284,274,285,304,484,287,306,288,475,474,474,606,364,475,475,364
06/02/2026 22:20:00,104,51,78,358,358,343,343,358,358,298,49,297,49,435,49,376,392,312,343,343,49,49,356,256,244,240,223,225,231,237,228,284,248,234,298,297,298,597,358,298,478,358,239,156,159,116,358,358,49,49,358,358,49,49,49,297,298,297,342,363,353,343,254,49,49,298,269,253,282,216,202,218,297,478,287,288,288,466,465,465,597,358,466,466,358
06/02/2026 22:25:00,101,51,75,352,352,329,329,352,352,286,46,287,46,414,46,317,312,262,329,329,47,47,325,223,218,233,227,224,262,275,262,317,282,263,286,287,285,588,352,286,470,352,235,179,172,137,352,352,46,47,352,352,46,46,47,287,285,287,318,353,283,309,250,47,47,285,223,229,244,236,215,236,287,470,229,223,229,452,452,452,588,352,452,452,352
06/02/2026 22:30:00,93,41,68,340,340,322,322,340,340,277,46,277,46,407,46,311,306,255,322,322,46,46,301,212,217,229,194,202,227,229,224,274,248,226,277,277,277,566,340,277,452,340,226,158,156,119,340,340,46,46,340,340,46,46,46,277,277,277,291,310,295,318,253,46,46,277,220,211,240,184,169,187,277,452,242,239,242,441,441,441,566,340,441,441,340
06/02/2026 22:35:00,101,51,75,335,335,315,315,335,335,269,44,269,45,395,44,307,291,255,315,315,44,44,284,182,185,213,195,204,255,263,254,272,238,222,269,269,269,559,335,269,446,335,224,166,160,126,335,335,45,44,335,335,44,44,44,269,269,269,285,303,306,277,221,44,44,269,178,189,206,185,187,188,269,446,275,267,277,434,434,434,559,335,434,434,335
06/02/2026 22:40:00,102,60,77,330,330,306,306,330,330,264,44,264,45,394,44,332,325,275,306,306,44,44,265,171,160,172,140,153,169,152,167,296,260,243,264,264,265,551,330,264,440,330,220,160,156,122,330,330,45,44,330,330,44,44,44,264,265,264,312,331,293,305,237,44,44,265,227,224,247,216,215,218,264,440,256,249,256,415,415,415,551,330,415,415,330
06/02/2026 22:45:00,94,36,71,324,324,296,296,324,324,257,43,257,42,379,43,298,278,249,296,296,43,43,431,306,273,270,237,243,319,350,317,280,229,232,257,257,258,541,324,257,432,324,216,169,159,128,324,324,42,43,324,324,43,43,43,257,258,257,317,352,302,308,253,43,43,258,220,225,240,203,203,206,257,432,247,243,247,402,402,402,541,324,402,402,324
06/02/2026 22:50:00,101,43,75,310,310,283,283,310,310,245,41,245,41,361,41,307,289,253,283,283,41,41,299,195,184,198,194,198,268,280,267,326,298,268,245,245,244,516,310,245,413,310,207,140,138,105,310,310,41,41,310,310,41,41,41,245,244,245,285,310,318,293,232,41,41,244,197,176,222,197,185,199,245,413,219,218,222,388,388,388,516,310,388,388,310
06/02/2026 22:55:00,116,58,86,290,290,271,271,290,290,232,38,232,38,348,38,257,226,213,271,271,38,38,299,181,173,164,146,155,190,183,188,290,237,238,232,232,231,482,290,232,386,290,193,149,138,113,290,290,38,38,290,290,38,38,38,232,231,232,273,266,252,230,212,38,38,231,238,202,238,207,192,208,232,386,228,200,228,366,366,366,482,290,366,366,290
06/02/2026 23:00:00,106,50,78,269,269,259,259,269,269,222,37,221,37,330,37,263,234,218,259,259,37,37,284,176,170,192,180,187,190,185,189,247,205,202,222,221,222,449,269,222,359,269,180,130,121,97,269,269,37,37,269,269,37,37,37,221,222,221,281,291,276,266,229,37,37,222,182,171,208,177,161,180,221,359,221,208,222,354,354,354,449,269,354,354,269
06/02/2026 23:05:00,152,102,114,263,263,254,254,263,263,218,37,218,37,329,37,258,230,215,254,254,37,37,295,177,165,188,152,164,197,196,195,234,187,192,218,218,218,437,263,218,350,263,175,140,126,105,263,263,37,37,263,263,37,37,37,218,218,218,255,251,230,213,200,37,37,218,172,154,192,177,140,180,218,350,219,207,219,356,355,355,437,263,356,356,263
06/02/2026 23:10:00,101,47,75,255,255,254,254,255,255,218,34,217,34,325,34,275,262,225,254,254,33,33,231,148,150,178,160,165,197,191,195,243,205,199,218,217,217,424,255,218,339,255,169,140,124,105,255,255,34,33,255,255,34,34,33,217,217,217,251,255,248,246,211,33,33,217,187,164,205,189,168,192,217,339,222,214,224,356,355,355,424,255,356,356,255
06/02/2026 23:15:00,120,61,89,251,251,247,247,251,251,208,32,209,32,316,32,268,244,222,247,247,33,33,268,185,181,189,174,177,190,181,188,217,171,177,208,209,209,418,251,208,334,251,167,144,125,108,251,251,32,33,251,251,32,32,33,209,209,209,272,278,283,278,232,33,33,209,193,194,218,167,162,170,209,334,191,172,192,334,334,334,418,251,334,334,251
06/02/2026 23:20:00,91,38,68,246,246,238,238,246,246,201,30,201,30,303,30,251,232,207,238,238,30,30,274,177,176,187,155,164,185,180,182,221,168,182,201,201,202,410,246,201,328,246,164,146,124,110,246,246,30,30,246,246,30,30,30,201,202,201,290,276,231,221,190,30,30,202,129,143,164,184,144,187,201,328,212,198,215,323,324,324,410,246,323,323,246
06/02/2026 23:25:00,90,34,67,230,230,221,221,230,230,191,27,191,29,290,27,272,247,225,221,221,28,28,243,155,157,171,137,149,159,151,157,237,185,193,191,191,191,382,230,191,306,230,153,124,107,92,230,230,29,28,230,230,27,27,28,191,191,191,249,250,269,245,220,28,28,191,178,153,196,185,156,188,191,306,212,204,213,310,310,310,382,230,310,310,230
06/02/2026 23:30:00,91,44,68,225,225,216,216,225,225,182,26,182,26,279,26,248,202,204,216,216,26,26,214,137,144,170,140,151,188,185,186,219,168,179,182,182,182,376,225,182,301,225,150,138,115,104,225,225,26,26,225,225,26,26,26,182,182,182,266,242,231,215,203,26,26,182,167,147,194,184,149,187,182,301,183,152,183,301,301,301,376,225,301,301,225
06/02/2026 23:35:00,99,41,74,220,220,211,211,220,220,179,26,178,25,269,26,235,206,196,211,211,25,25,284,155,135,164,151,163,159,142,156,196,147,159,179,178,179,365,220,179,292,220,146,156,122,116,220,220,25,25,220,220,26,26,25,178,179,178,247,234,224,224,212,25,25,179,152,141,181,158,128,161,178,292,199,174,198,285,285,285,365,220,285,285,220
06/02/2026 23:40:00,101,43,75,214,214,211,211,214,214,176,23,176,24,266,23,237,207,197,211,211,23,23,265,143,130,157,123,143,177,166,175,232,179,191,176,176,175,356,214,176,286,214,142,152,120,115,214,214,24,23,214,214,23,23,23,176,175,176,254,244,218,236,206,23,23,175,175,162,188,171,147,174,176,286,189,160,192,274,273,273,356,214,274,274,214
06/02/2026 23:45:00,95,39,71,208,208,201,201,208,208,170,23,171,24,257,23,245,212,203,201,201,23,23,220,129,135,168,148,160,159,148,157,205,167,168,170,171,171,347,208,170,277,208,139,130,105,97,208,208,24,23,208,208,23,23,23,171,171,171,249,229,243,227,199,23,23,171,127,130,161,158,129,161,171,277,192,149,192,271,273,273,347,208,271,271,208
06/02/2026 23:50:00,101,43,75,199,199,195,195,199,199,160,22,160,22,241,22,219,180,182,195,195,23,23,251,160,162,170,125,139,145,132,142,195,135,158,160,160,160,333,199,160,266,199,133,119,96,87,199,199,22,23,199,199,22,22,23,160,160,160,269,230,212,177,193,23,23,160,109,98,137,138,112,140,160,266,157,135,159,251,250,250,333,199,251,251,199
06/02/2026 23:55:00,101,46,75,184,184,182,182,184,184,150,20,150,20,224,20,238,199,195,182,182,19,19,243,134,130,167,139,151,163,152,161,188,151,154,150,150,150,307,184,150,245,184,123,135,102,101,184,184,20,19,184,184,20,20,19,150,150,150,231,196,195,178,189,19,19,150,127,126,162,147,115,151,150,245,185,152,186,234,233,233,307,184,234,234,184
