timestamp,777204,777212,777223,777233,777243,772689,772980,777253,777262,774411,774444,717962,717966,774373,717968,761734,718488,717770,718102,718492,717977,717660,768984,718151,717983,774359,717992,717995,776266,718147,776290,718320,776493,776203,763468,718014,768978,776221,776228,718016,776242,776196,776188,777203,777213,777224,777232,777245,772701,772711,777254,777263,774389,774445,717960,717963,774372,716847,717970,761851,717975,717972,761761,718493,717978,716857,717980,761776,774358,717986,717989,776295,718002,776289,718008,718012,776208,716891,718321,716875,776215,776253,718017,718018,776197
06/04/2026 00:00:00,61.9,69,63.5,69.3,69.3,69,69,69.3,69.3,69.3,65.3,69.2,65.7,70.4,65.3,67.2,68.5,68.3,69,69,65,65,63.4,66.5,67.5,64.4,67,64.4,64.4,67,64.4,66.9,71.9,68.1,69.3,69.2,69.9,69.9,69.3,69.3,69.2,69.3,69.4,63.3,68.6,64.9,69.3,69.3,65.7,65,69.3,69.3,65.3,65.3,65,69.2,69.9,69.2,67.1,68.6,67.5,67.9,67.9,65,65,69.9,62.8,68.8,64.3,64.5,69.2,64.4,69.2,69.2,67.9,71.1,67.9,70.5,70.4,70.4,69.9,69.3,70.5,70.5,69.3
06/04/2026 00:05:00,61.6,69.7,63.2,69.2,69.2,68.8,68.8,69.2,69.2,69.1,65.4,69.1,65.8,70.3,65.4,63,65.3,63.8,68.8,68.8,65.1,65.1,63.4,65.3,65.8,64.4,67.1,64.4,64.4,66.9,64.4,65.8,69.1,66.9,69.1,69.1,69.8,69.8,69.2,69.1,69.1,69.2,69.3,62.2,67.5,63.8,69.2,69.2,65.8,65.1,69.2,69.2,65.4,65.4,65.1,69.1,69.8,69.1,65.9,65.2,63.7,65.6,66.2,65.1,65.1,69.8,64.9,72.1,63.5,63.5,68.4,63.5,69.1,69.1,66.8,67.3,66.7,70.3,70.2,70.2,69.8,69.2,70.3,70.3,69.2
06/04/2026 00:10:00,61.4,68.9,63,69,69,68.4,68.4,69,69,69,65.3,68.9,65.9,70.3,65.3,62.5,64.3,63.3,68.4,68.4,65.1,65.1,60.9,63.6,63.7,64.1,67.1,64.4,64.4,66.8,64.3,61.8,67.9,62.7,69,68.9,69.6,69.6,69,69,68.9,69,69.1,62.2,67.4,63.7,69,69,65.9,65.1,69,69,65.3,65.3,65.1,68.9,69.6,68.9,65.6,64.2,64.5,65.3,66.1,65.1,65.1,69.6,64.4,71.7,64.6,63.9,70.9,63.9,68.9,68.9,62.4,64.4,62.4,70,70,70,69.6,69,70,70,69
06/04/2026 00:15:00,61.6,70.1,63.3,68.8,68.8,68.4,68.4,68.8,68.8,69,65.1,68.9,65.9,70.2,65.1,65.7,66.3,67,68.4,68.4,64.9,64.9,62.7,65.5,67,64.4,67.1,64.4,64.4,66.9,64.4,61.3,65.5,62.2,69,68.9,69.6,69.4,68.8,69,68.7,68.8,68.9,61.1,66.6,62.6,68.8,68.8,65.9,64.9,68.8,68.8,65.1,65.1,64.9,68.9,69.6,68.9,66.2,65.4,66.5,67.1,66.9,64.9,64.9,69.6,65.4,70.1,65.8,64.2,69,64.1,68.9,68.7,67.2,68.7,67.1,70.1,70,70,69.4,68.8,70.1,70.1,68.8
06/04/2026 00:20:00,61.7,70.7,63.2,68.7,68.7,68.2,68.2,68.7,68.7,68.7,65,68.6,65.7,70.2,65,67.3,67.8,68.5,68.2,68.2,65.3,65.3,62.4,66.9,68.9,64.4,67.1,64.4,64.3,67,64.3,63.2,67.8,64.2,68.7,68.6,69.3,69.3,68.7,68.7,68.6,68.7,68.8,59.9,65.4,61.4,68.7,68.7,65.7,65.3,68.7,68.7,65,65,65.3,68.6,69.3,68.6,66.5,66.6,62.5,64.8,65.2,65.3,65.3,69.3,63.6,70,64.9,66.8,70.7,66.7,68.6,68.6,66.9,68.5,66.8,70,69.9,69.9,69.3,68.7,70,70,68.7
06/04/2026 00:25:00,62.1,69,63.7,68.4,68.4,68,68,68.4,68.4,68.6,65.3,68.5,65.5,70,65.3,66.5,67.1,67.6,68,68,65.1,65.1,63,66.6,69.6,64.4,67.2,64.4,64.4,67.1,64.4,64.7,70.2,65.8,68.6,68.5,69.2,69,68.4,68.6,68.3,68.4,68.4,61,66.1,62.5,68.4,68.4,65.5,65.1,68.4,68.4,65.3,65.3,65.1,68.5,69.2,68.5,66.4,68.4,65.3,66.8,66.4,65.1,65.1,69.2,66.5,70.6,66.8,64,68.9,64,68.5,68.3,66.8,67.3,66.6,70,69.9,69.9,69,68.4,70,70,68.4
06/04/2026 00:30:00,61.5,69,63.1,68.4,68.4,67.7,67.7,68.4,68.4,68.3,65.1,68.3,65.5,69.9,65.1,62.7,62.5,63.6,67.7,67.7,65.2,65.2,62.7,66.6,68.2,64.3,67,64.4,64.3,67.1,64.3,66.2,70.3,67.3,68.3,68.3,69,69,68.4,68.3,68.3,68.4,68.5,61.2,66.5,62.7,68.4,68.4,65.5,65.2,68.4,68.4,65.1,65.1,65.2,68.3,69,68.3,66.5,66.6,65.1,66.1,67,65.2,65.2,69,65.8,70.2,66.2,63.7,71.4,63.7,68.3,68.3,65.3,67.7,65.4,69.9,69.8,69.8,69,68.4,69.9,69.9,68.4
06/04/2026 00:35:00,61.5,69.8,63.1,68.6,68.6,67.6,67.6,68.6,68.6,68.2,65.1,68.1,65.5,69.8,65.1,63.5,64.5,64.3,67.6,67.6,65.2,65.2,62,63.6,63.3,63.7,67.2,64.4,64.3,67,64.3,65.8,72,66.9,68.2,68.1,68.8,69.2,68.6,68.2,68.5,68.6,68.7,61.7,66.9,63.3,68.6,68.6,65.5,65.2,68.6,68.6,65.1,65.1,65.2,68.1,68.8,68.1,66.5,67.2,66.2,67,67.1,65.2,65.2,68.8,62.2,67.3,63.5,62.4,67.2,62.5,68.1,68.5,67,69.1,66.8,69.7,69.6,69.6,69.2,68.6,69.7,69.7,68.6
06/04/2026 00:40:00,61.4,67.9,62.9,67.9,67.9,67.4,67.4,67.9,67.9,68.1,64.9,68,65.7,69.5,64.9,67.2,66.6,68.2,67.4,67.4,65.2,65.2,61.9,63.7,64.6,64.4,67.3,64.4,64.4,67.3,64.4,65.1,69.5,66.3,68.1,68,68.7,68.6,67.9,68.1,67.9,67.9,68.1,61.7,66.4,63.2,67.9,67.9,65.7,65.2,67.9,67.9,64.9,64.9,65.2,68,68.7,68,66.6,67.6,65.2,66.7,65.6,65.2,65.2,68.7,63.3,68.6,62.2,65.2,71.2,65,68,67.9,67.3,69.3,67.2,69.4,69.4,69.4,68.6,67.9,69.4,69.4,67.9
06/04/2026 00:45:00,61,69.4,62.5,67.8,67.8,67.2,67.2,67.8,67.8,67.8,65.4,67.8,66,69.2,65.4,66.8,67.1,67.7,67.2,67.2,65.1,65.1,61.2,62.7,61.3,62.6,67.2,64.4,64.4,67.2,64.4,66.4,69.8,67.5,67.8,67.8,68.5,68.5,67.8,67.8,67.8,67.8,68,62.2,66.9,63.7,67.8,67.8,66,65.1,67.8,67.8,65.4,65.4,65.1,67.8,68.5,67.8,66.8,68.4,63.7,66.3,65.1,65.1,65.1,68.5,64.2,69.5,65.4,65.2,71.1,65.1,67.8,67.8,66.5,68.6,66.4,69.3,69.2,69.2,68.5,67.8,69.3,69.3,67.8
06/04/2026 00:50:00,60.9,70,62.5,67.7,67.7,67,67,67.7,67.7,67.7,65.3,67.6,65.8,69.1,65.3,65.9,65,66.7,67,67,65.1,65.1,62.5,62.3,60.2,61.7,67,64.4,64.3,67.2,64.3,66.1,71.3,67.3,67.7,67.6,68.3,68.3,67.7,67.7,67.6,67.7,67.8,62.5,66.7,64,67.7,67.7,65.8,65.1,67.7,67.7,65.3,65.3,65.1,67.6,68.3,67.6,66.1,67.3,65.3,65.7,66.3,65.1,65.1,68.3,63.5,60.4,62.3,64.9,69.7,64.8,67.6,67.6,67.1,67.6,66.9,69.1,69,69,68.3,67.7,69.1,69.1,67.7
06/04/2026 00:55:00,60.7,69.5,62.2,67.5,67.5,66.7,66.7,67.5,67.5,67.6,65.3,67.5,65.8,69,65.3,64.7,62.2,65.4,66.7,66.7,65.1,65.1,62.9,60.6,58,61,67.1,64.4,64.4,67.2,64.4,62.4,67.7,63.4,67.6,67.5,68.2,68.2,67.5,67.6,67.6,67.5,67.7,62.5,66.5,64,67.5,67.5,65.8,65.1,67.5,67.5,65.3,65.3,65.1,67.5,68.2,67.5,65.2,66.5,65.8,67.5,67.2,65.1,65.1,68.2,60.6,64.1,58.6,64.8,68.9,64.7,67.5,67.6,63.2,66.6,63.2,69.1,69,69,68.2,67.5,69.1,69.1,67.5
06/04/2026 01:00:00,61.1,69.7,62.6,68.1,68.1,66.9,66.9,68.1,68.1,67.9,64.9,67.9,65.8,69.4,64.9,61.3,60.5,61.9,66.9,66.9,65.3,65.3,62,58.5,54.4,58.7,67.1,64.4,64.4,67.2,64.4,61.6,65.2,62.5,67.9,67.9,68.6,68.8,68.1,67.9,68.1,68.1,68.3,62,66.6,63.6,68.1,68.1,65.8,65.3,68.1,68.1,64.9,64.9,65.3,67.9,68.6,67.9,66.2,67.2,67.2,67.6,67.2,65.3,65.3,68.6,61.4,66.5,62.7,64.8,70.3,64.7,67.9,68.1,64.3,67.2,64.2,69.5,69.5,69.5,68.8,68.1,69.5,69.5,68.1
06/04/2026 01:05:00,61.5,69.2,63.1,68.2,68.2,67.5,67.5,68.2,68.2,68.1,64.8,68.1,65.7,69.6,64.8,64.8,63.9,65.6,67.5,67.5,65.2,65.2,62.9,59.3,56.4,60,67.2,64.4,64.4,67.2,64.4,59.1,62,59.8,68.1,68.1,68.8,68.8,68.2,68.1,68.1,68.2,68.3,62.2,66.5,63.8,68.2,68.2,65.7,65.2,68.2,68.2,64.8,64.8,65.2,68.1,68.8,68.1,67.1,68.5,66.4,67.4,67,65.2,65.2,68.8,64.3,68.8,64,65.4,70.5,65.3,68.1,68.1,62.3,62.9,62.4,69.7,69.6,69.6,68.8,68.2,69.7,69.7,68.2
06/04/2026 01:10:00,61.7,69,63.2,68.2,68.2,67.5,67.5,68.2,68.2,68.3,64.9,68.2,65.8,69.5,64.9,61.9,61.4,62.5,67.5,67.5,65.3,65.3,62,61.3,59.1,61.7,67,64.4,64.3,67,64.4,59,62.3,59.8,68.3,68.2,68.9,68.9,68.2,68.3,68.2,68.2,68.4,62.4,66.8,64,68.2,68.2,65.8,65.3,68.2,68.2,64.9,64.9,65.3,68.2,68.9,68.2,66.1,66,66.2,67.3,67.1,65.3,65.3,68.9,62.5,68.1,63.3,63.8,66.5,63.6,68.2,68.2,57.4,59.2,57.6,69.5,69.4,69.4,68.9,68.2,69.5,69.5,68.2
06/04/2026 01:15:00,61.7,67.9,63.3,68.3,68.3,67.6,67.6,68.3,68.3,68.2,65.3,68.2,65.8,69.6,65.3,59.8,59.7,60.4,67.6,67.6,65.1,65.1,63.3,61.2,58,60.5,67,64.4,64.4,67,64.4,63,67.5,64,68.2,68.2,68.9,68.9,68.3,68.2,68.2,68.3,68.4,62.6,67,64.1,68.3,68.3,65.8,65.1,68.3,68.3,65.3,65.3,65.1,68.2,68.9,68.2,66.3,68.1,66.7,65.8,66.4,65.1,65.1,68.9,61.5,67.3,63.7,61.8,66.8,61.7,68.2,68.2,56.6,58.4,56.6,69.5,69.5,69.5,68.9,68.3,69.5,69.5,68.3
06/04/2026 01:20:00,61.6,69.6,63.3,68.6,68.6,67.2,67.2,68.6,68.6,68.2,65.3,68.1,66.1,69.5,65.3,61.8,62.4,62.4,67.2,67.2,64.3,64.3,62.7,61.8,59.6,61.1,67.2,64.3,64.4,67.1,64.3,59.4,63.4,60.2,68.2,68.1,68.8,69.2,68.6,68.2,68.6,68.6,68.7,62.3,66.8,63.9,68.6,68.6,66.1,64.3,68.6,68.6,65.3,65.3,64.3,68.1,68.8,68.1,66,67.7,65.7,64.5,66.4,64.3,64.3,68.8,61.4,65.7,62.9,62.9,66.6,62.9,68.1,68.6,60.5,61.7,60.5,69.4,69.3,69.3,69.2,68.6,69.4,69.4,68.6
06/04/2026 01:25:00,61.5,69.8,63.2,68.1,68.1,67.1,67.1,68.1,68.1,68.1,65.3,68,66.1,69.4,65.3,60.9,61.4,61.4,67.1,67.1,64.3,64.3,63.1,62.9,62.2,62.4,66.9,64.3,64.3,67.2,64.4,61.7,67.3,62.6,68.1,68,68.7,68.7,68.1,68.1,68,68.1,68.2,62.4,66.6,64,68.1,68.1,66.1,64.3,68.1,68.1,65.3,65.3,64.3,68,68.7,68,65.9,65.7,64.9,63.7,65.3,64.3,64.3,68.7,64.2,69,64.7,64.1,68.6,64.1,68,68,56.9,59.8,56.9,69.2,69.1,69.1,68.7,68.1,69.2,69.2,68.1
06/04/2026 01:30:00,61.3,70.8,62.9,68.1,68.1,67.3,67.3,68.1,68.1,68.1,65.2,68,66,69.4,65.2,62.9,63.2,63.5,67.3,67.3,64.2,64.2,62.9,60.7,60.5,62.2,67,64.3,64.4,67.4,64.4,62.2,67.1,63.1,68.1,68,68.7,68.7,68.1,68.1,68.1,68.1,68.1,63,66.7,64.6,68.1,68.1,66,64.2,68.1,68.1,65.2,65.2,64.2,68,68.7,68,66.3,68.1,64.9,65.7,65.9,64.2,64.2,68.7,62.5,67.5,63.2,63,68.2,63,68,68.1,58.2,62.2,58.1,69.4,69.3,69.3,68.7,68.1,69.4,69.4,68.1
06/04/2026 01:35:00,61.7,68.5,63.3,68.3,68.3,67.1,67.1,68.3,68.3,68,65.3,67.9,65.1,69.4,65.3,64.3,65.5,65,67.1,67.1,65.2,65.2,62.4,63.7,64,63.9,67.2,64.3,64.4,67.1,64.3,61.3,65.3,62.2,68,67.9,68.6,68.9,68.3,68,68.3,68.3,68.3,63,66.8,64.5,68.3,68.3,65.1,65.2,68.3,68.3,65.3,65.3,65.2,67.9,68.6,67.9,66.9,68.1,65.3,65.5,65.4,65.2,65.2,68.6,61.1,68,63.5,63.4,68.4,63.3,67.9,68.3,58.8,62.6,58.9,69.3,69.2,69.2,68.9,68.3,69.3,69.3,68.3
06/04/2026 01:40:00,61.8,68.2,63.4,67.9,67.9,67.2,67.2,67.9,67.9,67.9,65.3,67.9,65.1,69.3,65.3,65.3,66,66.1,67.2,67.2,65.2,65.2,63,62.6,62.6,63.2,67.2,64.3,64.4,67.2,64.4,63.8,66,64.9,67.9,67.9,68.5,68.5,67.9,67.9,67.8,67.9,68,62.9,66.4,64.4,67.9,67.9,65.1,65.2,67.9,67.9,65.3,65.3,65.2,67.9,68.5,67.9,66.6,67,63.8,64.6,66,65.2,65.2,68.5,62.2,67.5,64.2,63.9,68.8,63.8,67.9,67.8,61.1,64,61.2,69.2,69.1,69.1,68.5,67.9,69.2,69.2,67.9
06/04/2026 01:45:00,61.6,70.3,63.2,67.7,67.7,67.1,67.1,67.7,67.7,67.7,65.2,67.7,65,69.2,65.2,64.9,64,65.7,67.1,67.1,65.1,65.1,63.6,66.3,66.3,64,67.2,64.4,64.4,67.3,64.4,65.6,67.9,66.9,67.7,67.7,68.4,68.4,67.7,67.7,67.8,67.7,67.8,62.5,66.3,64,67.7,67.7,65,65.1,67.7,67.7,65.2,65.2,65.1,67.7,68.4,67.7,66.2,67.6,64.2,66,65.2,65.1,65.1,68.4,62.2,68.1,63.3,63,67.5,63,67.7,67.8,63.3,63.5,63.3,69.3,69.2,69.2,68.4,67.7,69.3,69.3,67.7
06/04/2026 01:50:00,61.5,70.7,63.2,67.7,67.7,66.9,66.9,67.7,67.7,67.8,65.2,67.8,65,69.1,65.2,65.3,65.9,66.2,66.9,66.9,65.1,65.1,63.2,63.1,62.8,62.6,67.1,64.3,64.4,67.4,64.4,65.6,65.9,66.6,67.8,67.8,68.4,68.4,67.7,67.8,67.8,67.7,67.8,62.7,66.4,64.2,67.7,67.7,65,65.1,67.7,67.7,65.2,65.2,65.1,67.8,68.4,67.8,66.8,69,66.8,66.6,66.5,65.1,65.1,68.4,62.7,67.6,62.8,63,67.2,63,67.8,67.8,60.9,62.3,60.9,69.2,69.1,69.1,68.4,67.7,69.2,69.2,67.7
06/04/2026 01:55:00,61.9,69.8,63.5,67.8,67.8,66.5,66.5,67.8,67.8,67.7,64.3,67.6,65,68.9,64.3,64.2,64.9,64.9,66.5,66.5,65.4,65.4,63,55.5,48.5,61.9,67.2,64.4,64.4,67.2,64.4,64.6,67.3,65.7,67.7,67.6,68.3,68.4,67.8,67.7,67.8,67.8,67.9,62.9,66.4,64.4,67.8,67.8,65,65.4,67.8,67.8,64.3,64.3,65.4,67.6,68.3,67.6,66.5,67.4,66.7,65.8,67,65.4,65.4,68.3,62.4,66.4,62.5,63.6,66.8,63.6,67.6,67.8,61.1,60.1,61.2,68.7,68.7,68.7,68.4,67.8,68.7,68.7,67.8
06/04/2026 02:00:00,61.6,70.6,63.2,67.7,67.7,66.8,66.8,67.7,67.7,67.8,64.3,67.7,65,69.3,64.3,65.4,67.2,66.4,66.8,66.8,65.4,65.4,63,60.8,55.7,63.5,67,64.4,64.4,67.5,64.4,66,70.3,67.2,67.8,67.7,68.4,68.4,67.7,67.8,67.7,67.7,67.8,62.9,66.4,64.5,67.7,67.7,65,65.4,67.7,67.7,64.3,64.3,65.4,67.7,68.4,67.7,67.2,68.7,66.5,64,67.2,65.4,65.4,68.4,60.5,64.9,63.4,63.9,65,63.8,67.7,67.7,56,57.9,56.3,69.1,69.1,69.1,68.4,67.7,69.1,69.1,67.7
06/04/2026 02:05:00,61.7,69.1,63.3,68,68,66.9,66.9,68,68,67.9,64.4,67.8,65.1,69.2,64.4,64.8,65.7,65.5,66.9,66.9,65.5,65.5,63.3,63.6,60.6,63.5,67.1,64.3,64.4,67.1,64.4,66.3,68.9,67.5,67.9,67.8,68.5,68.7,68,67.9,68,68,68.1,62.8,66.5,64.4,68,68,65.1,65.5,68,68,64.4,64.4,65.5,67.8,68.5,67.8,67.5,68,67.1,63.8,67.1,65.5,65.5,68.5,60.8,67.1,63.8,63.8,66.5,63.7,67.8,68,53.9,56.7,53.9,69.4,69.3,69.3,68.7,68,69.4,69.4,68
06/04/2026 02:10:00,61.5,70,63,68,68,67.1,67.1,68,68,68,64.4,67.9,65.1,69.3,64.4,65.9,66.8,66.9,67.1,67.1,65.5,65.5,62.8,64.3,63.3,64.2,67.1,64.3,64.3,67.2,64.3,64.7,69.8,65.7,68,67.9,68.6,68.6,68,68,67.9,68,68,62.5,66.4,64.1,68,68,65.1,65.5,68,68,64.4,64.4,65.5,67.9,68.6,67.9,66.2,65.7,63.8,63.6,64.9,65.5,65.5,68.6,60.6,65.9,63.6,63.1,66.6,63.2,67.9,67.9,54.3,57.5,54.3,69.7,69.6,69.6,68.6,68,69.7,69.7,68
06/04/2026 02:15:00,62,70.2,63.7,67.9,67.9,67.2,67.2,67.9,67.9,68,64.4,67.9,65.1,69.6,64.4,63.4,63.1,64.3,67.2,67.2,65.5,65.5,63.1,63,62.7,62.8,66.6,64.3,64.4,67.2,64.4,64.6,68.3,65.8,68,67.9,68.6,68.6,67.9,68,67.9,67.9,68,62.2,66,63.7,67.9,67.9,65.1,65.5,67.9,67.9,64.4,64.4,65.5,67.9,68.6,67.9,66.3,67.1,63.3,63.9,64.1,65.5,65.5,68.6,62,65.2,62.7,63.9,67.5,63.9,67.9,67.9,59.2,63.3,59.4,69.6,69.5,69.5,68.6,67.9,69.6,69.6,67.9
06/04/2026 02:20:00,61.9,70,63.6,67.8,67.8,67,67,67.8,67.8,67.9,64.3,67.8,65,69.4,64.3,66.5,64.1,67.5,67,67,65.4,65.4,63.3,65.5,65.4,64.2,67.1,64.3,64.4,67.5,64.4,64.4,68.5,65.5,67.9,67.8,68.5,68.5,67.8,67.9,67.9,67.8,68,61,64.7,62.5,67.8,67.8,65,65.4,67.8,67.8,64.3,64.3,65.4,67.8,68.5,67.8,66.4,67.3,64.7,64,65.3,65.4,65.4,68.5,63,65.4,64.7,63.4,67.5,63.4,67.8,67.9,61.3,63.3,61.2,69.5,69.4,69.4,68.5,67.8,69.5,69.5,67.8
06/04/2026 02:25:00,61.9,69.7,63.4,67.9,67.9,67,67,67.9,67.9,67.9,64.3,67.8,65,69.4,64.3,66.6,65.9,67.6,67,67,65.4,65.4,63.1,64.9,65.3,64.3,67.3,64.4,64.4,67.6,64.4,65.7,70.1,66.9,67.9,67.8,68.5,68.5,67.9,67.9,67.8,67.9,68,61.6,65.2,63.1,67.9,67.9,65,65.4,67.9,67.9,64.3,64.3,65.4,67.8,68.5,67.8,67,68.5,65.5,65.4,66,65.4,65.4,68.5,61.5,64.7,63.3,63.4,66,63.4,67.8,67.8,52.4,57.1,52.4,69.3,69.2,69.2,68.5,67.9,69.3,69.3,67.9
06/04/2026 02:30:00,61.7,69.7,63.4,67.7,67.7,66.9,66.9,67.7,67.7,67.7,64.3,67.8,65,69.4,64.3,66.5,65.9,67.5,66.9,66.9,65.4,65.4,62.7,66.7,68.2,64.7,67,64.3,64.4,67.4,64.4,66.4,70.8,67.5,67.7,67.8,68.4,68.4,67.7,67.7,67.8,67.7,67.9,61.8,65.4,63.3,67.7,67.7,65,65.4,67.7,67.7,64.3,64.3,65.4,67.8,68.4,67.8,66.1,67.1,65.6,64.1,66.4,65.4,65.4,68.4,61.8,63.5,62,62.3,67.1,62.4,67.8,67.8,58.6,62.2,58.7,69.1,69.1,69.1,68.4,67.7,69.1,69.1,67.7
06/04/2026 02:35:00,61.9,69.5,63.5,67.8,67.8,67.3,67.3,67.8,67.8,67.9,64.3,67.8,65,69.4,64.3,64.1,64.8,65,67.3,67.3,65.4,65.4,62.6,64.2,64.9,63.6,67.3,64.3,64.3,67.4,64.4,66.5,71.1,67.7,67.9,67.8,68.5,68.5,67.8,67.9,67.8,67.8,67.9,62,65.7,63.5,67.8,67.8,65,65.4,67.8,67.8,64.3,64.3,65.4,67.8,68.5,67.8,66.4,66.4,65.1,65,65.6,65.4,65.4,68.5,64.6,68.6,64.1,64.2,68.9,64.1,67.8,67.8,55,58.4,55.1,69.1,69.1,69.1,68.5,67.8,69.1,69.1,67.8
06/04/2026 02:40:00,61.9,69.4,63.5,67.8,67.8,67.3,67.3,67.8,67.8,67.9,64.3,67.8,65,69.3,64.3,66.5,67,67.4,67.3,67.3,65.4,65.4,63,65.4,65.4,64.3,67,64.3,64.4,67.3,64.4,64.4,68.6,65.5,67.9,67.8,68.5,68.5,67.8,67.9,67.9,67.8,68,59.8,64,61.3,67.8,67.8,65,65.4,67.8,67.8,64.3,64.3,65.4,67.8,68.5,67.8,66.8,67.5,66.4,66.1,66.9,65.4,65.4,68.5,62.3,68.1,64.4,63.7,67.1,63.7,67.8,67.9,57.7,57.9,57.7,69,68.9,68.9,68.5,67.8,69,69,67.8
06/04/2026 02:45:00,62,68.7,63.6,68,68,67.1,67.1,68,68,67.8,64.3,67.7,65,69.2,64.3,66.5,66.2,67.3,67.1,67.1,65.4,65.4,63.1,66.4,68.4,65.1,67.1,64.5,64.4,67.2,64.4,66.7,70.2,67.9,67.8,67.7,68.4,68.6,68,67.8,68,68,68.1,61.1,65.2,62.5,68,68,65,65.4,68,68,64.3,64.3,65.4,67.7,68.4,67.7,66.5,66.9,66,67.3,66.8,65.4,65.4,68.4,63.7,68.4,64.6,63,67.2,62.9,67.7,68,61.5,60.5,61.4,69,69,69,68.6,68,69,69,68
06/04/2026 02:50:00,61.8,69.8,63.5,68.1,68.1,67.2,67.2,68.1,68.1,67.6,64.3,67.7,65,69,64.3,66.1,66.9,66.9,67.2,67.2,65.4,65.4,62.3,66.1,67.5,64.4,67.1,64.3,64.3,67.2,64.3,66.8,70.8,68,67.6,67.7,68.3,68.7,68.1,67.6,68,68.1,68.2,61.5,65.5,63.1,68.1,68.1,65,65.4,68.1,68.1,64.3,64.3,65.4,67.7,68.3,67.7,66.7,65,65.4,65.9,67.1,65.4,65.4,68.3,63.8,68.5,64.6,61.3,66.5,61.2,67.7,68,54.9,57.8,55,68.8,68.7,68.7,68.7,68.1,68.8,68.8,68.1
06/04/2026 02:55:00,62.1,69.8,63.7,67.8,67.8,66.9,66.9,67.8,67.8,67.6,64.3,67.6,65,68.7,64.3,65.3,66.7,66.2,66.9,66.9,65.4,65.4,62.7,65.4,66.2,64.4,67.1,64.3,64.4,66.8,64.4,67,71.1,68,67.6,67.6,68.3,68.4,67.8,67.6,67.7,67.8,67.9,62,65.5,63.5,67.8,67.8,65,65.4,67.8,67.8,64.3,64.3,65.4,67.6,68.3,67.6,66.3,64.7,64.2,65,66.1,65.4,65.4,68.3,62.6,65.2,62,61.8,66.2,61.7,67.6,67.7,60.1,62.2,60,68.8,68.8,68.8,68.4,67.8,68.8,68.8,67.8
06/04/2026 03:00:00,62,69.4,63.6,67.8,67.8,66.9,66.9,67.8,67.8,67.4,64.3,67.4,65,68.9,64.3,66.4,67.8,67.3,66.9,66.9,65.4,65.4,63.1,64.4,64.3,64.2,67.1,64.3,64.3,67.4,64.3,67.4,70.9,68.6,67.4,67.4,68.1,68.4,67.8,67.4,67.7,67.8,67.9,62.3,65.7,63.8,67.8,67.8,65,65.4,67.8,67.8,64.3,64.3,65.4,67.4,68.1,67.4,66.2,65.2,63.6,64.7,65.7,65.4,65.4,68.1,62.5,66.4,63.5,61.9,66.8,62,67.4,67.7,62.3,61,62.3,68.8,68.8,68.8,68.4,67.8,68.8,68.8,67.8
06/04/2026 03:05:00,62,70.1,63.6,67.6,67.6,66.8,66.8,67.6,67.6,67.4,65.2,67.4,65,68.8,65.2,65.9,68.2,66.8,66.8,66.8,65.1,65.1,62.6,64.3,64.7,63.6,67.2,64.4,64.4,67.3,64.4,67,69.9,68.2,67.4,67.4,68.1,68.2,67.6,67.4,67.5,67.6,67.7,59.2,63.2,60.7,67.6,67.6,65,65.1,67.6,67.6,65.2,65.2,65.1,67.4,68.1,67.4,66.3,65.4,63.9,65.2,64.4,65.1,65.1,68.1,62.6,65.7,62.7,62.1,67.4,62.1,67.4,67.5,54.7,58.2,54.9,68.6,68.6,68.6,68.2,67.6,68.6,68.6,67.6
06/04/2026 03:10:00,61.6,69.9,63.3,67.5,67.5,66.9,66.9,67.5,67.5,67.6,65.2,67.5,65,68.8,65.2,66,68.3,67,66.9,66.9,65.1,65.1,62.9,65.1,65.3,63.8,67.3,64.3,64.4,67.3,64.4,66,69,67.2,67.6,67.5,68.2,68.2,67.5,67.6,67.5,67.5,67.7,61.1,64.7,62.5,67.5,67.5,65,65.1,67.5,67.5,65.2,65.2,65.1,67.5,68.2,67.5,66.1,65.5,64.5,64.8,64.9,65.1,65.1,68.2,62.3,67,62.9,63.2,67.4,63.1,67.5,67.5,55.1,60.1,55.1,68.7,68.6,68.6,68.2,67.5,68.7,68.7,67.5
06/04/2026 03:15:00,61.6,70.2,63.2,68,68,66.9,66.9,68,68,67.7,65.2,67.7,66,68.8,65.2,67.2,68.5,68.3,66.9,66.9,64.2,64.2,63.3,65.7,65.5,63.8,67.2,64.3,64.4,66.8,64.4,65.7,70.4,66.9,67.7,67.7,68.3,68.6,68,67.7,67.9,68,68.1,61.3,65.3,62.8,68,68,66,64.2,68,68,65.2,65.2,64.2,67.7,68.3,67.7,66.1,65.6,62.7,63,65.5,64.2,64.2,68.3,63,68.3,64.8,62.5,67.2,62.6,67.7,67.9,53.3,55.3,53.3,68.6,68.5,68.5,68.6,68,68.6,68.6,68
06/04/2026 03:20:00,61.7,70.7,63.3,68.1,68.1,66.9,66.9,68.1,68.1,67.7,65.2,67.6,66,68.8,65.2,65.4,67.5,66.2,66.9,66.9,64.2,64.2,64.3,65.6,62.5,64.3,67.4,64.4,64.3,67.1,64.4,64.4,70.3,65.5,67.7,67.6,68.3,68.7,68.1,67.7,68,68.1,68.1,62.2,66,63.7,68.1,68.1,66,64.2,68.1,68.1,65.2,65.2,64.2,67.6,68.3,67.6,66.2,66.3,63.1,64.3,65.6,64.2,64.2,68.3,62.4,67.2,64.7,64,68.6,63.9,67.6,68,53.8,56.9,53.9,68.7,68.6,68.6,68.7,68.1,68.7,68.7,68.1
06/04/2026 03:25:00,61.6,70.7,63.2,68.1,68.1,66.9,66.9,68.1,68.1,67.8,65.2,67.7,65.7,68.8,65.2,67,69.1,67.9,66.9,66.9,65,65,63.7,64.1,62.7,64.1,67,64.3,64.4,67.2,64.4,66.2,70.5,67.3,67.8,67.7,68.4,68.7,68.1,67.8,68,68.1,68.2,60.2,64.3,61.7,68.1,68.1,65.7,65,68.1,68.1,65.2,65.2,65,67.7,68.4,67.7,66.1,67.4,64.4,66.4,65.5,65,65,68.4,62,70,64.6,63.9,69.6,63.8,67.7,68,55.6,56.9,55.7,68.6,68.5,68.5,68.7,68.1,68.6,68.6,68.1
06/04/2026 03:30:00,61.5,70.5,63.2,68.3,68.3,67.2,67.2,68.3,68.3,67.9,64.9,67.8,65.8,68.9,64.9,64.1,65.7,65,67.2,67.2,65.3,65.3,64.2,65.2,63,62.5,67.3,64.4,64.4,67,64.4,65.5,71.3,66.5,67.9,67.8,68.5,68.9,68.3,67.9,68.2,68.3,68.4,60.3,64.9,61.8,68.3,68.3,65.8,65.3,68.3,68.3,64.9,64.9,65.3,67.8,68.5,67.8,66.2,66.5,64.1,65.1,66.3,65.3,65.3,68.5,61.4,66.7,64,62.8,67.5,62.8,67.8,68.2,56.1,57.9,56.1,68.6,68.5,68.5,68.9,68.3,68.6,68.6,68.3
06/04/2026 03:35:00,61.6,70.3,63.1,68.6,68.6,67.2,67.2,68.6,68.6,68,65.3,68,65.8,69.2,65.3,65.1,66.3,66.2,67.2,67.2,65.1,65.1,64.5,67.8,68.8,64.3,67.2,64.3,64.4,66.8,64.4,65.1,69.6,66.2,68,68,68.7,69.2,68.6,68,68.5,68.6,68.7,61.3,66.1,62.9,68.6,68.6,65.8,65.1,68.6,68.6,65.3,65.3,65.1,68,68.7,68,66.1,67.5,63,64.2,63.7,65.1,65.1,68.7,61.1,67.1,63.3,62.9,68.2,62.9,68,68.5,57.6,61.5,57.8,68.9,68.8,68.8,69.2,68.6,68.9,68.9,68.6
06/04/2026 03:40:00,61.5,69.7,63.1,68.9,68.9,67.5,67.5,68.9,68.9,68.3,65.3,68.2,65.8,69.4,65.3,65,66.2,66.1,67.5,67.5,65.1,65.1,64,67.1,67.5,64.4,67.1,64.4,64.4,66.9,64.4,64,68.6,65,68.3,68.2,68.9,69.5,68.9,68.3,68.8,68.9,69,62,66.8,63.5,68.9,68.9,65.8,65.1,68.9,68.9,65.3,65.3,65.1,68.2,68.9,68.2,66.5,68.5,62.1,65.4,64.1,65.1,65.1,68.9,64.6,70.1,64.8,64.7,70.9,64.6,68.2,68.8,56.5,60,56.7,68.9,68.8,68.8,69.5,68.9,68.9,68.9,68.9
06/04/2026 03:45:00,61.8,70.6,63.5,69.1,69.1,67.9,67.9,69.1,69.1,68.4,64.9,68.3,65.7,69.4,64.9,65,67.5,65.7,67.9,67.9,65.2,65.2,64.8,67,65.7,63.4,67.2,64.4,64.3,66.8,64.4,65.9,71,67,68.4,68.3,69,69.7,69.1,68.4,69,69.1,69.2,61.2,65.8,62.7,69.1,69.1,65.7,65.2,69.1,69.1,64.9,64.9,65.2,68.3,69,68.3,67.3,69.3,67.1,67.5,67.2,65.2,65.2,69,66.9,73.3,66.6,64.4,72.2,64.3,68.3,69,60.4,62.4,60.6,69,69,69,69.7,69.1,69,69,69.1
06/04/2026 03:50:00,61.6,71.1,63.2,68.9,68.9,67.8,67.8,68.9,68.9,68.4,64.9,68.3,65.7,69.5,64.9,64.4,65.7,65.2,67.8,67.8,65.2,65.2,63.8,66.2,65.2,63.9,67.1,64.3,64.4,66.6,64.4,64.9,68.6,66,68.4,68.3,69,69.5,68.9,68.4,68.8,68.9,69,61.5,66.3,63,68.9,68.9,65.7,65.2,68.9,68.9,64.9,64.9,65.2,68.3,69,68.3,67.2,69.3,70.3,69.5,68.3,65.2,65.2,69,66.7,72.9,66.7,64.6,71.2,64.6,68.3,68.8,62,60.4,62.2,68.9,68.8,68.8,69.5,68.9,68.9,68.9,68.9
06/04/2026 03:55:00,61.8,70.9,63.5,68.8,68.8,67.7,67.7,68.8,68.8,68.3,64.9,68.2,65.7,69.4,64.9,64.5,64.9,65.5,67.7,67.7,65.2,65.2,63.8,66.4,65.1,63.9,67.1,64.3,64.4,66.9,64.4,65.1,68.7,66.1,68.3,68.2,68.9,69.4,68.8,68.3,68.7,68.8,68.9,61.9,66.6,63.4,68.8,68.8,65.7,65.2,68.8,68.8,64.9,64.9,65.2,68.2,68.9,68.2,66.9,68.4,68.4,69.2,67.6,65.2,65.2,68.9,64.2,69.1,65.3,64.4,68,64.3,68.2,68.7,61.5,60.9,61.6,68.9,68.8,68.8,69.4,68.8,68.9,68.9,68.8
06/04/2026 04:00:00,61.5,70.6,63.2,68.4,68.4,67.4,67.4,68.4,68.4,68.2,65.3,68.1,65.5,68.9,65.3,62.9,63.6,63.7,67.4,67.4,65.1,65.1,64,66.1,63.7,64.2,67,64.3,64.3,67.1,64.3,64,69,65.1,68.2,68.1,68.8,69.1,68.4,68.2,68.4,68.4,68.6,61.9,66.2,63.4,68.4,68.4,65.5,65.1,68.4,68.4,65.3,65.3,65.1,68.1,68.8,68.1,65.9,68,64.6,66.1,65.5,65.1,65.1,68.8,63.7,67.6,65.4,63.9,67.8,63.9,68.1,68.4,56.3,58.1,56.6,68.6,68.5,68.5,69.1,68.4,68.6,68.6,68.4
06/04/2026 04:05:00,61.6,70.2,63.2,68.3,68.3,67.4,67.4,68.3,68.3,68.2,65,68.1,65.7,68.8,65,65.4,65.5,66.5,67.4,67.4,65.3,65.3,64.2,65.7,64.3,64.4,67.2,64.3,64.4,66.9,64.4,64.6,70,65.7,68.2,68.1,68.8,69,68.3,68.2,68.4,68.3,68.5,62.1,67,63.7,68.3,68.3,65.7,65.3,68.3,68.3,65,65,65.3,68.1,68.8,68.1,66.2,67.2,65.6,65.8,65.9,65.3,65.3,68.8,63.6,68.5,65.6,62.2,67,62.2,68.1,68.4,50.7,56,50.9,68.4,68.3,68.3,69,68.3,68.4,68.4,68.3
06/04/2026 04:10:00,61.7,69.5,63.3,68.6,68.6,67.7,67.7,68.6,68.6,68.5,65.4,68.5,65.8,69,65.4,66.7,67.6,68,67.7,67.7,65.1,65.1,62.8,66,65.7,64,67.3,64.3,64.3,66.8,64.4,63.8,68.3,65,68.5,68.5,69.1,69.2,68.6,68.5,68.5,68.6,68.7,62.7,67.2,64.3,68.6,68.6,65.8,65.1,68.6,68.6,65.4,65.4,65.1,68.5,69.1,68.5,65.6,66.8,66,66.8,65.6,65.1,65.1,69.1,62.7,67.2,61.3,63.8,68.5,63.9,68.5,68.5,54.1,58.2,54.4,68.8,68.7,68.7,69.2,68.6,68.8,68.8,68.6
06/04/2026 04:15:00,61.9,69.6,63.5,68.9,68.9,68.2,68.2,68.9,68.9,68.8,65.2,68.7,65.8,69.2,65.2,66.1,66.2,67.2,68.2,68.2,65.3,65.3,63.6,66.7,65.9,64.3,67.1,64.4,64.3,66.5,64.3,65,68.1,66.1,68.8,68.7,69.4,69.5,68.9,68.8,68.8,68.9,69,62.4,67.4,63.9,68.9,68.9,65.8,65.3,68.9,68.9,65.2,65.2,65.3,68.7,69.4,68.7,66.7,68.4,67.8,67.3,67.4,65.3,65.3,69.4,62.5,67.2,63.4,62.3,67.8,62.3,68.7,68.8,55.8,58.4,56,69,69.1,69.1,69.5,68.9,69,69,68.9
06/04/2026 04:20:00,61.7,69.4,63.4,69.4,69.4,68.4,68.4,69.4,69.4,69,65.2,68.9,66,69.7,65.2,63.3,65.7,64,68.4,68.4,65.1,65.1,63.8,68.2,67.1,64.4,67.1,64.5,64.3,66.6,64.3,68.1,69.7,69.4,69,68.9,69.6,70,69.4,69,69.3,69.4,69.5,60.7,66.3,62.2,69.4,69.4,66,65.1,69.4,69.4,65.2,65.2,65.1,68.9,69.6,68.9,66.8,68.4,66.6,66.8,66.3,65.1,65.1,69.6,63.3,69.3,64.5,62.1,68.7,62.2,68.9,69.3,54.6,59.1,54.8,69.4,69.4,69.4,70,69.4,69.4,69.4,69.4
06/04/2026 04:25:00,61.6,68.9,63.2,69.5,69.5,68.4,68.4,69.5,69.5,69.2,65.3,69.1,65.9,69.8,65.3,65.2,66.7,66.3,68.4,68.4,65.1,65.1,63.7,67.3,67.6,64.4,67.3,64.5,64.2,66.4,64.2,70.3,71.7,71.7,69.2,69.1,69.8,70.1,69.5,69.2,69.4,69.5,69.6,61.5,67,63,69.5,69.5,65.9,65.1,69.5,69.5,65.3,65.3,65.1,69.1,69.8,69.1,67.3,69.2,67.4,66.9,67,65.1,65.1,69.8,64.4,67.5,62.7,62,67.8,62,69.1,69.4,55.9,59.5,56.2,69.5,69.4,69.4,70.1,69.5,69.5,69.5,69.5
06/04/2026 04:30:00,61.6,69.5,63.2,69.7,69.7,68.8,68.8,69.7,69.7,69.3,65.3,69.2,66,70,65.3,65.2,66.3,66.2,68.8,68.8,65.3,65.3,63.9,68.1,67.7,64.4,67.1,64.5,64.1,66.2,64.1,66.8,70.8,68.1,69.3,69.2,69.9,70.3,69.7,69.3,69.6,69.7,69.8,60.6,67.4,62.1,69.7,69.7,66,65.3,69.7,69.7,65.3,65.3,65.3,69.2,69.9,69.2,66.8,68.9,67.3,66.6,66.6,65.3,65.3,69.9,64.8,69.2,64.6,64.3,69.6,64.2,69.2,69.6,54.1,60,54.4,69.9,69.8,69.8,70.3,69.7,69.9,69.9,69.7
06/04/2026 04:35:00,61.8,70.4,63.5,70,70,69.1,69.1,70,70,69.5,65.2,69.4,65.8,70.3,65.2,64.7,65.8,65.7,69.1,69.1,65.3,65.3,63.5,67.3,67.3,64.5,67.2,64.5,64.2,66.4,64.2,66.1,71.5,67.3,69.5,69.4,70.1,70.6,70,69.5,69.9,70,70.1,60.8,67.7,62.3,70,70,65.8,65.3,70,70,65.2,65.2,65.3,69.4,70.1,69.4,67.7,69.4,66.2,66.7,65.9,65.3,65.3,70.1,66.8,70.8,66.6,68.1,72,68.1,69.4,69.9,58.8,61.9,58.9,70.2,70.1,70.1,70.6,70,70.2,70.2,70
06/04/2026 04:40:00,61.8,69.4,63.4,70.2,70.2,69.1,69.1,70.2,70.2,69.8,65.2,69.7,66,70.5,65.2,68,68.5,69.3,69.1,69.1,65.3,65.3,65.3,70.6,72.1,64.5,67.2,64.5,64.2,66.1,64.2,67.8,72,69.2,69.8,69.7,70.4,70.8,70.2,69.8,70.1,70.2,70.3,60,67.1,61.4,70.2,70.2,66,65.3,70.2,70.2,65.2,65.2,65.3,69.7,70.4,69.7,68.4,70.5,67.5,68.6,68.1,65.3,65.3,70.4,68,72.5,67.2,67.4,73.2,67.4,69.7,70.1,55,60.5,55.2,70.2,70.1,70.1,70.8,70.2,70.2,70.2,70.2
06/04/2026 04:45:00,61.7,69,63.3,70.4,70.4,69.2,69.2,70.4,70.4,70,65.2,69.9,65.8,70.8,65.2,69.7,71.8,71,69.2,69.2,65.3,65.3,65.4,71.2,72.6,64.7,67.1,64.4,64.2,66,64.1,70.6,72.9,72,70,69.9,70.6,71,70.4,70,70.3,70.4,70.5,58,66.1,59.5,70.4,70.4,65.8,65.3,70.4,70.4,65.2,65.2,65.3,69.9,70.6,69.9,68.4,70,70.6,70.9,68.4,65.3,65.3,70.6,69.1,73.3,68.5,65.8,71.9,65.8,69.9,70.3,53.8,59.2,54,70.4,70.3,70.3,71,70.4,70.4,70.4,70.4
06/04/2026 04:50:00,61.5,69.9,63.1,70.6,70.6,69.3,69.3,70.6,70.6,69.9,65.2,69.8,65.9,71,65.2,69.4,71.1,70.7,69.3,69.3,65.2,65.2,64.4,71.6,73.6,66.7,67.1,64.3,64.1,65.9,64.1,72,72.7,73.6,69.9,69.8,70.5,71.2,70.6,69.9,70.5,70.6,70.7,57.4,65.9,58.8,70.6,70.6,65.9,65.2,70.6,70.6,65.2,65.2,65.2,69.8,70.5,69.8,68,71,76.3,74.3,73.1,65.2,65.2,70.5,66.1,71.3,66.5,64.6,70,64.6,69.8,70.5,53.5,58.6,53.8,70.6,70.5,70.5,71.2,70.6,70.6,70.6,70.6
06/04/2026 04:55:00,61.7,69.6,63.3,70.3,70.3,69.2,69.2,70.3,70.3,69.6,65.2,69.5,65.8,70.8,65.2,65.3,67.4,66.3,69.2,69.2,65.2,65.2,64,69,69.1,64.4,67,64.4,64.2,66,64.1,70.2,72.2,71.6,69.6,69.5,70.2,70.9,70.3,69.6,70.2,70.3,70.4,59.7,67.6,61.2,70.3,70.3,65.8,65.2,70.3,70.3,65.2,65.2,65.2,69.5,70.2,69.5,67.5,69.7,69.7,70.2,69.1,65.2,65.2,70.2,64.4,69.5,65.4,64.4,69.7,64.4,69.5,70.2,54.1,58.7,54.4,70.4,70.3,70.3,70.9,70.3,70.4,70.4,70.3
06/04/2026 05:00:00,61.7,70.6,63.4,70.4,70.4,70.1,70.1,70.4,70.4,69.9,65.7,69.8,66.2,70.7,65.7,68.1,69.5,69.3,70.1,70.1,65.7,65.7,65,69.7,67.9,64.5,67.1,64.5,64.1,66,64.1,71.9,74.4,73.6,69.9,69.8,70.5,71,70.4,69.9,70.3,70.4,70.5,60.6,68.6,62.1,70.4,70.4,66.2,65.7,70.4,70.4,65.7,65.7,65.7,69.8,70.5,69.8,68.4,71.5,69.6,70,69.1,65.7,65.7,70.5,64.7,70.4,65.6,63.9,71,63.8,69.8,70.3,54.7,60.3,54.9,70.1,70,70,71,70.4,70.1,70.1,70.4
06/04/2026 05:05:00,61.5,69.3,63.1,70.2,70.2,70.1,70.1,70.2,70.2,69.8,65.7,69.7,66.4,70.5,65.7,65.4,68.2,66.2,70.1,70.1,65.7,65.7,64.8,69.8,67.8,64.4,67.1,64.4,64.1,66,64.1,67.9,71.3,69.2,69.8,69.7,70.4,70.8,70.2,69.8,70.1,70.2,70.3,60.4,68.3,61.9,70.2,70.2,66.4,65.7,70.2,70.2,65.7,65.7,65.7,69.7,70.4,69.7,68.7,72,69.6,70.1,68.8,65.7,65.7,70.4,63.8,70.4,64.4,65,70,65,69.7,70.1,55.8,59.7,56,69.9,69.8,69.8,70.8,70.2,69.9,69.9,70.2
06/04/2026 05:10:00,61.7,69.6,63.3,70.3,70.3,70.1,70.1,70.3,70.3,69.8,65.8,69.7,66.3,70.6,65.8,63.8,67.4,64.6,70.1,70.1,65.8,65.8,64,68.6,66.6,64,67.2,64.5,64,66,64,67.7,70.9,69,69.8,69.7,70.4,70.9,70.3,69.8,70.2,70.3,70.4,59,67.4,60.4,70.3,70.3,66.3,65.8,70.3,70.3,65.8,65.8,65.8,69.7,70.4,69.7,68.1,71.4,70.8,70.6,68.7,65.8,65.8,70.4,63.8,68.5,63.9,62.4,69.1,62.4,69.7,70.2,53,60.5,53.3,70,69.9,69.9,70.9,70.3,70,70,70.3
06/04/2026 05:15:00,61.4,68.9,62.9,70.3,70.3,70.1,70.1,70.3,70.3,69.8,65.7,69.7,66.4,70.6,65.7,65.5,67.7,66.4,70.1,70.1,65.7,65.7,64.6,68.2,66,64.5,67.1,64.5,64.2,66.1,64.2,69.2,70.3,70.6,69.8,69.7,70.4,70.9,70.3,69.8,70.2,70.3,70.4,61.3,69,62.8,70.3,70.3,66.4,65.7,70.3,70.3,65.7,65.7,65.7,69.7,70.4,69.7,68.1,70.7,66.4,67.3,66.7,65.7,65.7,70.4,63.1,68.4,63,63.3,68.8,63.4,69.7,70.2,53.5,58,53.8,69.8,69.7,69.7,70.9,70.3,69.8,69.8,70.3
06/04/2026 05:20:00,61.6,68.9,63.2,70.4,70.4,69.8,69.8,70.4,70.4,69.6,65.7,69.5,66.3,70.7,65.7,65.1,65.5,66.1,69.8,69.8,65.7,65.7,64.9,69,67.2,64.4,67,64.4,64,65.9,64,70,70.9,71.4,69.6,69.5,70.2,71,70.4,69.6,70.3,70.4,70.5,61.9,69.5,63.5,70.4,70.4,66.3,65.7,70.4,70.4,65.7,65.7,65.7,69.5,70.2,69.5,67.6,70.6,66.1,67.8,66.1,65.7,65.7,70.2,63,68.8,62.1,62.6,67.3,62.7,69.5,70.3,53.7,59.2,54,70.1,70,70,71,70.4,70.1,70.1,70.4
06/04/2026 05:25:00,61.6,69.3,63.2,70.4,70.4,69.4,69.4,70.4,70.4,69.5,65.6,69.4,66.1,70.7,65.6,65.9,68.4,66.8,69.4,69.4,65.5,65.5,64.2,68.5,66.3,63.1,67,64.4,64.1,65.8,64.1,69.7,71.5,71,69.5,69.4,70.1,71,70.4,69.5,70.3,70.4,70.5,60.9,69,62.4,70.4,70.4,66.1,65.5,70.4,70.4,65.6,65.6,65.5,69.4,70.1,69.4,67.2,70.5,65.2,66.3,64.5,65.5,65.5,70.1,62.8,67.2,61.3,62.6,68.3,62.7,69.4,70.3,52.7,59.8,53,70.1,70,70,71,70.4,70.1,70.1,70.4
06/04/2026 05:30:00,61.5,68.7,63.1,70.2,70.2,69.2,69.2,70.2,70.2,69.2,65.4,69.1,66,70.5,65.4,66.3,68.2,67.4,69.2,69.2,65.3,65.3,64.6,69,67.2,64.4,67.1,64.5,64.2,65.9,64.2,67.8,69.7,69.1,69.2,69.1,69.8,70.8,70.2,69.2,70.1,70.2,70.3,61.3,69.2,62.8,70.2,70.2,66,65.3,70.2,70.2,65.4,65.4,65.3,69.1,69.8,69.1,67.2,70.4,67.2,67.4,66.6,65.3,65.3,69.8,62.5,68.1,63.8,61.5,68.6,61.5,69.1,70.1,53.7,58.9,54,70,69.9,69.9,70.8,70.2,70,70,70.2
06/04/2026 05:35:00,61.8,69.7,63.3,70.5,70.5,69.2,69.2,70.5,70.5,69.1,65.2,69,65.9,70.8,65.2,68,69.8,69.2,69.2,69.2,65.2,65.2,65.1,70,69.2,64.3,66.8,64.3,64.1,65.8,64.1,69,71.1,70.3,69.1,69,69.7,71.1,70.5,69.1,70.4,70.5,70.6,61.6,70.5,63.1,70.5,70.5,65.9,65.2,70.5,70.5,65.2,65.2,65.2,69,69.7,69,66.1,69,66.8,67.6,66,65.2,65.2,69.7,63.8,69.2,63.9,63,68.6,62.9,69,70.4,53.3,60,53.6,69.9,69.8,69.8,71.1,70.5,69.9,69.9,70.5
06/04/2026 05:40:00,61.2,69,62.8,69.4,69.4,69.3,69.3,69.4,69.4,69.1,65.2,69,65.8,70.9,65.2,67,70.4,68.1,69.3,69.3,65.1,65.1,64.1,69,69.2,64.3,66.9,64.4,64.1,65.9,64.1,67.2,71,68.5,69.1,69,69.7,70,69.4,69.1,69.3,69.4,69.5,62.8,69.5,64.3,69.4,69.4,65.8,65.1,69.4,69.4,65.2,65.2,65.1,69,69.7,69,63,66.5,68.8,69.1,67.9,65.1,65.1,69.7,66.1,70.4,64.4,64.6,70.2,64.6,69,69.3,53.9,58.4,54.2,70.1,70,70,70,69.4,70.1,70.1,69.4
06/04/2026 05:45:00,61.7,69.3,63.3,69.4,69.4,69.3,69.3,69.4,69.4,69.1,65.2,69,65.7,71.1,65.2,69.8,72,71.1,69.3,69.3,65.1,65.1,62.5,67.9,69.2,64.2,66.5,64.1,64.2,66,64.1,70,72,71.4,69.1,69,69.7,70,69.4,69.1,69.3,69.4,69.5,62.1,69.1,63.5,69.4,69.4,65.7,65.1,69.4,69.4,65.2,65.2,65.1,69,69.7,69,63.3,66.8,68.2,68.7,66.2,65.1,65.1,69.7,63.6,70.7,64.6,63.9,70.3,63.9,69,69.3,58.3,60.9,58.5,70.5,70.4,70.4,70,69.4,70.5,70.5,69.4
06/04/2026 05:50:00,61.6,69.7,63.2,69.3,69.3,69.2,69.2,69.3,69.3,69.1,65,69,65.7,71,65,68.3,70.7,69.5,69.2,69.2,65,65,63.6,69,69.4,64.3,66.6,64.2,64.1,66,64.1,69,71.4,70.4,69.1,69,69.7,69.9,69.3,69.1,69.2,69.3,69.4,62.2,69.2,63.7,69.3,69.3,65.7,65,69.3,69.3,65,65,65,69,69.7,69,64.4,66.7,68.1,68.3,67.2,65,65,69.7,68.7,72.4,68,64.9,71.1,64.9,69,69.2,55.9,60.2,56.1,70.6,70.5,70.5,69.9,69.3,70.6,70.6,69.3
06/04/2026 05:55:00,61.4,69.3,63,68.4,68.4,69.1,69.1,68.4,68.4,69.1,65.1,69,65.7,71.1,65.1,67.9,71.1,69.1,69.1,69.1,65,65,58.5,60.9,64.2,61.6,66.5,64.1,64.1,66,64.1,66.5,69.4,67.7,69.1,69,69.7,69,68.4,69.1,68.3,68.4,68.5,61.5,68.1,63,68.4,68.4,65.7,65,68.4,68.4,65.1,65.1,65,69,69.7,69,65.6,68.1,68.2,68.2,67.3,65,65,69.7,63.3,70,64.3,61.2,68.3,61.3,69,68.3,55,59.6,55.2,71,70.9,70.9,69,68.4,71,71,68.4
06/04/2026 06:00:00,61.5,69.1,63,65.7,65.7,67.2,67.2,65.7,65.7,66.9,65,66.8,65.6,69.1,65,65.1,68.4,66,67.2,67.2,64.9,64.9,59.9,62,63,62,66,63.7,64.2,66.1,64.2,65,68.4,66.1,66.9,66.8,67.5,66.3,65.7,66.9,65.6,65.7,65.8,62.5,67,64,65.7,65.7,65.6,64.9,65.7,65.7,65,65,64.9,66.8,67.5,66.8,65.7,68,65.4,66.6,66,64.9,64.9,67.5,63.6,68.2,62.6,60,66.7,60.1,66.8,65.6,54.5,58.4,54.8,69.4,69.3,69.3,66.3,65.7,69.4,69.4,65.7
06/04/2026 06:05:00,61.3,67.9,62.8,65.5,65.5,66.1,66.1,65.5,65.5,65.5,64.8,65.4,65.4,67.9,64.8,64.8,67.1,65.6,66.1,66.1,64.7,64.7,46.7,44.8,52.7,55.8,66.4,63.9,64.2,66.1,64.2,57.2,60.7,57.8,65.5,65.4,66.1,66.1,65.5,65.5,65.4,65.5,65.6,61.6,66.5,63.1,65.5,65.5,65.4,64.7,65.5,65.5,64.8,64.8,64.7,65.4,66.1,65.4,63.9,66.6,64.4,65.5,64.6,64.7,64.7,66.1,61.4,67.3,60.3,57.5,65.4,57.7,65.4,65.4,54,57.1,54.3,68.8,68.7,68.7,66.1,65.5,68.8,68.8,65.5
06/04/2026 06:10:00,61.8,69.3,63.4,64.8,64.8,65.4,65.4,64.8,64.8,64.8,64.6,64.7,65.1,67.3,64.6,65.5,67.2,66.5,65.4,65.4,64.5,64.5,45.7,41.7,50.6,53.3,66.1,63.7,64.1,66,64.1,46.8,48.1,46.6,64.8,64.7,65.4,65.4,64.8,64.8,64.7,64.8,64.9,59.8,65.1,61.3,64.8,64.8,65.1,64.5,64.8,64.8,64.6,64.6,64.5,64.7,65.4,64.7,64,66.2,63.4,64.6,63.3,64.5,64.5,65.4,60.9,64.8,57.5,56.9,61,57.2,64.7,64.7,55.6,58.1,55.9,68.4,68.3,68.3,65.4,64.8,68.4,68.4,64.8
06/04/2026 06:15:00,60.9,67.9,62.4,64.3,64.3,64.1,64.1,64.3,64.3,64.3,64.5,64.2,65.1,66.8,64.5,65.3,66.7,66.2,64.1,64.1,64.4,64.4,41.3,36.3,47.3,51.4,66,63.6,64.2,66,64.1,42,42.5,41.5,64.3,64.2,64.9,64.9,64.3,64.3,64.2,64.3,64.4,59,64.4,60.5,64.3,64.3,65.1,64.4,64.3,64.3,64.5,64.5,64.4,64.2,64.9,64.2,60.1,62.8,60.5,61.5,60.1,64.4,64.4,64.9,60.8,64.1,59.8,58.7,61.1,58.8,64.2,64.2,56.5,58,56.8,67.9,67.8,67.8,64.9,64.3,67.9,67.9,64.3
06/04/2026 06:20:00,61,68.5,62.5,63.4,63.4,63.3,63.3,63.4,63.4,63.9,64.4,63.8,65,66.6,64.4,65,67.1,66.1,63.3,63.3,64.3,64.3,31.6,24.8,38.4,47.3,66.4,63.9,64.1,66.1,64,46.8,48.3,46.6,63.9,63.8,64.5,64,63.4,63.9,63.3,63.4,63.5,58.9,63.7,60.3,63.4,63.4,65,64.3,63.4,63.4,64.4,64.4,64.3,63.8,64.5,63.8,59.8,62.8,61.7,62.6,62.2,64.3,64.3,64.5,62,65.1,60.1,56.4,56.6,56.6,63.8,63.3,55.1,56.4,55.4,67.7,67.6,67.6,64,63.4,67.7,67.7,63.4
06/04/2026 06:25:00,61,68.1,62.5,63,63,62.3,62.3,63,63,63.6,64.3,63.5,64.9,66.3,64.3,66,67.7,67.1,62.3,62.3,64.2,64.2,26.6,18.7,35.9,44.9,66.5,64,64.1,66,64.1,53.8,57.2,54.2,63.6,63.5,64.2,63.5,63,63.6,62.9,63,63.1,59.7,63.9,61.2,63,63,64.9,64.2,63,63,64.3,64.3,64.2,63.5,64.2,63.5,61.5,63.3,63.1,63.5,63.3,64.2,64.2,64.2,61.3,63.4,59.1,47.7,45.4,48.1,63.5,62.9,54.5,54.8,54.8,67.8,67.7,67.7,63.5,63,67.8,67.8,63
06/04/2026 06:30:00,61,68.7,62.5,63.3,63.3,61.3,61.3,63.3,63.3,63.3,64.1,63.2,64.8,66.2,64.1,65.2,66.7,66.2,61.3,61.3,64.1,64.1,25.4,17.8,34.5,44.7,66.5,64,64.2,66,64.2,60,64,60.8,63.3,63.2,63.8,63.8,63.3,63.3,63.2,63.3,63.3,56.9,62.7,58.3,63.3,63.3,64.8,64.1,63.3,63.3,64.1,64.1,64.1,63.2,63.8,63.2,61.4,63.6,61.2,61.5,61.7,64.1,64.1,63.8,59.1,61.7,57.7,44.5,41.9,45,63.2,63.2,53.4,54.2,53.7,67.9,67.8,67.8,63.8,63.3,67.9,67.9,63.3
06/04/2026 06:35:00,61.8,69.3,63.4,60.4,60.4,59.9,59.9,60.4,60.4,63,64.1,62.9,64.6,66.2,64.1,66.4,67.8,67.4,59.9,59.9,64,64,25.2,18.3,35.4,45.3,66.4,63.9,64.1,66,64.1,61.3,65,62.2,63,62.9,63.5,60.9,60.4,63,60.3,60.4,60.4,57.1,60.9,58.5,60.4,60.4,64.6,64,60.4,60.4,64.1,64.1,64,62.9,63.5,62.9,59.7,61.3,62,60.6,62.5,64,64,63.5,58,61.1,57.3,41.1,38.4,41.6,62.9,60.3,53.6,54.8,53.9,68,67.9,67.9,60.9,60.4,68,68,60.4
06/04/2026 06:40:00,61.7,69.3,63.3,58.8,58.8,58.1,58.1,58.8,58.8,62.9,64,62.8,64.5,66,64,65.2,67.3,66.2,58.1,58.1,63.9,63.9,25.9,18.5,35.9,45.1,66.3,63.9,64.1,66,64.1,61.7,66,62.6,62.9,62.8,63.4,59.3,58.8,62.9,58.7,58.8,58.8,57.6,60.1,59,58.8,58.8,64.5,63.9,58.8,58.8,64,64,63.9,62.8,63.4,62.8,54.2,54.4,61.2,61,61.8,63.9,63.9,63.4,56.9,60.1,53.9,46.4,44,46.8,62.8,58.7,54.3,53.9,54.6,67.7,67.6,67.6,59.3,58.8,67.7,67.7,58.8
06/04/2026 06:45:00,60.3,67.4,61.9,57.3,57.3,57.3,57.3,57.3,57.3,62.7,63.9,62.6,64.4,65.7,63.9,66.2,67.7,67.4,57.3,57.3,63.8,63.8,25.6,18.7,35.1,45.4,66.2,63.9,64.1,66,64.1,62.9,67,63.9,62.7,62.6,63.2,57.9,57.3,62.7,57.3,57.3,57.4,55.5,57.8,56.9,57.3,57.3,64.4,63.8,57.3,57.3,63.9,63.9,63.8,62.6,63.2,62.6,47.3,46.1,59.6,59.4,60.7,63.8,63.8,63.2,56.6,60.3,55.9,49.6,47.5,50,62.6,57.3,52.7,53.4,53,67.5,67.4,67.4,57.9,57.3,67.5,67.5,57.3
06/04/2026 06:50:00,60.5,66.7,61.9,55.6,55.6,55.5,55.5,55.6,55.6,62.5,63.8,62.4,64.4,65.7,63.8,64.8,66.5,65.9,55.5,55.5,63.7,63.7,25.8,17.7,35.5,44.7,66.4,64,64.2,66.1,64.2,63.6,67.2,64.6,62.5,62.4,63,56.1,55.6,62.5,55.5,55.6,55.6,54.3,56.3,55.7,55.6,55.6,64.4,63.7,55.6,55.6,63.8,63.8,63.7,62.4,63,62.4,44,42.7,54.3,55.5,56.4,63.7,63.7,63,57.1,60.5,53.6,49.7,48.2,50.1,62.4,55.5,53.5,54.4,53.8,67.6,67.5,67.5,56.1,55.6,67.6,67.6,55.6
06/04/2026 06:55:00,60.4,67.5,61.9,54.3,54.3,54.3,54.3,54.3,54.3,62.6,63.6,62.5,64.3,65.5,63.6,66.1,66.6,67.1,54.3,54.3,63.6,63.6,27.1,19.3,36.3,44.6,66.2,63.8,64.2,66,64.1,64.2,67.4,65.3,62.6,62.5,63.2,54.9,54.3,62.6,54.3,54.3,54.4,55.5,56.4,56.9,54.3,54.3,64.3,63.6,54.3,54.3,63.6,63.6,63.6,62.5,63.2,62.5,41.7,41.2,56.5,57.6,58.1,63.6,63.6,63.2,56.6,59.3,52.7,50.9,48.8,51.2,62.5,54.3,51.7,52.4,52,67.5,67.4,67.4,54.9,54.3,67.5,67.5,54.3
06/04/2026 07:00:00,60.9,68.5,62.4,52.6,52.6,52.6,52.6,52.6,52.6,62.7,63.7,62.6,64.4,65.4,63.7,65.5,66.6,66.5,52.6,52.6,63.7,63.7,26.9,18.9,34,44.6,66.1,63.7,64.1,66,64.1,62.8,66.6,63.8,62.7,62.6,63.2,53.1,52.6,62.7,52.6,52.6,52.7,53.8,54.6,55.1,52.6,52.6,64.4,63.7,52.6,52.6,63.7,63.7,63.7,62.6,63.2,62.6,39.4,38.3,53.4,53.3,55.8,63.7,63.7,63.2,58.2,59.6,55.2,51.3,49.9,51.6,62.6,52.6,49.3,45.8,49.7,67.1,67,67,53.1,52.6,67.1,67.1,52.6
06/04/2026 07:05:00,60.6,66.7,62.1,51.3,51.3,50.5,50.5,51.3,51.3,62.5,63.7,62.4,64.2,65,63.7,65.3,66.2,66.3,50.5,50.5,63.6,63.6,26.1,19,35.9,44.7,65.9,63.6,64.1,66,64.1,61.9,66,62.8,62.5,62.4,63,51.8,51.3,62.5,51.3,51.3,51.4,53.6,53.7,55,51.3,51.3,64.2,63.6,51.3,51.3,63.7,63.7,63.6,62.4,63,62.4,39.1,37.8,49.9,50.2,53.1,63.6,63.6,63,58.1,60,55.8,50.4,48.5,50.8,62.4,51.3,46,38.5,46.4,66.8,66.7,66.7,51.8,51.3,66.8,66.8,51.3
06/04/2026 07:10:00,60.3,66.1,61.7,54,54,48.1,48.1,54,54,62.2,63.4,62.1,64,64.6,63.4,64.7,65.8,65.6,48.1,48.1,63.4,63.4,25.6,17.6,35.1,44.2,65.8,63.5,64.1,66,64.1,61.7,65.3,62.6,62.2,62.1,62.7,54.5,54,62.2,53.9,54,54,50.6,53.1,52,54,54,64,63.4,54,54,63.4,63.4,63.4,62.1,62.7,62.1,40.1,39.1,49.2,50.2,52.5,63.4,63.4,62.7,57,60.5,56.4,44,39.6,44.5,62.1,53.9,48.2,42.3,48.7,66.4,66.3,66.3,54.5,54,66.4,66.4,54
06/04/2026 07:15:00,60,66.6,61.4,55.8,55.8,43.6,43.6,55.8,55.8,61.8,63.2,61.7,63.8,64,63.2,64.7,66,65.6,43.6,43.6,63.2,63.2,23.9,15.4,34.4,43.4,66,63.7,64.1,65.9,64.1,62.6,66.8,63.6,61.8,61.7,62.3,56.4,55.8,61.8,55.8,55.8,55.9,51.5,54.8,52.9,55.8,55.8,63.8,63.2,55.8,55.8,63.2,63.2,63.2,61.7,62.3,61.7,39.9,39.4,52.2,54,54.8,63.2,63.2,62.3,57.3,61.4,56.7,43,38.8,43.5,61.7,55.8,49.2,42.5,49.6,65.8,65.7,65.7,56.4,55.8,65.8,65.8,55.8
06/04/2026 07:20:00,60.6,66.9,62,54.4,54.4,40.8,40.8,54.4,54.4,61.4,63,61.3,63.7,63.1,63,66.5,67.7,67.6,40.8,40.8,63,63,25.2,17.3,34.1,44,66.1,63.7,64.1,65.9,64.1,63.2,66.8,64.2,61.4,61.3,61.9,55,54.4,61.4,54.4,54.4,54.5,51.3,53.6,52.6,54.4,54.4,63.7,63,54.4,54.4,63,63,63,61.3,61.9,61.3,39.1,37.9,53.8,54.6,56.1,63,63,61.9,59.7,62.7,56.7,41.1,36.5,41.7,61.3,54.4,41.5,34.9,42.1,65.1,65,65,55,54.4,65.1,65.1,54.4
06/04/2026 07:25:00,61,68.2,62.5,53.5,53.5,38.5,38.5,53.5,53.5,60.9,62.7,60.8,63.4,62.3,62.7,67.1,68.8,68.3,38.5,38.5,62.7,62.7,26,17.4,35.2,43.6,65.9,63.5,64.1,66,64.1,63.4,67.7,64.3,60.9,60.8,61.4,54.1,53.5,60.9,53.5,53.5,53.6,50.9,52.8,52.2,53.5,53.5,63.4,62.7,53.5,53.5,62.7,62.7,62.7,60.8,61.4,60.8,38,37.4,48.2,48.6,51.8,62.7,62.7,61.4,59.2,62.8,59.2,39.6,36,40.2,60.8,53.5,34.7,27.5,35.5,64.7,64.6,64.6,54.1,53.5,64.7,64.7,53.5
06/04/2026 07:30:00,60.8,68.2,62.3,50.7,50.7,36.8,36.8,50.7,50.7,60.4,62.5,60.3,63.1,61.5,62.5,64.3,65.8,65.5,36.8,36.8,62.4,62.4,29.6,21.6,36.7,44.9,65.9,63.6,64.1,65.9,64.1,60.9,64.9,61.8,60.4,60.3,60.9,51.2,50.7,60.4,50.7,50.7,50.8,52.2,52.4,53.5,50.7,50.7,63.1,62.4,50.7,50.7,62.5,62.5,62.4,60.3,60.9,60.3,36.7,35.3,36.4,37,42.6,62.4,62.4,60.9,58,62.3,58.4,44.3,41.1,44.8,60.3,50.7,28.9,19.9,29.8,64.1,64,64,51.2,50.7,64.1,64.1,50.7
06/04/2026 07:35:00,60.5,67.3,61.9,49.7,49.7,35.2,35.2,49.7,49.7,59.7,62.3,59.6,62.9,61,62.3,65.3,67.1,66.5,35.2,35.2,62.2,62.2,30.2,22.7,37.7,45.8,65.9,63.6,64.2,66.1,64.2,59.2,62.7,60,59.7,59.6,60.2,50.2,49.7,59.7,49.7,49.7,49.8,52.5,52.2,53.9,49.7,49.7,62.9,62.2,49.7,49.7,62.3,62.3,62.2,59.6,60.2,59.6,38.6,37.4,28.7,29.5,36.7,62.2,62.2,60.2,58.3,61.1,57,48.8,46.8,49.2,59.6,49.7,32,23.2,32.9,63.7,63.6,63.6,50.2,49.7,63.7,63.7,49.7
06/04/2026 07:40:00,60.5,66.5,61.9,47,47,34,34,47,47,59,62,59,62.6,59.5,62,65.3,67,66.3,34,34,61.9,61.9,30.8,23.7,38.7,46.2,65.8,63.5,64.2,66.2,64.2,58.7,62,59.4,59,59,59.6,47.5,47,59,47,47,47.1,51.5,50.3,52.8,47,47,62.6,61.9,47,47,62,62,61.9,59,59.6,59,36.6,34.5,24.6,25.5,33.4,61.9,61.9,59.6,58.9,61.6,57,51.3,50.5,51.6,59,47,28.7,20,29.6,62.6,62.5,62.5,47.5,47,62.6,62.6,47
06/04/2026 07:45:00,60.5,67.5,62,45.6,45.6,33.7,33.7,45.6,45.6,58.6,61.6,58.5,62.2,58.8,61.6,65.2,66.5,66.1,33.7,33.7,61.6,61.6,28.4,21.2,36.3,45.4,65.7,63.4,64.3,66.2,64.2,59.1,62.7,59.8,58.6,58.5,59.1,46.1,45.6,58.6,45.6,45.6,45.7,50.7,49.1,52,45.6,45.6,62.2,61.6,45.6,45.6,61.6,61.6,61.6,58.5,59.1,58.5,36.6,34.2,22.8,21.7,30.3,61.6,61.6,59.1,58.8,61.4,55.6,52.9,51.8,53.1,58.5,45.6,25.8,17.8,26.8,61.9,61.8,61.8,46.1,45.6,61.9,61.9,45.6
06/04/2026 07:50:00,60.1,65.8,61.5,43.1,43.1,33.2,33.2,43.1,43.1,58,61.4,57.9,62,58.7,61.4,64.2,66.2,65.1,33.2,33.2,61.4,61.4,26.8,19.2,36.7,44.8,65.6,63.3,64.3,66.3,64.3,60,63.6,60.8,58,57.9,58.5,43.5,43.1,58,43.1,43.1,43.2,48.9,46.7,50.2,43.1,43.1,62,61.4,43.1,43.1,61.4,61.4,61.4,57.9,58.5,57.9,34.4,32.5,19.5,18.5,27.6,61.4,61.4,58.5,60.8,62.2,58.2,52.2,51,52.5,57.9,43.1,34.6,26.8,35.3,61.1,61,61,43.5,43.1,61.1,61.1,43.1
06/04/2026 07:55:00,60.1,65,61.6,42,42,32.7,32.7,42,42,57.8,61.2,57.8,61.8,58.5,61.2,64.9,65.3,65.8,32.7,32.7,61.2,61.2,28.9,21.5,38.3,45.8,65.7,63.4,64.2,66.1,64.1,52.2,56.3,52.4,57.8,57.8,58.4,42.4,42,57.8,42,42,42.1,49.3,46.3,50.6,42,42,61.8,61.2,42,42,61.2,61.2,61.2,57.8,58.4,57.8,34,32.6,22.3,22,30.4,61.2,61.2,58.4,58.2,60.7,55.6,51.7,50.3,52.1,57.8,42,45.6,38.8,46.1,60.2,60.1,60.1,42.4,42,60.2,60.2,42
06/04/2026 08:00:00,60.2,65.4,61.6,40.8,40.8,32.4,32.4,40.8,40.8,58.2,61.3,58.1,61.9,59,61.3,63,64.1,63.9,32.4,32.4,61.3,61.3,27.8,20.2,36.9,45.7,66.1,63.9,64.3,66.1,64.2,43.2,43.6,42.9,58.2,58.1,58.7,41.2,40.8,58.2,40.8,40.8,40.9,48.7,45.1,50.1,40.8,40.8,61.9,61.3,40.8,40.8,61.3,61.3,61.3,58.1,58.7,58.1,34.3,32.3,24.1,23.6,31.7,61.3,61.3,58.7,58.1,60.5,55,53,51.6,53.3,58.1,40.8,42.4,35.8,43,60.3,60.2,60.2,41.2,40.8,60.3,60.3,40.8
06/04/2026 08:05:00,59.6,66.9,60.9,39.9,39.9,32.3,32.3,39.9,39.9,58.2,61.4,58.1,61.9,59.1,61.4,61.9,62.5,62.6,32.3,32.3,61.3,61.3,27.4,18.8,36.2,44.8,66.3,64,64.3,66.1,64.3,36.8,34.8,36.1,58.2,58.1,58.7,40.3,39.9,58.2,39.9,39.9,40,51.3,46.8,52.7,39.9,39.9,61.9,61.3,39.9,39.9,61.4,61.4,61.3,58.1,58.7,58.1,30.3,28.4,22.8,24.4,30.8,61.3,61.3,58.7,57.3,60.4,56.2,53.1,52.7,53.4,58.1,39.9,48.2,42.2,48.6,60,59.9,59.9,40.3,39.9,60,60,39.9
06/04/2026 08:10:00,58.7,65.2,60,42.8,42.8,32.8,32.8,42.8,42.8,58.2,61.4,58.1,62.1,59.1,61.4,62.3,62.4,63,32.8,32.8,61.4,61.4,28.5,19.9,35.9,44.9,66.4,64.1,64.3,66.2,64.3,32.2,26.8,31.1,58.2,58.1,58.7,43.2,42.8,58.2,42.8,42.8,42.9,51.4,47.9,52.7,42.8,42.8,62.1,61.4,42.8,42.8,61.4,61.4,61.4,58.1,58.7,58.1,30.8,28,18,18.8,26.3,61.4,61.4,58.7,56.4,59.9,56.1,51.7,51.8,52.1,58.1,42.8,48,44.1,48.4,59.6,59.5,59.5,43.2,42.8,59.6,59.6,42.8
06/04/2026 08:15:00,59.4,65.6,60.7,43.9,43.9,32.3,32.3,43.9,43.9,58.1,61.4,58,61.9,58.8,61.4,60.2,60.8,60.8,32.3,32.3,61.3,61.3,28.2,19.2,35.9,44.4,66.2,64,64.3,66.2,64.3,31.2,26.6,29.9,58.1,58,58.6,44.4,43.9,58.1,43.9,43.9,44,51.5,48.5,52.9,43.9,43.9,61.9,61.3,43.9,43.9,61.4,61.4,61.3,58,58.6,58,29.9,27.9,15.5,15.7,24.6,61.3,61.3,58.6,56.6,60.4,56.4,52.3,51.8,52.6,58,43.9,48.1,46.2,48.5,59.2,59.2,59.2,44.4,43.9,59.2,59.2,43.9
06/04/2026 08:20:00,60.1,66.8,61.6,44.2,44.2,31.9,31.9,44.2,44.2,58.1,61.5,58,62,58.5,61.5,60,60.8,60.6,31.9,31.9,61.4,61.4,27.6,19.4,37.6,44.2,66.4,64.1,64.3,66.1,64.3,33.3,27.6,32.2,58.1,58,58.6,44.7,44.2,58.1,44.2,44.2,44.3,51.5,48.5,52.8,44.2,44.2,62,61.4,44.2,44.2,61.5,61.5,61.4,58,58.6,58,30,28.7,18.2,17.9,26.8,61.4,61.4,58.6,56.8,59.9,55.1,52.7,52.1,52.9,58,44.2,48.5,46.3,48.9,59.1,59,59,44.7,44.2,59.1,59.1,44.2
06/04/2026 08:25:00,59.8,65.9,61.2,43.2,43.2,32.1,32.1,43.2,43.2,58.1,61.4,58,61.9,59.2,61.4,59.6,59.9,60.3,32.1,32.1,61.3,61.3,26.4,18.5,36.1,43.9,66.4,64.1,64.4,66.2,64.4,32.1,25.5,31,58.1,58,58.6,43.6,43.2,58.1,43.2,43.2,43.3,53.1,48.9,54.5,43.2,43.2,61.9,61.3,43.2,43.2,61.4,61.4,61.3,58,58.6,58,30.5,29.5,15.5,17,24.9,61.3,61.3,58.6,57.9,59.8,54.8,52.3,51.5,52.7,58,43.2,48.7,46,49.2,58.1,58,58,43.6,43.2,58.1,58.1,43.2
06/04/2026 08:30:00,60.2,65.5,61.6,43.6,43.6,32.2,32.2,43.6,43.6,57.8,61.2,57.8,61.9,59,61.2,59,58.8,59.5,32.2,32.2,61.2,61.2,28.9,21.3,37.1,44.6,66.4,64.1,64.3,66.1,64.3,31.1,24.8,29.9,57.8,57.8,58.4,44,43.6,57.8,43.6,43.6,43.7,54.9,50.2,56.3,43.6,43.6,61.9,61.2,43.6,43.6,61.2,61.2,61.2,57.8,58.4,57.8,29.4,29.4,14.6,15.8,24.4,61.2,61.2,58.4,58,60.3,56,52.4,51.8,52.7,57.8,43.6,45.1,44,45.6,57.5,57.5,57.5,44,43.6,57.5,57.5,43.6
06/04/2026 08:35:00,59,65.2,60.3,44.4,44.4,32.3,32.3,44.4,44.4,57.9,61.4,57.9,62.1,59,61.4,60.5,59.8,61.2,32.3,32.3,61.4,61.4,29.6,22.6,36.9,45,66.5,64.1,64.3,66.2,64.3,31.7,26.5,30.4,57.9,57.9,58.5,44.9,44.4,57.9,44.4,44.4,44.5,54.2,50.3,55.6,44.4,44.4,62.1,61.4,44.4,44.4,61.4,61.4,61.4,57.9,58.5,57.9,29.3,28,12.6,14.2,23.2,61.4,61.4,58.5,56.6,58.1,53.7,51.7,51.2,52,57.9,44.4,45.6,40.2,46.1,57.9,57.8,57.8,44.9,44.4,57.9,57.9,44.4
06/04/2026 08:40:00,59.6,65,61,45.8,45.8,32.9,32.9,45.8,45.8,58.1,61.4,58,62.1,58.5,61.4,59.5,58.8,60,32.9,32.9,61.4,61.4,29.5,22.3,37,45.4,66.4,64.1,64.4,66.2,64.4,31.9,26.6,30.6,58.1,58,58.6,46.3,45.8,58.1,45.8,45.8,45.9,54.4,51.5,55.9,45.8,45.8,62.1,61.4,45.8,45.8,61.4,61.4,61.4,58,58.6,58,30.8,30.1,17,17.5,26,61.4,61.4,58.6,58.2,58.9,56,52.2,51.9,52.5,58,45.8,48.6,44.1,49.1,58.3,58.2,58.2,46.3,45.8,58.3,58.3,45.8
06/04/2026 08:45:00,58.9,65.7,60.3,44.4,44.4,33.3,33.3,44.4,44.4,58.3,61.5,58.2,62.2,58.7,61.5,58.1,59.3,58.6,33.3,33.3,61.5,61.5,31.2,24.7,39.5,46.4,66.3,64.2,64.3,66.1,64.3,31.7,27.3,30.4,58.3,58.2,58.8,44.9,44.4,58.3,44.4,44.4,44.5,56.8,51.4,58.2,44.4,44.4,62.2,61.5,44.4,44.4,61.5,61.5,61.5,58.2,58.8,58.2,31.7,31.1,21.7,21.4,29.1,61.5,61.5,58.8,59,59.5,56.4,53,53.3,53.4,58.2,44.4,46.3,41,46.7,59.1,59,59,44.9,44.4,59.1,59.1,44.4
06/04/2026 08:50:00,59.4,65.9,60.8,44.2,44.2,33.6,33.6,44.2,44.2,58.4,61.6,58.3,62.3,59,61.6,56.3,57.1,56.6,33.6,33.6,61.6,61.6,30.7,22.1,37,45.2,66.4,64.1,64.3,66,64.2,35.7,29.8,34.7,58.4,58.3,58.9,44.7,44.2,58.4,44.2,44.2,44.3,58.7,52.2,60.2,44.2,44.2,62.3,61.6,44.2,44.2,61.6,61.6,61.6,58.3,58.9,58.3,34.6,33.4,24.6,25.1,32.3,61.6,61.6,58.9,58,59.9,54.7,51.7,51.2,52.1,58.3,44.2,46.3,43.2,46.8,59.7,59.6,59.6,44.7,44.2,59.7,59.7,44.2
06/04/2026 08:55:00,60,66.3,61.5,43.8,43.8,34.9,34.9,43.8,43.8,58.7,61.8,58.6,62.3,59.6,61.8,56.3,57.7,56.6,34.9,34.9,61.7,61.7,30.6,22.8,37.5,45.5,66.4,64,64.2,65.9,64.2,42.7,41.2,42.3,58.7,58.6,59.2,44.3,43.8,58.7,43.8,43.8,43.9,57.6,52,59.1,43.8,43.8,62.3,61.7,43.8,43.8,61.8,61.8,61.7,58.6,59.2,58.6,41.1,41.6,41.3,42.3,46.5,61.7,61.7,59.2,57.1,59,54.6,51.6,50.9,51.9,58.6,43.8,42.6,34.8,43.2,60,59.9,59.9,44.3,43.8,60,60,43.8
06/04/2026 09:00:00,60.6,67.6,62.1,42.8,42.8,36.8,36.8,42.8,42.8,59.1,61.8,59,62.4,59.7,61.8,55.3,56.4,55.5,36.8,36.8,61.8,61.8,37.7,31,41.1,47.8,66.5,64.1,64.3,66.2,64.3,51.2,54.8,51.4,59.1,59,59.6,43.2,42.8,59.1,42.8,42.8,42.9,59,52.3,60.5,42.8,42.8,62.4,61.8,42.8,42.8,61.8,61.8,61.8,59,59.6,59,50.8,52.1,50.3,50.6,53.3,61.8,61.8,59.6,56.2,58.9,53.7,51.4,51,51.7,59,42.8,42.3,35.4,42.9,60.5,60.4,60.4,43.2,42.8,60.5,60.5,42.8
06/04/2026 09:05:00,60.8,68.5,62.4,43.1,43.1,38.8,38.8,43.1,43.1,59.2,62.1,59.1,62.6,60.2,62.1,55.1,55.9,55.3,38.8,38.8,62,62,49.2,44.2,44.7,51.6,66.8,64.3,64.3,66.1,64.3,55.6,58.6,56.1,59.2,59.1,59.7,43.5,43.1,59.2,43.1,43.1,43.2,57.5,51.4,59,43.1,43.1,62.6,62,43.1,43.1,62.1,62.1,62,59.1,59.7,59.1,56.5,57.9,55,55,56.9,62,62,59.7,56.2,59.4,52.7,48,51.8,48.4,59.1,43.1,37.1,34,37.8,61.3,61.2,61.2,43.5,43.1,61.3,61.3,43.1
06/04/2026 09:10:00,61.4,69.5,62.9,41.8,41.8,39.6,39.6,41.8,41.8,59.2,62.1,59.2,62.6,60.8,62.1,54.2,55.2,54.2,39.6,39.6,62,62,54.6,50.4,48.2,53.7,67.1,64.5,64.2,66,64.2,55.6,59.1,56.2,59.2,59.2,59.8,42.2,41.8,59.2,41.8,41.8,41.9,58.6,51.1,60.1,41.8,41.8,62.6,62,41.8,41.8,62.1,62.1,62,59.2,59.8,59.2,58.7,60.2,54.5,56.9,56.5,62,62,59.8,56,59,53.3,50,52.3,50.3,59.2,41.8,43.5,42.8,44,61.5,61.4,61.4,42.2,41.8,61.5,61.5,41.8
06/04/2026 09:15:00,62,70,63.6,41.6,41.6,40.5,40.5,41.6,41.6,59.3,62.1,59.2,62.6,60.9,62.1,54.1,56.3,54.2,40.5,40.5,62,62,54.3,52,49.6,53.7,66.8,64.4,64.1,65.9,64.1,58.6,61.4,59.3,59.3,59.2,59.8,42,41.6,59.3,41.6,41.6,41.7,59.6,51.3,61,41.6,41.6,62.6,62,41.6,41.6,62.1,62.1,62,59.2,59.8,59.2,59.2,61.7,56.6,57.8,58.1,62,62,59.8,56.8,59.5,53.1,51.8,53.2,52.2,59.2,41.6,46.2,45.3,46.6,61.6,61.5,61.5,42,41.6,61.6,61.6,41.6
06/04/2026 09:20:00,62.1,69.1,63.7,41.6,41.6,40.7,40.7,41.6,41.6,59.2,62.2,59.2,62.7,60.9,62.2,54.6,55.5,54.8,40.7,40.7,62.1,62.1,57.7,54.5,50,54.4,67,64.4,64.2,65.9,64.2,56,59.4,56.5,59.2,59.2,59.8,42,41.6,59.2,41.6,41.6,41.7,58.3,51,59.7,41.6,41.6,62.7,62.1,41.6,41.6,62.2,62.2,62.1,59.2,59.8,59.2,60.2,62.8,58.3,59.3,59.4,62.1,62.1,59.8,56.2,59,53.8,53.6,54.1,54,59.2,41.6,47.5,47.3,47.9,61.6,61.5,61.5,42,41.6,61.6,61.6,41.6
06/04/2026 09:25:00,61.7,69.5,63.2,41.5,41.5,41.5,41.5,41.5,41.5,59.1,62,59.1,62.6,60.8,62,55.2,56,55.4,41.5,41.5,62,62,58.7,56.8,52.2,55.1,67,64.5,64.3,66.1,64.3,54.6,58,55.1,59.1,59.1,59.7,41.9,41.5,59.1,41.5,41.5,41.6,59,51.9,60.5,41.5,41.5,62.6,62,41.5,41.5,62,62,62,59.1,59.7,59.1,58.6,61,56.6,57.9,58.2,62,62,59.7,54.2,57.5,53.6,52,54.6,52.4,59.1,41.5,47.3,47.9,47.8,61.3,61.2,61.2,41.9,41.5,61.3,61.3,41.5
06/04/2026 09:30:00,62.4,70.1,64,41.1,41.1,41.1,41.1,41.1,41.1,59.1,62.2,59.1,62.7,61.1,62.2,55.1,57.5,55.3,41.1,41.1,62.1,62.1,58.6,57,52,56.6,66.9,64.4,64.3,66,64.3,54.7,57.4,55.2,59.1,59.1,59.7,41.5,41.1,59.1,41.1,41.1,41.2,58.3,51.4,59.7,41.1,41.1,62.7,62.1,41.1,41.1,62.2,62.2,62.1,59.1,59.7,59.1,58.4,59.7,56.3,57.9,57.8,62.1,62.1,59.7,55.7,57.9,51.7,50,54.6,50.4,59.1,41.1,49.3,51.4,49.7,61.4,61.3,61.3,41.5,41.1,61.4,61.4,41.1
06/04/2026 09:35:00,62,69.2,63.5,43.7,43.7,41.3,41.3,43.7,43.7,59,62.2,59,62.7,60.8,62.2,54.7,56.2,54.9,41.3,41.3,62.1,62.1,59.2,56.1,50.6,55.1,66.8,64.3,64.3,66,64.2,57.1,60.7,57.7,59,59,59.6,44.1,43.7,59,43.7,43.7,43.8,58.1,52,59.6,43.7,43.7,62.7,62.1,43.7,43.7,62.2,62.2,62.1,59,59.6,59,56.8,59.4,56.1,58.3,57.7,62.1,62.1,59.6,55.4,58,51.5,51.1,54.3,51.5,59,43.7,50,52.5,50.4,61.2,61.1,61.1,44.1,43.7,61.2,61.2,43.7
06/04/2026 09:40:00,61.9,68.9,63.5,43,43,42,42,43,43,59,62.2,59,62.7,60.7,62.2,55.8,56.1,56.1,42,42,62.1,62.1,57.4,55.2,50.4,54.6,66.7,64.3,64.3,66.1,64.2,55.6,58.8,56.2,59,59,59.6,43.4,43,59,43,43,43.1,58.3,52.7,59.7,43,43,62.7,62.1,43,43,62.2,62.2,62.1,59,59.6,59,54.5,56.5,57.2,58.3,58.3,62.1,62.1,59.6,56.2,58.1,51.8,52.6,54.4,53,59,43,48.7,50.6,49.2,61.5,61.4,61.4,43.4,43,61.5,61.5,43
06/04/2026 09:45:00,62.7,68.6,64.3,43.4,43.4,43,43,43.4,43.4,59.1,62.3,59,62.8,60.7,62.3,55.1,55.4,55.4,43,43,62.2,62.2,58.1,55.5,51,54.4,67.1,64.6,64.2,66.1,64.2,55.2,59,55.7,59.1,59,59.6,43.8,43.4,59.1,43.4,43.4,43.5,58.5,52,60,43.4,43.4,62.8,62.2,43.4,43.4,62.3,62.3,62.2,59,59.6,59,56.3,57.6,56.7,57.1,58.3,62.2,62.2,59.6,55.4,56.7,52.2,51.8,54,52.1,59,43.4,47.3,49.5,47.8,61.1,61,61,43.8,43.4,61.1,61.1,43.4
06/04/2026 09:50:00,60.8,66.8,62.3,44,44,44,44,44,44,59.2,62.2,59.1,62.8,60.6,62.2,54.8,54.4,55,44,44,62.2,62.2,58.8,55.9,50.6,54.4,66.8,64.4,64.3,66.1,64.2,56.2,60.3,56.8,59.2,59.1,59.7,44.4,44,59.2,44,44,44.1,59.5,53,61,44,44,62.8,62.2,44,44,62.2,62.2,62.2,59.1,59.7,59.1,58.2,59.4,56.1,56.3,57.9,62.2,62.2,59.7,54.8,56.4,51.5,52.7,54.9,53,59.1,44,48.5,50.3,48.9,61.3,61.2,61.2,44.4,44,61.3,61.3,44
06/04/2026 09:55:00,61.8,67.8,63.3,46.2,46.2,46.2,46.2,46.2,46.2,59.2,62.3,59.1,62.9,60.8,62.3,53.4,53.3,53.5,46.2,46.2,62.2,62.2,59,55.4,49,53.9,66.8,64.3,64.2,66,64.2,59.5,63.1,60.3,59.2,59.1,59.7,46.7,46.2,59.2,46.2,46.2,46.3,57.3,53.1,58.8,46.2,46.2,62.9,62.2,46.2,46.2,62.3,62.3,62.2,59.1,59.7,59.1,59.2,60.4,57.5,57.1,58.9,62.2,62.2,59.7,54.9,57.3,51.7,52.4,53.6,52.7,59.1,46.2,47.6,50.2,48.1,61.6,61.5,61.5,46.7,46.2,61.6,61.6,46.2
06/04/2026 10:00:00,61.2,68.7,62.7,49.8,49.8,45.8,45.8,49.8,49.8,59.1,62.5,59.1,63,60.8,62.5,55.4,54.9,55.7,45.8,45.8,62.4,62.4,58.6,55.8,50.3,54.3,66.7,64.3,64.2,66,64.2,58.2,59.2,58.9,59.1,59.1,59.7,50.3,49.8,59.1,49.8,49.8,49.9,57.1,54.7,58.5,49.8,49.8,63,62.4,49.8,49.8,62.5,62.5,62.4,59.1,59.7,59.1,58.3,60.1,56.6,56.8,58.2,62.4,62.4,59.7,55.7,57.5,53.1,56.7,56,56.8,59.1,49.8,48.6,50.5,49.1,62,61.9,61.9,50.3,49.8,62,62,49.8
06/04/2026 10:05:00,60.7,67.2,62.2,53,53,47,47,53,53,59.3,62.6,59.2,63.1,60.6,62.6,55.6,55.1,55.9,47,47,62.5,62.5,60,57.5,51.6,56.2,66.8,64.3,64.1,66.1,64.1,56.4,57.3,57.1,59.3,59.2,59.8,53.4,53,59.3,52.9,53,53,59.1,57.8,60.5,53,53,63.1,62.5,53,53,62.6,62.6,62.5,59.2,59.8,59.2,59.4,61.2,57,57.8,58.5,62.5,62.5,59.8,55.1,57.6,52,51.8,53.3,52.2,59.2,52.9,46.9,47.4,47.4,61.9,61.8,61.8,53.4,53,61.9,61.9,53
06/04/2026 10:10:00,60.9,66.4,62.4,54.1,54.1,47.7,47.7,54.1,54.1,59.4,62.6,59.3,63.3,61,62.6,57.2,56.6,57.6,47.7,47.7,62.6,62.6,59.8,57.6,52.4,56.2,67.1,64.5,64.2,66.1,64.2,50.3,53.2,50.4,59.4,59.3,59.9,54.7,54.1,59.4,54.1,54.1,54.2,59.6,58.7,61.1,54.1,54.1,63.3,62.6,54.1,54.1,62.6,62.6,62.6,59.3,59.9,59.3,58.7,60.1,53.5,55.8,55.7,62.6,62.6,59.9,51.6,55.5,50.5,51.2,53.3,51.6,59.3,54.1,47.9,49,48.3,61.6,61.5,61.5,54.7,54.1,61.6,61.6,54.1
06/04/2026 10:15:00,61.2,66.5,62.7,52.6,52.6,48.8,48.8,52.6,52.6,59.4,62.7,59.3,63.3,60.8,62.7,55.3,56.3,55.5,48.8,48.8,62.6,62.6,61.2,58.2,52,55.3,66.7,64.3,64.2,66,64.2,52.8,53.4,53.1,59.4,59.3,59.9,53,52.6,59.4,52.5,52.6,52.6,57.7,56.6,59.1,52.6,52.6,63.3,62.6,52.6,52.6,62.7,62.7,62.6,59.3,59.9,59.3,58.3,58.8,53.8,55.8,55.8,62.6,62.6,59.9,53.8,56.5,51.8,50.4,52.3,50.7,59.3,52.5,48.7,48.3,49.1,61.3,61.2,61.2,53,52.6,61.3,61.3,52.6
06/04/2026 10:20:00,60.7,67.1,62.2,55.5,55.5,49.9,49.9,55.5,55.5,59.5,62.7,59.4,63.4,60.7,62.7,54.5,56,54.7,49.9,49.9,62.7,62.7,58.5,56.6,51.8,56.1,66.8,64.4,64.2,66.1,64.2,53.4,54,53.9,59.5,59.4,60,56,55.5,59.5,55.4,55.5,55.5,58.7,58.9,60.1,55.5,55.5,63.4,62.7,55.5,55.5,62.7,62.7,62.7,59.4,60,59.4,57.6,58.6,54.2,55.7,56.1,62.7,62.7,60,53.9,57.1,51.8,51,51.6,51.3,59.4,55.4,47.8,48.1,48.2,61.3,61.2,61.2,56,55.5,61.3,61.3,55.5
06/04/2026 10:25:00,61.1,68.7,62.7,53.5,53.5,49.3,49.3,53.5,53.5,59.4,62.7,59.3,63.3,60.7,62.7,53.4,53.9,53.4,49.3,49.3,62.6,62.6,59.3,57.1,51.9,55.3,67,64.5,64.1,65.9,64.1,56.7,58.3,57.3,59.4,59.3,59.9,54,53.5,59.4,53.5,53.5,53.6,61,59.1,62.4,53.5,53.5,63.3,62.6,53.5,53.5,62.7,62.7,62.6,59.3,59.9,59.3,60,60.8,56.6,57.4,57.8,62.6,62.6,59.9,53.8,56.5,51.7,50.5,49.7,50.9,59.3,53.5,48.9,51.1,49.4,61.2,61.1,61.1,54,53.5,61.2,61.2,53.5
06/04/2026 10:30:00,61.2,68.6,62.8,55.9,55.9,47.8,47.8,55.9,55.9,59.4,62.7,59.3,63.4,60.9,62.7,54.2,54.4,54.4,47.8,47.8,62.7,62.7,59,57.2,52.9,55.9,66.9,64.5,64.1,65.8,64.1,54.9,56.9,55.3,59.4,59.3,59.9,56.4,55.9,59.4,55.8,55.9,55.9,58,58.7,59.4,55.9,55.9,63.4,62.7,55.9,55.9,62.7,62.7,62.7,59.3,59.9,59.3,59.9,60.3,56.1,57,57.8,62.7,62.7,59.9,51.1,55.1,51.4,50.1,51.5,50.5,59.3,55.8,46.9,49.6,47.3,60.8,60.7,60.7,56.4,55.9,60.8,60.8,55.9
06/04/2026 10:35:00,62.8,69,64.5,54.3,54.3,47.6,47.6,54.3,54.3,59.5,62.6,59.4,63.3,60.8,62.6,53.1,53.4,53.1,47.6,47.6,62.6,62.6,58.6,56.9,52.6,56.7,67,64.5,64.3,66,64.2,54,56.1,54.5,59.5,59.4,60,54.8,54.3,59.5,54.2,54.3,54.3,57.1,57.3,58.5,54.3,54.3,63.3,62.6,54.3,54.3,62.6,62.6,62.6,59.4,60,59.4,59.5,60.9,56.3,57.1,58,62.6,62.6,60,52.6,56.4,51.4,50.7,52.3,51.1,59.4,54.2,46.8,48.4,47.3,60.6,60.5,60.5,54.8,54.3,60.6,60.6,54.3
06/04/2026 10:40:00,62,67.6,63.5,53.9,53.9,48,48,53.9,53.9,59.4,62.6,59.3,63.3,60.7,62.6,53.8,53.9,54,48,48,62.6,62.6,57.3,55.9,52.5,55.2,66.9,64.4,64.1,65.9,64.1,50.3,50.4,50.4,59.4,59.3,59.9,54.5,53.9,59.4,53.9,53.9,54,57.6,57.5,59.1,53.9,53.9,63.3,62.6,53.9,53.9,62.6,62.6,62.6,59.3,59.9,59.3,61.2,62,57.7,58.5,59,62.6,62.6,59.9,54.7,58,51.3,53.7,54.7,54,59.3,53.9,47,45.4,47.4,60.7,60.6,60.6,54.5,53.9,60.7,60.7,53.9
06/04/2026 10:45:00,62,70.1,63.6,54.1,54.1,48,48,54.1,54.1,59.4,62.7,59.3,63.3,60.7,62.7,55.4,55.8,55.7,48,48,62.6,62.6,58.8,56.6,52.2,56,66.9,64.4,64.1,65.9,64.1,42.9,41,42.6,59.4,59.3,59.9,54.7,54.1,59.4,54.1,54.1,54.2,56,56.7,57.4,54.1,54.1,63.3,62.6,54.1,54.1,62.7,62.7,62.6,59.3,59.9,59.3,62.3,62.8,58.7,58.9,59.8,62.6,62.6,59.9,54.3,58.3,52.5,50.6,54.3,51,59.3,54.1,48.8,47.1,49.2,60.3,60.2,60.2,54.7,54.1,60.3,60.3,54.1
06/04/2026 10:50:00,62.4,70.4,64,54.3,54.3,47,47,54.3,54.3,59.5,62.7,59.4,63.3,60.8,62.7,56.4,56.4,56.8,47,47,62.6,62.6,58.4,57.2,52.6,55.8,67,64.4,64.2,66,64.2,36.4,31.2,35.6,59.5,59.4,60,54.8,54.3,59.5,54.2,54.3,54.3,57.3,57.5,58.8,54.3,54.3,63.3,62.6,54.3,54.3,62.7,62.7,62.6,59.4,60,59.4,61.6,62.9,60.5,60.5,61.3,62.6,62.6,60,55,57.9,52.3,52.2,53.3,52.5,59.4,54.2,47.1,48.4,47.5,60.2,60.1,60.1,54.8,54.3,60.2,60.2,54.3
06/04/2026 10:55:00,62.1,69.5,63.7,55,55,47.5,47.5,55,55,59.5,62.8,59.4,63.3,60.8,62.8,56,56.7,56.2,47.5,47.5,62.7,62.7,58.3,56.6,53.3,56.2,66.8,64.4,64.2,66,64.2,34.5,28.4,33.6,59.5,59.4,60,55.6,55,59.5,55,55,55.1,57.5,58,58.9,55,55,63.3,62.7,55,55,62.8,62.8,62.7,59.4,60,59.4,61.4,62.8,59.9,58.5,60.8,62.7,62.7,60,53.5,56.8,51.6,49.6,51.7,50,59.4,55,46.7,48,47.2,60.2,60.1,60.1,55.6,55,60.2,60.2,55
06/04/2026 11:00:00,60.9,68.8,62.5,55.2,55.2,47.6,47.6,55.2,55.2,59.5,62.5,59.4,63,60.8,62.5,54.7,55,54.9,47.6,47.6,62.4,62.4,60.1,58.2,53.1,57.4,67,64.5,64.1,65.9,64.1,32.2,26.8,31.1,59.5,59.4,60,55.8,55.2,59.5,55.2,55.2,55.3,54.9,56.8,56.3,55.2,55.2,63,62.4,55.2,55.2,62.5,62.5,62.4,59.4,60,59.4,60.9,61.8,57.3,56.8,59,62.4,62.4,60,52.7,55.8,51.1,48,52.5,48.4,59.4,55.2,46.9,48.4,47.4,60,59.9,59.9,55.8,55.2,60,60,55.2
06/04/2026 11:05:00,60.2,66.2,61.6,56.9,56.9,48.7,48.7,56.9,56.9,59.5,62.5,59.4,63,60.6,62.5,56,56.5,56.3,48.7,48.7,62.4,62.4,60,58.9,54.3,57,66.9,64.4,64.1,65.9,64.1,31.3,26.8,30.2,59.5,59.4,60,57.4,56.9,59.5,56.8,56.9,56.9,54.8,57.4,56.2,56.9,56.9,63,62.4,56.9,56.9,62.5,62.5,62.4,59.4,60,59.4,59.1,61.1,55.1,56.4,57.2,62.4,62.4,60,51.6,57.7,53.8,49.3,52.3,49.8,59.4,56.8,47.5,47.5,48,59.4,59.4,59.4,57.4,56.9,59.4,59.4,56.9
06/04/2026 11:10:00,60.4,67.4,61.9,57.3,57.3,47.7,47.7,57.3,57.3,59.5,62.6,59.4,63.1,60.5,62.6,54.4,54.4,54.6,47.7,47.7,62.5,62.5,59.3,57.8,53.4,56.4,67,64.4,64.1,65.8,64.1,31.6,28.4,30.5,59.5,59.4,60,57.8,57.3,59.5,57.2,57.3,57.3,55.5,58.1,56.9,57.3,57.3,63.1,62.5,57.3,57.3,62.6,62.6,62.5,59.4,60,59.4,59.2,62.1,55.2,56.4,57.1,62.5,62.5,60,53.3,57.8,52.8,48.4,50.7,48.8,59.4,57.2,44.6,46.9,45.2,59.5,59.4,59.4,57.8,57.3,59.5,59.5,57.3
06/04/2026 11:15:00,59.7,65.6,61.1,57.9,57.9,47.7,47.7,57.9,57.9,59.5,62.5,59.4,63.2,60.5,62.5,55.3,54.9,55.7,47.7,47.7,62.5,62.5,59.6,57.4,52.3,55.8,66.8,64.4,64.2,66,64.2,30.4,25.7,29.2,59.5,59.4,60,58.4,57.9,59.5,57.8,57.9,57.9,54.6,57.9,56,57.9,57.9,63.2,62.5,57.9,57.9,62.5,62.5,62.5,59.4,60,59.4,52.1,53.7,55.7,56.9,57.5,62.5,62.5,60,53.5,56.5,51.9,50.3,51.9,50.7,59.4,57.8,46,47.1,46.5,59.1,59,59,58.4,57.9,59.1,59.1,57.9
06/04/2026 11:20:00,59.9,67.2,61.3,58,58,48.9,48.9,58,58,59.5,62.6,59.4,63.2,60.4,62.6,55.5,54.9,55.9,48.9,48.9,62.5,62.5,57.8,56.1,50.9,55.9,66.8,64.3,64.2,66,64.2,31.4,26,30.2,59.5,59.4,60,58.5,58,59.5,57.9,58,58,54.6,57.9,56,58,58,63.2,62.5,58,58,62.6,62.6,62.5,59.4,60,59.4,42.6,47.1,53.7,55.4,55.9,62.5,62.5,60,51.9,55.6,49.2,52.2,51.4,52.5,59.4,57.9,48.9,50,49.4,59.3,59.2,59.2,58.5,58,59.3,59.3,58
06/04/2026 11:25:00,60,66.9,61.5,58.5,58.5,49,49,58.5,58.5,59.6,62.6,59.5,63.2,60.5,62.6,57.6,56.5,58,49,49,62.5,62.5,57.8,56.9,52.4,54.9,66.7,64.3,64.1,65.9,64.1,37.4,34,36.7,59.6,59.5,60.1,59,58.5,59.6,58.4,58.5,58.5,54.9,58.3,56.3,58.5,58.5,63.2,62.5,58.5,58.5,62.6,62.6,62.5,59.5,60.1,59.5,39.5,43.5,53,54.6,55.5,62.5,62.5,60.1,52.1,56.5,51.5,52.9,52.6,53.2,59.5,58.4,48.5,50.4,49,58.7,58.6,58.6,59,58.5,58.7,58.7,58.5
06/04/2026 11:30:00,60.6,67.6,62.1,58.3,58.3,48.8,48.8,58.3,58.3,59.5,62.6,59.4,63.2,60.4,62.6,56.4,56.3,56.8,48.8,48.8,62.5,62.5,58.1,55.5,50.5,56,66.7,64.2,64.2,66,64.2,31.2,23.4,30,59.5,59.4,60,58.8,58.3,59.5,58.2,58.3,58.3,54.5,58.1,56,58.3,58.3,63.2,62.5,58.3,58.3,62.6,62.6,62.5,59.4,60,59.4,40.1,42.6,55.9,56.4,57.8,62.5,62.5,60,53.1,57.9,53.3,52.3,53.6,52.7,59.4,58.2,43.7,46.3,44.2,58,57.9,57.9,58.8,58.3,58,58,58.3
06/04/2026 11:35:00,60.8,68.1,62.3,57.2,57.2,48,48,57.2,57.2,59.4,62.5,59.4,63.2,60.6,62.5,56.9,56.4,57.3,48,48,62.5,62.5,56.2,53,48.2,53.1,66.7,64.3,64.3,66.2,64.3,28.8,25.4,27.7,59.4,59.4,60,57.8,57.2,59.4,57.2,57.2,57.3,53.5,57.1,54.9,57.2,57.2,63.2,62.5,57.2,57.2,62.5,62.5,62.5,59.4,60,59.4,46.2,47.7,58.4,58.1,59.9,62.5,62.5,60,52.2,57,51.4,48.4,50.8,48.8,59.4,57.2,43.2,44.3,43.7,57.2,57.2,57.2,57.8,57.2,57.2,57.2,57.2
06/04/2026 11:40:00,60.4,66.9,61.8,57.7,57.7,47.4,47.4,57.7,57.7,59.5,62.6,59.4,63.2,60.5,62.6,57.2,56.5,57.6,47.4,47.4,62.5,62.5,56.3,52,47.7,52.9,66.7,64.3,64.3,66.2,64.2,22.8,8.5,21.4,59.5,59.4,60,58.2,57.7,59.5,57.6,57.7,57.7,53.6,57.1,55,57.7,57.7,63.2,62.5,57.7,57.7,62.6,62.6,62.5,59.4,60,59.4,51.1,53.3,56,55.9,57.8,62.5,62.5,60,51.3,55.9,49.1,48,52.4,48.4,59.4,57.6,40.9,42.5,41.5,57.6,57.6,57.6,58.2,57.7,57.6,57.6,57.7
06/04/2026 11:45:00,60,66.2,61.4,58,58,46.9,46.9,58,58,59.4,62.5,59.4,63.2,60.5,62.5,56,54.9,56.3,46.9,46.9,62.5,62.5,57.9,55.3,50.4,56.4,66.9,64.4,64.2,66.1,64.1,20.8,8.2,19.2,59.4,59.4,60,58.6,58,59.4,58,58,58.1,52.5,56.7,53.8,58,58,63.2,62.5,58,58,62.5,62.5,62.5,59.4,60,59.4,55.7,57.9,56.9,57.8,58.4,62.5,62.5,60,51.9,56.3,49.7,50.6,51.5,51,59.4,58,42,39.2,42.6,58,58,58,58.6,58,58,58,58
06/04/2026 11:50:00,59.7,65,61.1,57.7,57.7,46.9,46.9,57.7,57.7,59.5,62.7,59.4,63.3,60.4,62.7,57.6,58.1,58,46.9,46.9,62.6,62.6,58.3,55.2,50.8,55.6,67,64.4,64.2,66.1,64.1,19.6,7.1,17.8,59.5,59.4,60,58.2,57.7,59.5,57.6,57.7,57.7,52.3,56.6,53.6,57.7,57.7,63.3,62.6,57.7,57.7,62.7,62.7,62.6,59.4,60,59.4,56.5,58.4,54.1,56,56.3,62.6,62.6,60,50.7,54.9,49.9,51.2,49.4,51.5,59.4,57.6,42.8,40.7,43.3,57.7,57.6,57.6,58.2,57.7,57.7,57.7,57.7
06/04/2026 11:55:00,60.2,67.9,61.6,57.6,57.6,47,47,57.6,57.6,59.7,62.6,59.6,63.3,60.5,62.6,56.1,54.8,56.4,47,47,62.6,62.6,59.7,55.6,50,56.9,66.9,64.5,64.2,66.2,64.2,19,7.4,17,59.7,59.6,60.2,58.2,57.6,59.7,57.6,57.6,57.7,50.6,55.2,51.9,57.6,57.6,63.3,62.6,57.6,57.6,62.6,62.6,62.6,59.6,60.2,59.6,57.6,60.2,56.3,57.1,58,62.6,62.6,60.2,49.5,54,48.5,47.5,48,48,59.6,57.6,42.4,42.5,43,57.7,57.6,57.6,58.2,57.6,57.7,57.7,57.6
06/04/2026 12:00:00,60.3,66.9,61.8,57.8,57.8,47.4,47.4,57.8,57.8,59.6,62.5,59.6,63,60.3,62.5,56,54.9,56.4,47.4,47.4,62.4,62.4,59,54.7,48.4,55,66.8,64.4,64.1,66,64.1,21.9,12.2,20.1,59.6,59.6,60.2,58.4,57.8,59.6,57.8,57.8,57.9,51.8,55.8,53.1,57.8,57.8,63,62.4,57.8,57.8,62.5,62.5,62.4,59.6,60.2,59.6,58.9,60.7,52.8,55.5,55,62.4,62.4,60.2,49.5,53.9,46.9,46.8,46.3,47.3,59.6,57.8,43.5,45.5,44.1,57.9,57.8,57.8,58.4,57.8,57.9,57.9,57.8
06/04/2026 12:05:00,60.2,66.6,61.7,58.3,58.3,47.6,47.6,58.3,58.3,59.7,62.3,59.6,63,60.1,62.3,58.2,57.3,58.6,47.6,47.6,62.3,62.3,60.6,56,49.5,55.7,66.8,64.4,64.2,66.1,64.2,24.4,17,22.8,59.7,59.6,60.2,58.8,58.3,59.7,58.2,58.3,58.3,53.1,57.4,54.5,58.3,58.3,63,62.3,58.3,58.3,62.3,62.3,62.3,59.6,60.2,59.6,60.4,61.9,55.2,56.9,57,62.3,62.3,60.2,51,54.3,49.5,47.2,49.4,47.7,59.6,58.2,45,46.5,45.5,57.8,57.7,57.7,58.8,58.3,57.8,57.8,58.3
06/04/2026 12:10:00,60.3,67.8,61.7,57.5,57.5,47.9,47.9,57.5,57.5,59.6,62.3,59.5,63,60,62.3,61,59.9,61.7,47.9,47.9,62.3,62.3,61.1,57.2,51.1,56.1,67,64.4,64.2,66.1,64.2,25.9,21.3,24.3,59.6,59.5,60.1,58,57.5,59.6,57.4,57.5,57.5,52.1,55.8,53.5,57.5,57.5,63,62.3,57.5,57.5,62.3,62.3,62.3,59.5,60.1,59.5,60.1,60.6,56,57.3,57.5,62.3,62.3,60.1,53.3,56.3,51.9,51.1,50.4,51.4,59.5,57.4,46.3,46.9,46.8,57,56.9,56.9,58,57.5,57,57,57.5
06/04/2026 12:15:00,60.8,68.9,62.3,56.8,56.8,46.7,46.7,56.8,56.8,59.7,62.3,59.6,62.9,59.9,62.3,59.4,58.3,60,46.7,46.7,62.3,62.3,61.4,58.3,52.4,56.8,67.1,64.5,64.3,66.1,64.3,27.9,25.6,26.8,59.7,59.6,60.2,57.3,56.8,59.7,56.7,56.8,56.8,51.2,55.1,52.6,56.8,56.8,62.9,62.3,56.8,56.8,62.3,62.3,62.3,59.6,60.2,59.6,59.1,60.4,58.2,56.9,59.3,62.3,62.3,60.2,52.9,56.9,52.3,53.3,52.9,53.6,59.6,56.7,46.7,46.5,47.2,56.1,56,56,57.3,56.8,56.1,56.1,56.8
06/04/2026 12:20:00,59.8,66,61.2,55.8,55.8,46.1,46.1,55.8,55.8,59.7,62.4,59.6,63,60,62.4,59.6,58.8,60.2,46.1,46.1,62.4,62.4,60.6,58.6,53.1,56.3,66.8,64.4,64.3,66.1,64.3,37.2,35.4,36.7,59.7,59.6,60.2,56.3,55.8,59.7,55.7,55.8,55.8,50.8,54.9,52.2,55.8,55.8,63,62.4,55.8,55.8,62.4,62.4,62.4,59.6,60.2,59.6,58.7,61.6,57.8,57.7,58.6,62.4,62.4,60.2,51.2,57.6,53.4,53.4,52.7,53.7,59.6,55.7,48,47.4,48.4,54.2,54.2,54.2,56.3,55.8,54.2,54.2,55.8
06/04/2026 12:25:00,59.8,65.5,61.3,56.3,56.3,44.8,44.8,56.3,56.3,59.6,62.4,59.5,63,59.9,62.4,60.3,59.6,61.1,44.8,44.8,62.4,62.4,60.6,59.2,54.1,57.5,67,64.4,64.2,65.9,64.2,46.4,45.3,46.4,59.6,59.5,60.1,56.9,56.3,59.6,56.3,56.3,56.4,49.9,54.2,51.3,56.3,56.3,63,62.4,56.3,56.3,62.4,62.4,62.4,59.5,60.1,59.5,59.4,61.2,58.5,59.3,59.7,62.4,62.4,60.1,53.4,57.4,51.1,51.9,50.6,52.2,59.5,56.3,47.1,47.9,47.5,51.6,51.6,51.6,56.9,56.3,51.6,51.6,56.3
06/04/2026 12:30:00,59.9,66.1,61.3,56.9,56.9,44.8,44.8,56.9,56.9,59.7,62.4,59.6,62.9,59.7,62.4,59.8,59.4,60.6,44.8,44.8,62.3,62.3,60.5,58.5,52.3,57.1,66.8,64.3,64.2,66,64.2,52.7,53.6,53,59.7,59.6,60.2,57.5,56.9,59.7,56.9,56.9,57,50.4,55,51.8,56.9,56.9,62.9,62.3,56.9,56.9,62.4,62.4,62.3,59.6,60.2,59.6,61.5,62.9,57.9,59.8,59.2,62.3,62.3,60.2,53.6,57.4,51.3,50.6,51.6,51,59.6,56.9,48.1,49,48.5,49.8,49.8,49.8,57.5,56.9,49.8,49.8,56.9
06/04/2026 12:35:00,60.6,67.5,62.1,56.3,56.3,43.9,43.9,56.3,56.3,59.7,62.4,59.6,62.9,59.5,62.4,58.4,58.3,58.9,43.9,43.9,62.3,62.3,58.7,57.1,52.7,56.7,66.7,64.3,64.2,65.9,64.2,57.6,57.2,58.3,59.7,59.6,60.2,56.8,56.3,59.7,56.2,56.3,56.3,51.2,54.7,52.5,56.3,56.3,62.9,62.3,56.3,56.3,62.4,62.4,62.3,59.6,60.2,59.6,61.6,64.1,59.5,60.5,60.3,62.3,62.3,60.2,55.5,59.6,55.1,53.4,51.6,53.7,59.6,56.2,49.7,48.7,50.1,47.5,47.5,47.5,56.8,56.3,47.5,47.5,56.3
06/04/2026 12:40:00,60.2,68,61.6,55.7,55.7,42.4,42.4,55.7,55.7,59.7,62.4,59.6,62.9,59.5,62.4,60.1,61.4,60.8,42.4,42.4,62.3,62.3,57.6,55.9,52.1,56.1,66.7,64.3,64.1,65.8,64.1,53.6,54.4,53.9,59.7,59.6,60.2,56.3,55.7,59.7,55.7,55.7,55.8,52.1,55,53.5,55.7,55.7,62.9,62.3,55.7,55.7,62.4,62.4,62.3,59.6,60.2,59.6,61,63.8,59.7,59.4,60,62.3,62.3,60.2,56.4,59.2,53.1,50,49.2,50.4,59.6,55.7,49.6,46.5,50.1,45.1,45.1,45.1,56.3,55.7,45.1,45.1,55.7
06/04/2026 12:45:00,60.2,66.3,61.6,56.5,56.5,42.5,42.5,56.5,56.5,59.7,62.4,59.6,62.9,59.6,62.4,58.3,59.6,58.8,42.5,42.5,62.3,62.3,51.7,48.2,49.7,52.9,66.6,64.3,64.2,65.9,64.2,45.7,43.9,45.5,59.7,59.6,60.2,57,56.5,59.7,56.4,56.5,56.5,53.3,56.3,54.7,56.5,56.5,62.9,62.3,56.5,56.5,62.4,62.4,62.3,59.6,60.2,59.6,59.6,62.5,59.4,58.6,60.4,62.3,62.3,60.2,54.7,57.1,54.4,50.3,48.1,50.6,59.6,56.4,48.2,44.7,48.7,43.4,43.4,43.4,57,56.5,43.4,43.4,56.5
06/04/2026 12:50:00,60.2,66.4,61.7,56.2,56.2,41.3,41.3,56.2,56.2,59.7,62.4,59.6,62.9,59.4,62.4,59,59.5,59.7,41.3,41.3,62.3,62.3,46,40.4,45.5,51.3,66.7,64.3,64.2,66,64.2,39.2,35.5,38.6,59.7,59.6,60.2,56.7,56.2,59.7,56.1,56.2,56.2,52.1,55.6,53.5,56.2,56.2,62.9,62.3,56.2,56.2,62.4,62.4,62.3,59.6,60.2,59.6,60.8,63,59.3,59.9,60.3,62.3,62.3,60.2,53.5,56.6,53.8,45.5,42.4,46,59.6,56.1,37.6,30.4,38.3,43.3,43.3,43.3,56.7,56.2,43.3,43.3,56.2
06/04/2026 12:55:00,61,67.8,62.5,56,56,41.8,41.8,56,56,59.7,62.3,59.6,62.8,59.4,62.3,58.1,58.7,58.7,41.8,41.8,62.2,62.2,38.1,31.8,41.7,49,66.8,64.4,64.1,66,64.1,35.6,31,34.6,59.7,59.6,60.2,56.6,56,59.7,56,56,56.1,51.4,54.9,52.7,56,56,62.8,62.2,56,56,62.3,62.3,62.2,59.6,60.2,59.6,60.8,63.1,58.3,58.6,59.5,62.2,62.2,60.2,51.6,57.8,56.5,41.1,37.3,41.7,59.6,56,32.3,24,33.2,40.6,40.6,40.6,56.6,56,40.6,40.6,56
06/04/2026 13:00:00,60.5,67.3,62,56.9,56.9,40.5,40.5,56.9,56.9,59.7,62.1,59.6,62.6,59.4,62.1,59.4,59.8,60.2,40.5,40.5,62,62,39.6,33.6,42.1,48.9,66.8,64.4,64.2,65.9,64.2,33.6,29.2,32.5,59.7,59.6,60.2,57.4,56.9,59.7,56.8,56.9,56.9,54.9,57.4,56.3,56.9,56.9,62.6,62,56.9,56.9,62.1,62.1,62,59.6,60.2,59.6,60.4,62,57.7,59.2,59,62,62,60.2,52.6,57.8,54,43.8,40.5,44.3,59.6,56.8,30.4,21.5,31.3,39.1,39.1,39.1,57.4,56.9,39.1,39.1,56.9
06/04/2026 13:05:00,60.8,67.6,62.3,57.4,57.4,41.3,41.3,57.4,57.4,59.7,62,59.6,62.5,59.2,62,59.8,61.1,60.4,41.3,41.3,61.9,61.9,37.7,32,43,48.8,66.7,64.3,64.1,65.7,64.1,31,27.1,29.8,59.7,59.6,60.2,57.9,57.4,59.7,57.3,57.4,57.4,59.2,60.3,60.7,57.4,57.4,62.5,61.9,57.4,57.4,62,62,61.9,59.6,60.2,59.6,61.5,63.3,58.8,59.8,59.9,61.9,61.9,60.2,52.2,59,56.7,39.8,36.4,40.4,59.6,57.3,36.1,28.4,36.8,37.9,37.9,37.9,57.9,57.4,37.9,37.9,57.4
06/04/2026 13:10:00,61,67.6,62.5,57.5,57.5,40.5,40.5,57.5,57.5,59.7,62,59.6,62.6,59.1,62,61.1,62.8,61.8,40.5,40.5,62,62,33.3,26.5,40.4,47.9,66.7,64.4,64.2,66,64.2,30.9,27.9,29.8,59.7,59.6,60.2,58.1,57.5,59.7,57.5,57.5,57.6,59.1,60.4,60.6,57.5,57.5,62.6,62,57.5,57.5,62,62,62,59.6,60.2,59.6,60.3,62,57.5,59.6,58.8,62,62,60.2,51,58.1,54.3,36.8,32.6,37.4,59.6,57.5,34,26.4,34.7,36.6,36.6,36.6,58.1,57.5,36.6,36.6,57.5
06/04/2026 13:15:00,60.9,68.2,62.4,56,56,39.5,39.5,56,56,59.5,62,59.5,62.5,58.8,62,61.6,63.5,62.4,39.5,39.5,61.9,61.9,36.6,30.3,42.1,48.4,66.6,64.2,64.2,66,64.2,32.8,27.8,31.8,59.5,59.5,60.1,56.6,56,59.5,56,56,56.1,58.4,59.1,59.8,56,56,62.5,61.9,56,56,62,62,61.9,59.5,60.1,59.5,60.8,63,56.2,58.2,58,61.9,61.9,60.1,50.8,57.5,54.2,41.1,36.8,41.6,59.5,56,28.2,20.7,29.1,36.2,36.2,36.2,56.6,56,36.2,36.2,56
06/04/2026 13:20:00,60.2,64.9,61.6,53.7,53.7,38.3,38.3,53.7,53.7,59.4,62.1,59.4,62.7,58.6,62.1,60.9,62.1,61.6,38.3,38.3,62,62,35.2,28.2,40.2,47.8,66.8,64.4,64.2,66,64.2,35.1,33.2,34.2,59.4,59.4,60,54.3,53.7,59.4,53.7,53.7,53.8,57.3,57.2,58.8,53.7,53.7,62.7,62,53.7,53.7,62.1,62.1,62,59.4,60,59.4,58.9,61.8,58.7,59.5,59.9,62,62,60,53.6,58.4,53.8,39.4,34.2,40,59.4,53.7,29.8,20.9,30.7,35.1,35.1,35.1,54.3,53.7,35.1,35.1,53.7
06/04/2026 13:25:00,59.9,65.2,61.3,53.5,53.5,37,37,53.5,53.5,59.2,62.1,59.2,62.7,58.1,62.1,60.8,61.5,61.5,37,37,62,62,46.2,41.4,47.1,51.5,66.9,64.5,64.2,66,64.2,48.1,48.6,48.1,59.2,59.2,59.8,54.1,53.5,59.2,53.5,53.5,53.6,58.1,57.5,59.6,53.5,53.5,62.7,62,53.5,53.5,62.1,62.1,62,59.2,59.8,59.2,59.3,61.7,58.7,59.4,59.9,62,62,59.8,54.7,58.7,54.5,41.3,37.2,41.8,59.2,53.5,27.5,19,28.4,33.9,33.9,33.9,54.1,53.5,33.9,33.9,53.5
06/04/2026 13:30:00,59.6,65.7,61,54.5,54.5,35.9,35.9,54.5,54.5,59.3,61.9,59.2,62.6,57.7,61.9,58.7,59.3,59.3,35.9,35.9,61.9,61.9,52.3,49.9,51.4,55.8,67,64.5,64.2,66,64.2,55.7,59.2,56.3,59.3,59.2,59.8,55,54.5,59.3,54.4,54.5,54.5,59.7,58.8,61.2,54.5,54.5,62.6,61.9,54.5,54.5,61.9,61.9,61.9,59.2,59.8,59.2,60,61.6,57.2,59,58.6,61.9,61.9,59.8,52.9,59.4,55.1,46.7,43.3,47.1,59.2,54.4,25.8,17.3,26.8,33,33,33,55,54.5,33,33,54.5
06/04/2026 13:35:00,59.5,65.3,60.9,54.9,54.9,35.4,35.4,54.9,54.9,59.3,62,59.2,62.7,57.6,62,60.3,59.9,60.9,35.4,35.4,62,62,55.8,54.2,52.5,57.3,67,64.5,64.2,66,64.2,58.1,60.8,58.7,59.3,59.2,59.8,55.5,54.9,59.3,54.9,54.9,55,60.3,59.5,61.8,54.9,54.9,62.7,62,54.9,54.9,62,62,62,59.2,59.8,59.2,59.6,61,57.4,58.4,58.7,62,62,59.8,53.6,59,54.5,50.1,47.6,50.4,59.2,54.9,35,27.9,35.7,32,32,32,55.5,54.9,32,32,54.9
06/04/2026 13:40:00,59.6,65.6,61,54.1,54.1,34.8,34.8,54.1,54.1,59.1,62,59,62.7,57.3,62,60.7,60.4,61.4,34.8,34.8,62,62,54.7,53.5,53.3,56.4,66.7,64.2,64.3,66,64.2,55.9,58.9,56.4,59.1,59,59.6,54.7,54.1,59.1,54.1,54.1,54.2,60.8,59.4,62.2,54.1,54.1,62.7,62,54.1,54.1,62,62,62,59,59.6,59,60.9,62.1,60.3,60.1,60.9,62,62,59.6,54.5,59.7,55.9,50.5,47.9,50.8,59,54.1,42.4,39.6,43,30.5,30.5,30.5,54.7,54.1,30.5,30.5,54.1
06/04/2026 13:45:00,59.6,65,61,51.9,51.9,34.5,34.5,51.9,51.9,59.1,62.1,59,62.6,56.8,62.1,58.9,58.6,59.4,34.5,34.5,62,62,56.3,55.6,55.3,57,66.9,64.4,64.2,65.9,64.2,55,56.6,55.4,59.1,59,59.6,52.3,51.9,59.1,51.8,51.9,51.9,62.9,58.8,64.4,51.9,51.9,62.6,62,51.9,51.9,62.1,62.1,62,59,59.6,59,60.2,62.7,61.7,60.9,62.3,62,62,59.6,54.9,59.9,56.3,51.5,51,51.9,59,51.8,45.9,45.4,46.4,29,29,29,52.3,51.9,29,29,51.9
06/04/2026 13:50:00,59.5,64.7,60.9,48.6,48.6,33.5,33.5,48.6,48.6,58.9,62,58.9,62.5,56.1,62,57.5,57.4,57.9,33.5,33.5,61.9,61.9,49.2,46.1,49,52.8,66.8,64.4,64.3,66.1,64.2,46.7,47.7,46.6,58.9,58.9,59.5,49.1,48.6,58.9,48.6,48.6,48.7,60.1,55.8,61.6,48.6,48.6,62.5,61.9,48.6,48.6,62,62,61.9,58.9,59.5,58.9,59.7,62.2,62.7,62.4,63.1,61.9,61.9,59.5,56.9,61.8,59.9,52.4,51.6,52.7,58.9,48.6,42.8,36.6,43.3,27.9,27.9,27.9,49.1,48.6,27.9,27.9,48.6
06/04/2026 13:55:00,60.3,65.6,61.7,45.8,45.8,33,33,45.8,45.8,59.1,62,59,62.5,56,62,59.5,58.7,60.1,33,33,61.9,61.9,42.1,36.8,43.9,49.4,66.8,64.4,64.2,65.9,64.2,40.6,39.7,40.1,59.1,59,59.6,46.3,45.8,59.1,45.8,45.8,45.9,60.3,54.4,61.8,45.8,45.8,62.5,61.9,45.8,45.8,62,62,61.9,59,59.6,59,60.1,62.4,59.6,61.6,60.6,61.9,61.9,59.6,56.4,61.7,57.4,52.6,51.1,52.9,59,45.8,42,34.5,42.5,27.4,27.4,27.4,46.3,45.8,27.4,27.4,45.8
06/04/2026 14:00:00,60.1,65.4,61.6,42.7,42.7,32.7,32.7,42.7,42.7,59.2,61.7,59.1,62.2,56,61.7,59.6,58.3,60.2,32.7,32.7,61.6,61.6,37.9,31.4,41,48.4,66.8,64.5,64.1,65.8,64.1,39.6,38.4,39.1,59.2,59.1,59.7,43.1,42.7,59.2,42.7,42.7,42.8,59.4,52.2,60.9,42.7,42.7,62.2,61.6,42.7,42.7,61.7,61.7,61.6,59.1,59.7,59.1,57.4,59.2,61.9,60.9,62.4,61.6,61.6,59.7,54.3,61,57.6,52.6,53.8,52.9,59.1,42.7,40.8,32.9,41.4,27.8,27.8,27.8,43.1,42.7,27.8,27.8,42.7
06/04/2026 14:05:00,60.3,66,61.7,43.1,43.1,32.4,32.4,43.1,43.1,59.2,61.6,59.1,62.1,55.2,61.6,60.2,59.8,60.9,32.4,32.4,61.5,61.5,35.1,26.9,39.5,46,66.5,64.1,64.2,65.9,64.2,46.3,44.7,46.2,59.2,59.1,59.7,43.5,43.1,59.2,43.1,43.1,43.2,45.1,44.3,46.4,43.1,43.1,62.1,61.5,43.1,43.1,61.6,61.6,61.5,59.1,59.7,59.1,58.4,59.9,62.6,62.9,63,61.5,61.5,59.7,57.6,62.6,59,54.5,55.2,54.7,59.1,43.1,33,24.4,33.7,26.8,26.8,26.8,43.5,43.1,26.8,26.8,43.1
06/04/2026 14:10:00,59.5,64.9,60.9,44.8,44.8,32.2,32.2,44.8,44.8,59.1,61.6,59,62.2,54.4,61.6,58.8,58.3,59.3,32.2,32.2,61.6,61.6,34.5,26.9,38.2,46.6,66.6,64.3,64.3,66,64.2,53.8,55.2,54.3,59.1,59,59.6,45.3,44.8,59.1,44.8,44.8,44.9,51.4,48.8,52.7,44.8,44.8,62.2,61.6,44.8,44.8,61.6,61.6,61.6,59,59.6,59,58.8,60.8,62.5,63.2,62.8,61.6,61.6,59.6,58,63.1,60.6,54.7,55.8,54.9,59,44.8,28.9,20.1,29.8,26,26,26,45.3,44.8,26,26,44.8
06/04/2026 14:15:00,59.7,64.4,61.1,41.9,41.9,30.9,30.9,41.9,41.9,58.9,61.5,58.8,62.1,53.7,61.5,57.8,56.7,58.3,30.9,30.9,61.5,61.5,34.6,27.8,40.2,47.3,66.5,64.1,64.3,66,64.3,52.1,52.7,52.4,58.9,58.8,59.4,42.3,41.9,58.9,41.9,41.9,42,53.5,48.5,54.9,41.9,41.9,62.1,61.5,41.9,41.9,61.5,61.5,61.5,58.8,59.4,58.8,58.6,60.4,59.3,61,60.3,61.5,61.5,59.4,58.8,62.3,58.7,54.9,55.6,55.1,58.8,41.9,27.7,19,28.6,25.3,25.3,25.3,42.3,41.9,25.3,25.3,41.9
06/04/2026 14:20:00,60.1,64.7,61.6,41.1,41.1,30.2,30.2,41.1,41.1,58.8,61.5,58.7,62.1,52.5,61.5,57.2,55.8,57.6,30.2,30.2,61.5,61.5,32.9,25.9,40.7,47.6,66.6,64.2,64.2,66,64.2,49.7,49.6,49.7,58.8,58.7,59.3,41.5,41.1,58.8,41.1,41.1,41.2,56.9,49.7,58.4,41.1,41.1,62.1,61.5,41.1,41.1,61.5,61.5,61.5,58.7,59.3,58.7,59,61.3,61.7,62.6,62.7,61.5,61.5,59.3,61.3,64,60.4,55.8,57,56.1,58.7,41.1,26.2,18.4,27.2,24.3,24.3,24.3,41.5,41.1,24.3,24.3,41.1
06/04/2026 14:25:00,59.7,64.6,61.1,41.8,41.8,29.1,29.1,41.8,41.8,58.8,61.5,58.7,62.1,51.6,61.5,58.1,56.5,58.6,29.1,29.1,61.5,61.5,29.9,23.2,39.2,47.7,66.6,64.2,64.2,65.9,64.2,54.7,56.1,55.1,58.8,58.7,59.3,42.2,41.8,58.8,41.8,41.8,41.9,58.2,50.7,59.6,41.8,41.8,62.1,61.5,41.8,41.8,61.5,61.5,61.5,58.7,59.3,58.7,59.3,61.2,62.6,62.7,62.4,61.5,61.5,59.3,61.2,65.3,61.2,56.9,58,57.1,58.7,41.8,26.7,19.3,27.7,22.9,22.9,22.9,42.2,41.8,22.9,22.9,41.8
06/04/2026 14:30:00,59.4,64.9,60.8,40.7,40.7,28.5,28.5,40.7,40.7,58.7,61.4,58.6,62,50.1,61.4,59.4,58.2,59.9,28.5,28.5,61.4,61.4,31.8,24.9,39.4,46.8,66.8,64.3,64.3,65.9,64.2,55.7,57.8,56.2,58.7,58.6,59.2,41.1,40.7,58.7,40.7,40.7,40.8,58.9,50.6,60.3,40.7,40.7,62,61.4,40.7,40.7,61.4,61.4,61.4,58.6,59.2,58.6,60.2,62.3,62.2,63.6,63.1,61.4,61.4,59.2,63.1,65.2,61,56.7,58.5,56.8,58.6,40.7,27.9,19.5,28.8,22.4,22.4,22.4,41.1,40.7,22.4,22.4,40.7
06/04/2026 14:35:00,59.6,65.1,61,39.7,39.7,28,28,39.7,39.7,58.5,61.3,58.4,61.9,49.6,61.3,56.9,56.8,57.3,28,28,61.3,61.3,32.5,25.3,40.7,46.6,66.7,64.3,64.2,66,64.2,54.7,56.6,55.2,58.5,58.4,59,40.1,39.7,58.5,39.7,39.7,39.8,59,50.3,60.5,39.7,39.7,61.9,61.3,39.7,39.7,61.3,61.3,61.3,58.4,59,58.4,61.6,63.6,64,64.8,64.5,61.3,61.3,59,63,65.5,61.6,58,60,58.1,58.4,39.7,30.5,22.5,31.4,21.5,21.5,21.5,40.1,39.7,21.5,21.5,39.7
06/04/2026 14:40:00,59.9,66.9,61.4,39.5,39.5,27.1,27.1,39.5,39.5,58.2,61.2,58.1,61.8,48.4,61.2,56.2,55.4,56.6,27.1,27.1,61.2,61.2,31.9,24.5,38.6,46.7,66.8,64.3,64.2,65.9,64.2,52.7,55,53,58.2,58.1,58.7,39.9,39.5,58.2,39.5,39.5,39.6,60.3,51.3,61.7,39.5,39.5,61.8,61.2,39.5,39.5,61.2,61.2,61.2,58.1,58.7,58.1,62.7,63.8,64.3,64.7,64.1,61.2,61.2,58.7,63.4,65.7,61.2,57.3,59,57.4,58.1,39.5,25.3,15.8,26.3,20.9,20.9,20.9,39.9,39.5,20.9,20.9,39.5
06/04/2026 14:45:00,60.2,67.7,61.7,39.2,39.2,26,26,39.2,39.2,57.8,61.2,57.8,61.8,46.9,61.2,58,57.3,58.5,26,26,61.2,61.2,31.1,23.5,37.2,46.5,66.7,64.3,64.2,65.9,64.2,57.2,59.3,57.8,57.8,57.8,58.4,39.6,39.2,57.8,39.2,39.2,39.3,61.4,51.5,62.9,39.2,39.2,61.8,61.2,39.2,39.2,61.2,61.2,61.2,57.8,58.4,57.8,62.2,64.8,65.4,65.3,65.1,61.2,61.2,58.4,62.6,65.1,60.5,54.8,56.5,55,57.8,39.2,22.6,12.7,23.7,20.9,20.9,20.9,39.6,39.2,20.9,20.9,39.2
06/04/2026 14:50:00,60,66.6,61.5,38.7,38.7,25.6,25.6,38.7,38.7,57.5,61.1,57.4,61.7,45.6,61.1,58,56.9,58.4,25.6,25.6,61.1,61.1,33.9,26.8,39.4,47.6,66.6,64.3,64.2,66,64.2,54.5,53.9,54.9,57.5,57.4,58,39.1,38.7,57.5,38.7,38.7,38.8,60.4,50.5,61.9,38.7,38.7,61.7,61.1,38.7,38.7,61.1,61.1,61.1,57.4,58,57.4,63.2,64.4,65.5,64.8,65.1,61.1,61.1,58,57.9,63.6,60.1,53.7,54.2,53.9,57.4,38.7,22.1,12.6,23.2,20.1,20.1,20.1,39.1,38.7,20.1,20.1,38.7
06/04/2026 14:55:00,60.4,66.7,61.8,40.3,40.3,25.4,25.4,40.3,40.3,57.3,61.1,57.2,61.7,44.7,61.1,57,57,57.5,25.4,25.4,61.1,61.1,33.4,26.4,40,47.6,66.7,64.3,64.2,66,64.2,51.7,49.6,52,57.3,57.2,57.8,40.7,40.3,57.3,40.3,40.3,40.4,60,51.4,61.4,40.3,40.3,61.7,61.1,40.3,40.3,61.1,61.1,61.1,57.2,57.8,57.2,63.6,65.2,64.1,64,64.1,61.1,61.1,57.8,59.1,63.8,60.3,52.3,52,52.5,57.2,40.3,21.3,11.3,22.4,19.7,19.7,19.7,40.7,40.3,19.7,19.7,40.3
06/04/2026 15:00:00,59.7,66.2,61.1,41,41,24.7,24.7,41,41,57.4,61,57.3,61.6,43.7,61,57.5,57.6,57.9,24.7,24.7,61,61,33.3,27.1,41.2,47.7,66.7,64.4,64.1,65.8,64.1,39.5,33.6,39,57.4,57.3,57.9,41.4,41,57.4,41,41,41.1,59.2,51.1,60.7,41,41,61.6,61,41,41,61,61,61,57.3,57.9,57.3,63.8,65.5,63.1,64.7,63.6,61,61,57.9,60.4,64,60.4,42.3,41.7,42.9,57.3,41,22.7,13.1,23.8,19.5,19.5,19.5,41.4,41,19.5,19.5,41
06/04/2026 15:05:00,59,64.2,60.4,42,42,24.6,24.6,42,42,57.4,60.8,57.4,61.4,42.6,60.8,58.8,58.1,59.4,24.6,24.6,60.8,60.8,31.3,24.2,38.3,47.2,66.9,64.5,64.1,65.9,64.1,32.6,23.7,31.6,57.4,57.4,58,42.4,42,57.4,42,42,42.1,59.5,51.5,61,42,42,61.4,60.8,42,42,60.8,60.8,60.8,57.4,58,57.4,63.3,64.6,67,66.1,66.5,60.8,60.8,58,63.2,66,60.6,39.4,37.7,40,57.4,42,20.8,10.9,22,19.3,19.3,19.3,42.4,42,19.3,19.3,42
06/04/2026 15:10:00,59.6,65.4,61,41.6,41.6,24.4,24.4,41.6,41.6,57.3,60.8,57.2,61.4,41.8,60.8,57.9,56.5,58.4,24.4,24.4,60.8,60.8,30.9,23.9,38.8,46.2,67,64.6,64.2,65.9,64.2,32.5,23.7,31.4,57.3,57.2,57.8,42,41.6,57.3,41.6,41.6,41.7,60,52.1,61.5,41.6,41.6,61.4,60.8,41.6,41.6,60.8,60.8,60.8,57.2,57.8,57.2,63.8,65,65.6,66.2,65.6,60.8,60.8,57.8,62.2,65.2,60.7,41.8,40.3,42.4,57.2,41.6,20.7,10.5,21.9,18.9,18.9,18.9,42,41.6,18.9,18.9,41.6
06/04/2026 15:15:00,58.8,65,60.1,40.4,40.4,24.3,24.3,40.4,40.4,57,60.6,56.9,61.2,40.6,60.6,57.8,56,58.4,24.3,24.3,60.6,60.6,29.8,22.8,37.8,46.2,67.1,64.6,64.1,65.9,64.1,32.7,25.4,31.6,57,56.9,57.5,40.8,40.4,57,40.4,40.4,40.5,60.3,51.7,61.8,40.4,40.4,61.2,60.6,40.4,40.4,60.6,60.6,60.6,56.9,57.5,56.9,63.4,65.2,65.6,65.6,65.5,60.6,60.6,57.5,62.1,64.9,60.4,46.6,46.2,47,56.9,40.4,21.6,11.9,22.8,18.3,18.3,18.3,40.8,40.4,18.3,18.3,40.4
06/04/2026 15:20:00,59.6,65.9,61,39.4,39.4,23.8,23.8,39.4,39.4,56.8,60.6,56.7,61.2,39.6,60.6,56.4,55.4,56.8,23.8,23.8,60.6,60.6,29.4,22.7,37,46.1,67,64.6,64.1,66,64.1,33.1,26.5,32,56.8,56.7,57.3,39.8,39.4,56.8,39.4,39.4,39.5,61.1,52.4,62.6,39.4,39.4,61.2,60.6,39.4,39.4,60.6,60.6,60.6,56.7,57.3,56.7,62.1,64.7,66,65.1,65.6,60.6,60.6,57.3,60.3,64.4,60.8,42,40.8,42.6,56.7,39.4,19.6,9.8,20.8,18.2,18.2,18.2,39.8,39.4,18.2,18.2,39.4
06/04/2026 15:25:00,59.9,67.2,61.3,38.8,38.8,23.7,23.7,38.8,38.8,56.6,60.6,56.5,61.2,39,60.6,53.3,52.6,53.5,23.7,23.7,60.6,60.6,32.2,26.2,40,47.3,66.9,64.5,64.2,66,64.2,34.8,28.6,33.8,56.6,56.5,57.1,39.2,38.8,56.6,38.8,38.8,38.9,58.6,49.8,60.1,38.8,38.8,61.2,60.6,38.8,38.8,60.6,60.6,60.6,56.5,57.1,56.5,61.9,63.9,64.6,64.8,64.5,60.6,60.6,57.1,61.7,65.9,60.4,39.5,37.5,39.8,56.5,38.8,20.4,10.2,21.6,17.7,17.7,17.7,39.2,38.8,17.7,17.7,38.8
06/04/2026 15:30:00,60.2,66.1,61.6,38.4,38.4,23.4,23.4,38.4,38.4,56.4,60.5,56.3,61.1,38.6,60.5,52,49.8,52.3,23.4,23.4,60.5,60.5,31.7,25.6,39.4,47.3,67,64.5,64.1,65.9,64,41.2,38.3,40.7,56.4,56.3,56.9,38.8,38.4,56.4,38.4,38.4,38.5,59.2,50.1,60.6,38.4,38.4,61.1,60.5,38.4,38.4,60.5,60.5,60.5,56.3,56.9,56.3,61.5,64,67,66.8,65.5,60.5,60.5,56.9,61.2,66.3,61,37,34.5,37.2,56.3,38.4,20.2,10,21.3,17.6,17.6,17.6,38.8,38.4,17.6,17.6,38.4
06/04/2026 15:35:00,59.1,64.8,60.4,37.9,37.9,23.3,23.3,37.9,37.9,56.2,60.5,56.2,61.1,38.1,60.5,52.6,51.3,52.8,23.3,23.3,60.5,60.5,30.9,24,38.4,46.8,66.5,64.2,64.1,65.8,64,53.2,52.3,53.7,56.2,56.2,56.8,38.3,37.9,56.2,37.9,37.9,38,61.7,51.1,63.2,37.9,37.9,61.1,60.5,37.9,37.9,60.5,60.5,60.5,56.2,56.8,56.2,62.4,64.3,67.6,67.1,65.2,60.5,60.5,56.8,61.3,66.3,59,40.4,38.3,40.5,56.2,37.9,20.3,10.3,21.5,17.3,17.3,17.3,38.3,37.9,17.3,17.3,37.9
06/04/2026 15:40:00,59.5,65.7,60.8,37,37,22.7,22.7,37,37,55.7,60.4,55.6,61,37.2,60.4,55.3,54.6,55.6,22.7,22.7,60.4,60.4,31,24.3,39.2,46.8,66.9,64.6,64.1,65.8,64.1,57.7,58.7,58.4,55.7,55.6,56.2,37.4,37,55.7,37,37,37.1,62.2,51.5,63.7,37,37,61,60.4,37,37,60.4,60.4,60.4,55.6,56.2,55.6,62.2,64.6,69.1,67.6,66.8,60.4,60.4,56.2,63.5,66.9,60.8,43.3,42.3,43.8,55.6,37,20.6,10.7,21.8,17.1,17.1,17.1,37.4,37,17.1,17.1,37
06/04/2026 15:45:00,60.4,67.3,61.8,36.6,36.6,22.1,22.1,36.6,36.6,55.1,60.2,55,60.8,36.8,60.2,55.7,54.6,55.9,22.1,22.1,60.2,60.2,30.8,23,39,46.5,66.8,64.6,64.2,66,64.2,57,58.9,57.6,55.1,55,55.6,37,36.6,55.1,36.6,36.6,36.7,63.6,52.6,65.1,36.6,36.6,60.8,60.2,36.6,36.6,60.2,60.2,60.2,55,55.6,55,62.2,63.8,67,66.3,65.8,60.2,60.2,55.6,60.5,66,60.4,39.4,38.4,40,55,36.6,19.1,8.9,20.3,16.8,16.8,16.8,37,36.6,16.8,16.8,36.6
06/04/2026 15:50:00,60.2,67.2,61.7,35.8,35.8,22,22,35.8,35.8,54.2,60.1,54.2,60.7,36,60.1,57.4,56.5,57.8,22,22,60.1,60.1,32.6,24.4,38.7,46.8,66.9,64.4,64.2,65.9,64.2,57.2,57.7,57.9,54.2,54.2,54.8,36.2,35.8,54.2,35.8,35.8,35.9,62.9,52.4,64.4,35.8,35.8,60.7,60.1,35.8,35.8,60.1,60.1,60.1,54.2,54.8,54.2,62.3,64.2,67.5,67.2,66.3,60.1,60.1,54.8,62,65.6,60,40.8,37,41,54.2,35.8,18.6,8.7,19.9,16.5,16.5,16.5,36.2,35.8,16.5,16.5,35.8
06/04/2026 15:55:00,60.4,66.8,61.8,35.8,35.8,22.1,22.1,35.8,35.8,53.9,60.2,53.9,60.8,36,60.2,57.3,55.9,57.7,22.1,22.1,60.2,60.2,32.6,24.3,37.9,46.2,66.9,64.4,64.2,66,64.2,58.4,59.6,59.1,53.9,53.9,54.5,36.2,35.8,53.9,35.8,35.8,35.9,63.4,50.5,64.9,35.8,35.8,60.8,60.2,35.8,35.8,60.2,60.2,60.2,53.9,54.5,53.9,60.8,62.6,71.1,69.3,68.1,60.2,60.2,54.5,61.8,66.1,60.2,45.4,43,45.4,53.9,35.8,19,9.1,20.2,16.4,16.4,16.4,36.2,35.8,16.4,16.4,35.8
06/04/2026 16:00:00,60.8,66.2,62.3,36,36,22.4,22.4,36,36,54.2,60.2,54.1,60.8,36.2,60.2,58,54.7,58.5,22.4,22.4,60.2,60.2,32,24,37.8,46.1,67,64.6,64.2,66.1,64.2,60.7,62.5,61.6,54.2,54.1,54.7,36.4,36,54.2,36,36,36.1,63.4,50.9,64.9,36,36,60.8,60.2,36,36,60.2,60.2,60.2,54.1,54.7,54.1,62.9,64.9,71.2,69.7,68.1,60.2,60.2,54.7,62.8,66.6,60.5,47.4,48.1,47.8,54.1,36,19.1,8.9,20.3,16.2,16.2,16.2,36.4,36,16.2,16.2,36
06/04/2026 16:05:00,59.5,63.6,60.9,35.8,35.8,22,22,35.8,35.8,54.5,60.3,54.4,60.8,36,60.3,52.3,46.4,52.3,22,22,60.2,60.2,32.2,24.8,39.2,46.6,67.1,64.6,64.2,65.9,64.2,60.9,63,61.8,54.5,54.4,55,36.2,35.8,54.5,35.8,35.8,35.9,62.1,50.6,63.6,35.8,35.8,60.8,60.2,35.8,35.8,60.3,60.3,60.2,54.4,55,54.4,62.1,63.4,68.1,67.4,66.8,60.2,60.2,55,62.3,65.2,60.5,50.7,51.3,51,54.4,35.8,20.2,9.9,21.3,16.3,16.3,16.3,36.2,35.8,16.3,16.3,35.8
06/04/2026 16:10:00,60.1,63.2,61.5,34.8,34.8,22,22,34.8,34.8,54.6,60,54.6,60.6,35,60,45.6,37.4,45.2,22,22,60,60,32.5,25.6,38.3,47.1,67.1,64.6,64.1,65.8,64.1,62.6,65.1,63.5,54.6,54.6,55.2,35.2,34.8,54.6,34.8,34.8,34.9,63,50.7,64.5,34.8,34.8,60.6,60,34.8,34.8,60,60,60,54.6,55.2,54.6,61.9,63.9,68.4,68.2,66.5,60,60,55.2,61.7,66,61.4,52.7,53.6,53,54.6,34.8,19.2,9.1,20.4,16,16,16,35.2,34.8,16,16,34.8
06/04/2026 16:15:00,59.9,61.9,61.3,34.3,34.3,21.5,21.5,34.3,34.3,54.3,60,54.2,60.5,34.5,60,43.8,35.1,43.3,21.5,21.5,59.9,59.9,33.7,27.2,39.7,48,67,64.5,64.1,65.8,64.1,63.3,65.8,64.3,54.3,54.2,54.8,34.7,34.3,54.3,34.3,34.3,34.4,63.1,51.5,64.6,34.3,34.3,60.5,59.9,34.3,34.3,60,60,59.9,54.2,54.8,54.2,63.1,65.1,69.4,68.5,68.2,59.9,59.9,54.8,62.6,66,61.6,52.9,54.5,53.1,54.2,34.3,19,9,20.2,15.9,15.9,15.9,34.7,34.3,15.9,15.9,34.3
06/04/2026 16:20:00,60,62.4,61.5,34,34,21.8,21.8,34,34,53.9,59.9,53.9,60.5,34.2,59.9,39.7,30.9,38.6,21.8,21.8,59.9,59.9,33.2,26.3,39.8,46.7,66.8,64.4,64.1,65.8,64.1,64,66.3,65.1,53.9,53.9,54.5,34.3,34,53.9,34,34,34.1,62.8,50,64.3,34,34,60.5,59.9,34,34,59.9,59.9,59.9,53.9,54.5,53.9,63.7,65.4,67.7,67.1,67,59.9,59.9,54.5,64.6,66.7,62.4,53.1,55.2,53.3,53.9,34,19.8,9.8,21,15.4,15.4,15.4,34.3,34,15.4,15.4,34
06/04/2026 16:25:00,60.3,62.6,61.8,34,34,21.6,21.6,34,34,53.4,59.9,53.4,60.5,34.2,59.9,38.8,31.5,38,21.6,21.6,59.9,59.9,33.5,26.4,39.1,46.2,66.5,64.3,64.1,65.7,64.1,64.4,66.9,65.5,53.4,53.4,53.9,34.3,34,53.4,34,34,34.1,65.4,51.6,66.9,34,34,60.5,59.9,34,34,59.9,59.9,59.9,53.4,53.9,53.4,60.7,62.8,67.9,67.7,67.5,59.9,59.9,53.9,63.7,67.5,62.5,54.4,56.8,54.6,53.4,34,19.7,9.6,20.9,15.2,15.2,15.2,34.3,34,15.2,15.2,34
06/04/2026 16:30:00,60.2,61.8,61.7,33.8,33.8,22.1,22.1,33.8,33.8,53.8,60,53.8,60.5,34,60,39.4,32.5,38.7,22.1,22.1,59.9,59.9,34.6,27.9,38.6,46.5,66.7,64.3,64.1,65.8,64.1,62.6,65.6,63.6,53.8,53.8,54.4,34.2,33.8,53.8,33.8,33.8,33.9,65.4,49.9,67,33.8,33.8,60.5,59.9,33.8,33.8,60,60,59.9,53.8,54.4,53.8,62.6,64.7,69.5,68.2,67.8,59.9,59.9,54.4,60.5,66.8,62.5,55,57.6,55.2,53.8,33.8,18.8,8.7,20.1,14.9,14.9,14.9,34.2,33.8,14.9,14.9,33.8
06/04/2026 16:35:00,60,60.6,61.4,33,33,22.1,22.1,33,33,53.7,59.8,53.7,60.4,33.2,59.8,39.6,33.5,38.9,22.1,22.1,59.8,59.8,33.7,26.4,38.8,45.8,66.8,64.4,64.2,65.9,64.2,63.1,65.4,64.1,53.7,53.7,54.2,33.3,33,53.7,33,33,33.1,64.9,50.9,66.4,33,33,60.4,59.8,33,33,59.8,59.8,59.8,53.7,54.2,53.7,61.1,63.1,69.7,68.4,67.5,59.8,59.8,54.2,65,68,63,55.4,57.9,55.6,53.7,33,18.5,8.4,19.7,14.7,14.7,14.7,33.3,33,14.7,14.7,33
06/04/2026 16:40:00,59.6,59.6,61,33.1,33.1,22,22,33.1,33.1,53.2,59.6,53.1,60.2,33.3,59.6,43.9,38.7,43.5,22,22,59.6,59.6,31.3,23.6,35.6,45.8,66.9,64.5,64.3,66,64.2,62.9,65.2,63.8,53.2,53.1,53.6,33.4,33.1,53.2,33.1,33.1,33.2,64.1,49.1,65.6,33.1,33.1,60.2,59.6,33.1,33.1,59.6,59.6,59.6,53.1,53.6,53.1,63.6,65.2,71,69.7,69.2,59.6,59.6,53.6,64.5,67.8,63.1,55,57.4,55.2,53.1,33.1,19.4,9.2,20.6,14.6,14.6,14.6,33.4,33.1,14.6,14.6,33.1
06/04/2026 16:45:00,59.4,59.7,60.8,32.4,32.4,21.4,21.4,32.4,32.4,52.5,59.4,52.5,60,32.6,59.4,48,43.9,47.9,21.4,21.4,59.4,59.4,31.5,23.4,37.6,45.7,67,64.5,64.2,65.9,64.2,60.4,63.2,61.2,52.5,52.5,53,32.7,32.4,52.5,32.4,32.4,32.5,63.9,48.4,65.4,32.4,32.4,60,59.4,32.4,32.4,59.4,59.4,59.4,52.5,53,52.5,63.7,65.6,68.7,68.5,67.7,59.4,59.4,53,64.2,67,62.5,55.3,58.3,55.5,52.5,32.4,18.7,8.5,19.9,14.5,14.5,14.5,32.7,32.4,14.5,14.5,32.4
06/04/2026 16:50:00,59.5,60,60.9,32.5,32.5,21.4,21.4,32.5,32.5,52,59.4,52,60,32.7,59.4,55,52.9,55.4,21.4,21.4,59.4,59.4,32.4,25,38.1,46.6,66.8,64.5,64.2,66,64.2,62.3,65.8,63.3,52,52,52.5,32.8,32.5,52,32.5,32.5,32.6,64.1,49.6,65.6,32.5,32.5,60,59.4,32.5,32.5,59.4,59.4,59.4,52,52.5,52,64.4,65.4,70.1,68.5,68.4,59.4,59.4,52.5,63.3,66.9,61.9,55.5,58.6,55.6,52,32.5,18.6,8.5,19.8,14.2,14.2,14.2,32.8,32.5,14.2,14.2,32.5
06/04/2026 16:55:00,59.9,60.3,61.3,32.5,32.5,21.8,21.8,32.5,32.5,51.9,59.5,51.9,60.1,32.7,59.5,59.1,57.6,59.8,21.8,21.8,59.5,59.5,33,26.3,38.1,47.8,67.1,64.5,64.2,65.9,64.2,60.8,63.6,61.7,51.9,51.9,52.4,32.8,32.5,51.9,32.5,32.5,32.6,65.1,48.6,66.7,32.5,32.5,60.1,59.5,32.5,32.5,59.5,59.5,59.5,51.9,52.4,51.9,65.4,66.6,72.8,70.8,69.7,59.5,59.5,52.4,64.6,67.9,63.2,55.1,58.3,55.3,51.9,32.5,19.3,9,20.5,14.3,14.3,14.3,32.8,32.5,14.3,14.3,32.5
06/04/2026 17:00:00,60,60.6,61.4,32.6,32.6,22.6,22.6,32.6,32.6,52.2,59.6,52.2,60.1,32.8,59.6,59.1,58,59.6,22.6,22.6,59.5,59.5,32.3,26.5,39.8,47.9,67,64.5,64.2,66,64.2,58.3,59.9,59,52.2,52.2,52.7,32.9,32.6,52.2,32.6,32.6,32.7,64.7,49.9,66.2,32.6,32.6,60.1,59.5,32.6,32.6,59.6,59.6,59.5,52.2,52.7,52.2,63.4,65.9,70.5,68.5,67.8,59.5,59.5,52.7,63.4,66.6,63.2,55.5,58.4,55.7,52.2,32.6,19.4,9.1,20.6,14.3,14.3,14.3,32.9,32.6,14.3,14.3,32.6
06/04/2026 17:05:00,59.6,60.2,61,32.4,32.4,22.6,22.6,32.4,32.4,52.4,59.7,52.4,60.2,32.6,59.7,60.7,59.8,61.3,22.6,22.6,59.6,59.6,34.3,28,41.6,49,66.9,64.4,64.1,65.8,64.1,61,62.1,61.8,52.4,52.4,52.9,32.7,32.4,52.4,32.4,32.4,32.5,62.5,45.5,64,32.4,32.4,60.2,59.6,32.4,32.4,59.7,59.7,59.6,52.4,52.9,52.4,64.2,66.3,71.7,69.9,69.9,59.6,59.6,52.9,65.2,68,63.1,56.4,59.3,56.5,52.4,32.4,19.4,9.1,20.6,13.8,13.8,13.8,32.7,32.4,13.8,13.8,32.4
06/04/2026 17:10:00,59.2,59.6,60.5,31.6,31.6,22.8,22.8,31.6,31.6,51.5,59.4,51.4,60,31.8,59.4,49.2,42.8,49.1,22.8,22.8,59.4,59.4,33.6,28,40.8,49.2,66.8,64.4,64.2,66,64.2,59.8,62.4,60.6,51.5,51.4,51.9,31.9,31.6,51.5,31.6,31.6,31.7,62.6,44,64.1,31.6,31.6,60,59.4,31.6,31.6,59.4,59.4,59.4,51.4,51.9,51.4,64.2,66.1,71.8,70.6,68.6,59.4,59.4,51.9,65.1,69,63.3,56.5,58.8,56.6,51.4,31.6,18.4,8.3,19.7,13.9,13.9,13.9,31.9,31.6,13.9,13.9,31.6
06/04/2026 17:15:00,59,59.4,60.4,30.8,30.8,22.2,22.2,30.8,30.8,49.5,58.9,49.5,59.5,31,58.9,50.2,44,50.2,22.2,22.2,58.9,58.9,33.9,27.9,39.5,49.8,66.9,64.4,64.1,66,64.1,59,60.2,59.7,49.5,49.5,50,31.1,30.8,49.5,30.8,30.8,30.9,63.1,43.7,64.6,30.8,30.8,59.5,58.9,30.8,30.8,58.9,58.9,58.9,49.5,50,49.5,61.4,63.8,71.4,69.5,68.3,58.9,58.9,50,65.3,68.3,63.2,57.5,59.4,57.5,49.5,30.8,19.2,8.8,20.4,13.7,13.7,13.7,31.1,30.8,13.7,13.7,30.8
06/04/2026 17:20:00,58.9,58.4,60.2,30.7,30.7,22.4,22.4,30.7,30.7,48.2,58.3,48.2,58.9,30.9,58.3,54.6,50.3,54.9,22.4,22.4,58.3,58.3,35.5,29.8,41.7,49.9,66.8,64.3,64.2,66.1,64.2,50.5,49.5,50.8,48.2,48.2,48.7,31,30.7,48.2,30.7,30.7,30.8,62.9,40.2,64.4,30.7,30.7,58.9,58.3,30.7,30.7,58.3,58.3,58.3,48.2,48.7,48.2,61.2,63.1,73.8,70.9,70.5,58.3,58.3,48.7,65.6,69.2,63.7,56.7,57.5,56.7,48.2,30.7,18.8,8.6,20,13.6,13.6,13.6,31,30.7,13.6,13.6,30.7
06/04/2026 17:25:00,58.8,58.5,60.1,31.2,31.2,22.6,22.6,31.2,31.2,46.5,58,46.5,58.6,31.4,58,58.3,55.8,58.9,22.6,22.6,58,58,34.1,28.8,41.3,48.3,66.8,64.4,64.2,66,64.2,50.7,49.7,50.9,46.5,46.5,47,31.5,31.2,46.5,31.2,31.2,31.3,63,40.4,64.5,31.2,31.2,58.6,58,31.2,31.2,58,58,58,46.5,47,46.5,62.4,64.2,71.3,70.1,69.1,58,58,47,65,68.8,62.9,56.4,57.4,56.4,46.5,31.2,19.4,9.3,20.6,13.6,13.6,13.6,31.5,31.2,13.6,13.6,31.2
06/04/2026 17:30:00,59.3,60.2,60.7,30.6,30.6,22.9,22.9,30.6,30.6,46.4,58,46.4,58.6,30.8,58,60.4,58.5,61.2,22.9,22.9,58,58,35,30.2,41.7,50.3,66.7,64.4,64.1,65.9,64.1,52.8,51.9,53.1,46.4,46.4,46.9,30.9,30.6,46.4,30.6,30.6,30.7,63,39.2,64.5,30.6,30.6,58.6,58,30.6,30.6,58,58,58,46.4,46.9,46.4,63.2,65.2,71.5,70.9,69.5,58,58,46.9,65.8,69.2,63.9,55.5,58.4,55.6,46.4,30.6,18.6,8,19.8,13.4,13.4,13.4,30.9,30.6,13.4,13.4,30.6
06/04/2026 17:35:00,59.9,61.2,61.3,30.1,30.1,23.3,23.3,30.1,30.1,46.1,58.2,46.1,58.8,30.3,58.2,62.4,61.5,63.4,23.3,23.3,58.2,58.2,34.5,29.6,42.4,50.5,66.9,64.5,64.1,65.9,64.1,47.3,46.5,47.1,46.1,46.1,46.6,30.4,30.1,46.1,30.1,30.1,30.2,63.3,38,64.9,30.1,30.1,58.8,58.2,30.1,30.1,58.2,58.2,58.2,46.1,46.6,46.1,65.1,66.7,70.7,70.3,69.4,58.2,58.2,46.6,66.9,69.6,65.4,54.6,58,54.7,46.1,30.1,19.5,9.4,20.7,13.6,13.6,13.6,30.4,30.1,13.6,13.6,30.1
06/04/2026 17:40:00,60.3,62,61.7,30.4,30.4,23.6,23.6,30.4,30.4,46.6,58.4,46.6,59,30.6,58.4,60.8,59.8,61.5,23.6,23.6,58.4,58.4,36.7,31.5,42.4,50.5,66.9,64.3,64.1,65.8,64.1,54.2,53.9,54.6,46.6,46.6,47.1,30.7,30.4,46.6,30.4,30.4,30.5,63.2,36.6,64.7,30.4,30.4,59,58.4,30.4,30.4,58.4,58.4,58.4,46.6,47.1,46.6,65.2,67.6,72.4,71.7,70.2,58.4,58.4,47.1,65.3,68.3,63.4,55,58.1,55.2,46.6,30.4,18.8,8.6,20,13.6,13.6,13.6,30.7,30.4,13.6,13.6,30.4
06/04/2026 17:45:00,59.9,61.4,61.3,30.4,30.4,24,24,30.4,30.4,46.9,58.4,46.9,59,30.6,58.4,60.7,60.2,61.5,24,24,58.4,58.4,36.5,31.6,43.1,50.6,67.1,64.5,64.1,65.9,64.1,58.9,60.4,59.7,46.9,46.9,47.4,30.7,30.4,46.9,30.4,30.4,30.5,63.2,36.6,64.7,30.4,30.4,59,58.4,30.4,30.4,58.4,58.4,58.4,46.9,47.4,46.9,65.3,67.1,70,70,67.9,58.4,58.4,47.4,65.6,69.2,63.9,55.6,58.8,55.8,46.9,30.4,18.9,8.7,20.1,13.5,13.5,13.5,30.7,30.4,13.5,13.5,30.4
06/04/2026 17:50:00,59.9,60.4,61.3,30.9,30.9,24.2,24.2,30.9,30.9,47.7,58.7,47.7,59.3,31.1,58.7,62.7,62.4,63.5,24.2,24.2,58.7,58.7,35.9,30.6,42.7,50.9,67,64.5,64.2,66,64.2,61.6,64.7,62.5,47.7,47.7,48.2,31.2,30.9,47.7,30.9,30.9,31,63.2,37.1,64.7,30.9,30.9,59.3,58.7,30.9,30.9,58.7,58.7,58.7,47.7,48.2,47.7,65.5,67.5,72.8,71,69.5,58.7,58.7,48.2,64.1,69.4,63.6,57.2,59.3,57.2,47.7,30.9,18.4,8.4,19.6,13.4,13.4,13.4,31.2,30.9,13.4,13.4,30.9
06/04/2026 17:55:00,60.5,61.7,61.9,31.2,31.2,24.6,24.6,31.2,31.2,48.8,59.2,48.8,59.8,31.4,59.2,62.8,63.8,63.7,24.6,24.6,59.2,59.2,43.1,39.8,48.9,54.6,67.1,64.5,64.2,66,64.2,61.9,64.8,62.8,48.8,48.8,49.3,31.5,31.2,48.8,31.2,31.2,31.3,63.2,37.7,64.7,31.2,31.2,59.8,59.2,31.2,31.2,59.2,59.2,59.2,48.8,49.3,48.8,64.3,66.6,70.9,70.5,67.9,59.2,59.2,49.3,63.9,69,62.4,57.4,58.4,57.4,48.8,31.2,19.2,9.5,20.4,13.7,13.7,13.7,31.5,31.2,13.7,13.7,31.2
06/04/2026 18:00:00,60.5,64.1,62,32,32,24.9,24.9,32,32,50.6,59.9,50.5,60.4,32.2,59.9,64.1,63.7,65.3,24.9,24.9,59.8,59.8,42,39,48.6,54,66.3,64.1,64.2,66.1,64.2,62.7,64.9,63.6,50.6,50.5,51,32.3,32,50.6,32,32,32.1,63.2,38.2,64.7,32,32,60.4,59.8,32,32,59.9,59.9,59.8,50.5,51,50.5,64,66.5,69.9,69.1,68.3,59.8,59.8,51,65.6,68.4,63.6,54.5,57.2,54.6,50.5,32,18.8,9,20,13.7,13.7,13.7,32.3,32,13.7,13.7,32
06/04/2026 18:05:00,60.2,63.7,61.7,32.4,32.4,25.6,25.6,32.4,32.4,52.3,60.4,52.3,61,32.6,60.4,63.7,63,64.8,25.6,25.6,60.4,60.4,37.9,34.1,44.6,52.8,66.4,64.1,64.2,66,64.2,64.3,66.7,65.4,52.3,52.3,52.8,32.7,32.4,52.3,32.4,32.4,32.5,63.2,38.6,64.7,32.4,32.4,61,60.4,32.4,32.4,60.4,60.4,60.4,52.3,52.8,52.3,66.2,67.6,71.4,69.6,70,60.4,60.4,52.8,64.6,68,63.2,56.5,58.2,56.6,52.3,32.4,18.8,9,19.9,13.8,13.8,13.8,32.7,32.4,13.8,13.8,32.4
06/04/2026 18:10:00,59.9,62.8,61.3,33.1,33.1,26.1,26.1,33.1,33.1,53.6,60.8,53.6,61.4,33.3,60.8,62.4,62.5,63.3,26.1,26.1,60.8,60.8,34.6,29.1,41.5,50.2,66.5,64.1,64.3,66,64.2,62.4,65.1,63.4,53.6,53.6,54.1,33.4,33.1,53.6,33.1,33.1,33.2,63.2,39.1,64.7,33.1,33.1,61.4,60.8,33.1,33.1,60.8,60.8,60.8,53.6,54.1,53.6,65.7,67.1,71.9,70.1,70.6,60.8,60.8,54.1,64.4,67.2,62.2,55.8,58.6,55.8,53.6,33.1,18.5,8.6,19.5,14,14,14,33.4,33.1,14,14,33.1
06/04/2026 18:15:00,59.7,62.8,61.1,33.3,33.3,26.7,26.7,33.3,33.3,54.8,61.1,54.8,61.7,33.5,61.1,63.5,63.8,64.5,26.7,26.7,61.1,61.1,33.1,28.4,42.2,49.4,66.5,64.1,64.2,66.1,64.2,63.3,66.2,64.3,54.8,54.8,55.4,33.6,33.3,54.8,33.3,33.3,33.4,63.2,39.2,64.7,33.3,33.3,61.7,61.1,33.3,33.3,61.1,61.1,61.1,54.8,55.4,54.8,66.1,67.5,67.6,68.4,67.2,61.1,61.1,55.4,61.3,65.7,62.4,55.1,58.6,55.3,54.8,33.3,20,10.4,21.2,14.4,14.4,14.4,33.6,33.3,14.4,14.4,33.3
06/04/2026 18:20:00,60.1,64.3,61.5,34,34,27.3,27.3,34,34,55.4,61.4,55.4,62,34.2,61.4,63.9,64.2,64.8,27.3,27.3,61.4,61.4,38.2,32.7,43.7,51.5,66.6,64.2,64.2,66,64.2,65.7,67.9,66.8,55.4,55.4,56,34.3,34,55.4,34,34,34.1,63.2,39.9,64.7,34,34,62,61.4,34,34,61.4,61.4,61.4,55.4,56,55.4,66,67.3,69.1,68.5,67.7,61.4,61.4,56,59.8,65.6,62.1,54.5,57.5,54.7,55.4,34,20.7,11.7,21.8,14.5,14.5,14.5,34.3,34,14.5,14.5,34
06/04/2026 18:25:00,60.7,66,62.2,34.4,34.4,27.6,27.6,34.4,34.4,56.4,61.8,56.3,62.4,34.6,61.8,63.9,64.4,65,27.6,27.6,61.8,61.8,41.4,36.8,45.3,53.9,66.6,64.2,64.1,66,64.1,65.1,67.3,66.2,56.4,56.3,56.9,34.8,34.4,56.4,34.4,34.4,34.5,63.2,40.3,64.7,34.4,34.4,62.4,61.8,34.4,34.4,61.8,61.8,61.8,56.3,56.9,56.3,65.5,66.8,68.5,68,67.6,61.8,61.8,56.9,63.6,66.4,62.1,54,56.4,54.2,56.3,34.4,21,11.4,22.2,14.9,14.9,14.9,34.8,34.4,14.9,14.9,34.4
06/04/2026 18:30:00,60.5,65.4,61.9,35,35,28.3,28.3,35,35,57.3,62,57.2,62.6,35.2,62,65.7,67,66.8,28.3,28.3,62,62,38.3,32.3,42,52.4,67,64.4,64.2,66,64.2,65.1,67.3,66.3,57.3,57.2,57.8,35.4,35,57.3,35,35,35.1,63.2,40.8,64.7,35,35,62.6,62,35,35,62,62,62,57.2,57.8,57.2,64.9,67,67.3,67.2,66.5,62,62,57.8,59.9,65,61.5,54.9,57.8,55,57.2,35,20.7,11.4,21.8,15.3,15.3,15.3,35.4,35,15.3,15.3,35
06/04/2026 18:35:00,60.8,66.5,62.3,36,36,29.3,29.3,36,36,58.7,62.4,58.6,62.9,36.2,62.4,66.6,69.2,67.8,29.3,29.3,62.3,62.3,36.1,29.5,39.4,50.2,66.8,64.4,64.1,66,64.1,65,67,66.2,58.7,58.6,59.2,36.4,36,58.7,36,36,36.1,63.2,41.7,64.7,36,36,62.9,62.3,36,36,62.4,62.4,62.3,58.6,59.2,58.6,63.8,65.6,66.8,66.9,66,62.3,62.3,59.2,63.1,66.8,62.7,56.3,58.8,56.3,58.6,36,20.7,11.9,21.7,15.5,15.5,15.5,36.4,36,15.5,15.5,36
06/04/2026 18:40:00,61.2,67.4,62.7,37,37,30.2,30.2,37,37,60,62.7,59.9,63.2,37.2,62.7,67.3,69.7,68.7,30.2,30.2,62.6,62.6,37.5,31.6,42.1,51.1,66.9,64.4,64.2,66,64.2,65.5,68.7,66.7,60,59.9,60.5,37.4,37,60,37,37,37.1,63.2,42.5,64.7,37,37,63.2,62.6,37,37,62.7,62.7,62.6,59.9,60.5,59.9,65.9,66.6,67.4,67.5,66.5,62.6,62.6,60.5,64.1,67,62.8,52.9,50.7,52.9,59.9,37,21,11.9,22,16.1,16.1,16.1,37.4,37,16.1,16.1,37
06/04/2026 18:45:00,61.1,67.1,62.6,38,38,30.9,30.9,38,38,61,62.9,60.9,63.4,38.2,62.9,67.9,70.5,69.2,30.9,30.9,62.8,62.8,41.6,36.8,46.3,53.3,66.9,64.5,64.2,66,64.2,66.2,69.8,67.4,61,60.9,61.5,38.4,38,61,38,38,38.1,63.2,43.4,64.7,38,38,63.4,62.8,38,38,62.9,62.9,62.8,60.9,61.5,60.9,65.6,67.2,69.9,69.4,67.3,62.8,62.8,61.5,65.4,68.8,63.3,46.3,42.4,46.4,60.9,38,23.4,14.2,24.5,16.4,16.4,16.4,38.4,38,16.4,16.4,38
06/04/2026 18:50:00,60.8,66,62.3,39.1,39.1,32.3,32.3,39.1,39.1,61.9,63.1,61.8,63.7,39.3,63.1,67.1,69.1,68.3,32.3,32.3,63,63,51.7,50.7,55.4,58.4,66.9,64.3,64.2,65.9,64.2,66.1,68.1,67.3,61.9,61.8,62.4,39.5,39.1,61.9,39.1,39.1,39.2,63.4,47,65,39.1,39.1,63.7,63,39.1,39.1,63.1,63.1,63,61.8,62.4,61.8,64.8,66,68.6,68.7,68,63,63,62.4,63.6,67.9,63.3,48.9,46.2,49,61.8,39.1,25.3,16.3,26.3,16.9,16.9,16.9,39.5,39.1,16.9,16.9,39.1
06/04/2026 18:55:00,60.8,66.8,62.3,40.7,40.7,35.1,35.1,40.7,40.7,62.5,63.3,62.4,64,40.9,63.3,69.2,71.2,70.5,35.1,35.1,63.3,63.3,56.1,56.7,57.9,59.8,66.9,64.4,64.2,66,64.2,67.6,70.8,68.9,62.5,62.4,63,41.1,40.7,62.5,40.7,40.7,40.8,63.6,51,65.1,40.7,40.7,64,63.3,40.7,40.7,63.3,63.3,63.3,62.4,63,62.4,67.1,68.3,69,68.4,68,63.3,63.3,63,63.4,67.5,63.6,54.2,53.3,54.3,62.4,40.7,39.4,32.7,40.1,17.5,17.5,17.5,41.1,40.7,17.5,17.5,40.7
06/04/2026 19:00:00,61.2,66.6,62.7,43,43,36.4,36.4,43,43,63.3,63.6,63.2,64.3,43.3,63.6,70.2,72,71.5,36.4,36.4,63.6,63.6,59.1,61.8,62.1,64.1,67,64.4,64.2,65.9,64.2,68.4,71.2,69.7,63.3,63.2,63.9,43.4,43,63.3,43,43,43.1,63,53.4,64.5,43,43,64.3,63.6,43,43,63.6,63.6,63.6,63.2,63.9,63.2,66.6,68.2,68,68.6,67.6,63.6,63.6,63.9,63.8,67.9,63.8,56.6,57,56.6,63.2,43,49.6,48.5,50,18.3,18.3,18.3,43.4,43,18.3,18.3,43
06/04/2026 19:05:00,61.6,68.1,63.2,46.1,46.1,37.9,37.9,46.1,46.1,63.8,63.8,63.7,64.5,46.4,63.8,71.2,72.3,72.8,37.9,37.9,63.8,63.8,61.7,64.2,62.7,64.3,67,64.5,64.2,66,64.1,68.5,70.7,69.9,63.8,63.7,64.4,46.6,46.1,63.8,46.1,46.1,46.2,63.9,55.5,65.4,46.1,46.1,64.5,63.8,46.1,46.1,63.8,63.8,63.8,63.7,64.4,63.7,67.2,69,70.2,70,68.8,63.8,63.8,64.4,64.6,68.1,63.9,59.1,61.7,59.1,63.7,46.1,54.7,56.9,55,19.6,19.6,19.6,46.6,46.1,19.6,19.6,46.1
06/04/2026 19:10:00,61.2,67,62.8,48.7,48.7,40.6,40.6,48.7,48.7,64.1,64,64,64.6,49,64,70.4,71.7,71.8,40.6,40.6,63.9,63.9,63.3,65.3,62.9,64.4,67,64.4,64.2,66,64.2,68.3,72.4,69.7,64.1,64,64.7,49.2,48.7,64.1,48.7,48.7,48.8,64.5,57.7,66,48.7,48.7,64.6,63.9,48.7,48.7,64,64,63.9,64,64.7,64,67,68.4,69.1,68.9,67.4,63.9,63.9,64.7,65.8,70.7,65.7,60,65.2,60,64,48.7,56.7,60.2,56.9,20.4,20.4,20.4,49.2,48.7,20.4,20.4,48.7
06/04/2026 19:15:00,61.4,66.7,62.9,51,51,41.6,41.6,51,51,64.4,64.2,64.3,64.7,51.3,64.2,68.8,71.1,70,41.6,41.6,64.1,64.1,63.8,66.4,63.8,64.5,67,64.5,64.1,65.9,64.1,69.9,71.6,71.3,64.4,64.3,65,51.5,51,64.4,51,51,51.1,63.8,58.3,65.3,51,51,64.7,64.1,51,51,64.2,64.2,64.1,64.3,65,64.3,67.6,69.4,69.1,68.9,68.1,64.1,64.1,65,66.8,71.3,65.8,62.9,68.4,62.9,64.3,51,56.7,59.4,56.9,21,21,21,51.5,51,21,21,51
06/04/2026 19:20:00,60.6,66.1,62.1,53,53,43.1,43.1,53,53,64.7,64.3,64.6,64.8,53.3,64.3,68.8,70.5,70,43.1,43.1,64.2,64.2,63.8,67.5,65.5,64.4,66.9,64.4,64.2,66,64.2,66.2,70,67.4,64.7,64.6,65.3,53.5,53,64.7,53,53,53.1,63.6,59.6,65.1,53,53,64.8,64.2,53,53,64.3,64.3,64.2,64.6,65.3,64.6,68.2,70.3,70.4,69.8,69.1,64.2,64.2,65.3,67.3,72,66,62.7,68.6,62.7,64.6,53,57.1,59.5,57.3,22,22,22,53.5,53,22,22,53
06/04/2026 19:25:00,60.3,66,61.7,54.6,54.6,44.5,44.5,54.6,54.6,65,64.4,64.9,65.1,54.9,64.4,68,70.5,69.3,44.5,44.5,64.4,64.4,63.1,67.6,65.5,64.5,67,64.5,64,65.9,64,67.5,71.4,68.8,65,64.9,65.6,55.2,54.6,65,54.6,54.6,54.7,63.7,60.5,65.3,54.6,54.6,65.1,64.4,54.6,54.6,64.4,64.4,64.4,64.9,65.6,64.9,67.5,69.9,69.2,69.2,68.1,64.4,64.4,65.6,65.7,70.8,65.4,63.9,69,63.8,64.9,54.6,58.5,61.1,58.7,23.4,23.4,23.4,55.2,54.6,23.4,23.4,54.6
06/04/2026 19:30:00,61.3,68.7,62.8,56.5,56.5,46.8,46.8,56.5,56.5,65.4,64.5,65.3,65.1,56.8,64.5,69.3,72.5,70.6,46.8,46.8,64.4,64.4,63.9,68,65.1,64.5,67,64.5,64.2,66.1,64.2,70,72.8,71.5,65.4,65.3,66,57.1,56.5,65.4,56.5,56.5,56.6,63.8,62,65.3,56.5,56.5,65.1,64.4,56.5,56.5,64.5,64.5,64.4,65.3,66,65.3,67.6,69.5,68.3,69.3,68.1,64.4,64.4,66,66,70.9,64.9,63.6,68.5,63.7,65.3,56.5,56.5,60.6,56.7,24.6,24.6,24.6,57.1,56.5,24.6,24.6,56.5
06/04/2026 19:35:00,61.9,70.2,63.5,57.5,57.5,48.3,48.3,57.5,57.5,65.5,64.6,65.4,65.1,57.8,64.6,70.1,72.5,71.5,48.3,48.3,64.5,64.5,64.3,68.2,67.2,64.4,66.9,64.4,64.2,65.9,64.1,70.9,73.8,72.4,65.5,65.4,66.1,58.1,57.5,65.5,57.5,57.5,57.6,65,63.1,66.5,57.5,57.5,65.1,64.5,57.5,57.5,64.6,64.6,64.5,65.4,66.1,65.4,67.8,69.8,66.7,67.8,66.4,64.5,64.5,66.1,66,70.4,64.6,63.1,68.9,63,65.4,57.5,54.6,59,54.9,25.6,25.6,25.6,58.1,57.5,25.6,25.6,57.5
06/04/2026 19:40:00,61.8,69,63.4,59.1,59.1,49.4,49.4,59.1,59.1,65.6,64.6,65.5,65.2,59.3,64.6,71.4,73.9,72.9,49.4,49.4,64.5,64.5,63.5,68,66.8,64.6,67.3,64.6,64.3,66.2,64.3,69.3,73.1,70.6,65.6,65.5,66.2,59.6,59.1,65.6,59,59.1,59.1,62.1,62.7,63.7,59.1,59.1,65.2,64.5,59.1,59.1,64.6,64.6,64.5,65.5,66.2,65.5,67.7,68.9,66.6,67.2,67.8,64.5,64.5,66.2,64.4,69.7,64.1,61.9,68.2,61.9,65.5,59,54,55.9,54.3,27.1,27.1,27.1,59.6,59.1,27.1,27.1,59.1
06/04/2026 19:45:00,61.6,68,63.2,60.2,60.2,51,51,60.2,60.2,65.8,64.7,65.7,65.3,60.4,64.7,70.9,73.1,72.3,51,51,64.6,64.6,65,68.6,66.4,64.3,66.8,64.3,64.3,66.1,64.2,69.5,72.4,70.9,65.8,65.7,66.4,60.7,60.2,65.8,60.1,60.2,60.2,62.6,63.6,64.1,60.2,60.2,65.3,64.6,60.2,60.2,64.7,64.7,64.6,65.7,66.4,65.7,68.4,70.7,67.6,69.2,67.2,64.6,64.6,66.4,64.8,68.9,64.6,61.6,66.5,61.7,65.7,60.1,55.1,56.3,55.3,28.4,28.4,28.4,60.7,60.2,28.4,28.4,60.2
06/04/2026 19:50:00,61.2,67,62.7,61.2,61.2,52,52,61.2,61.2,66,64.8,65.9,65.4,61.5,64.8,70,72,71.3,52,52,64.7,64.7,65.2,68.6,66,64.3,66.8,64.4,64.3,66.3,64.3,68.5,70.9,69.8,66,65.9,66.6,61.7,61.2,66,61.1,61.2,61.2,62.3,64.1,63.8,61.2,61.2,65.4,64.7,61.2,61.2,64.8,64.8,64.7,65.9,66.6,65.9,67.9,69.6,69.5,69,68.6,64.7,64.7,66.6,65.7,69.9,66.1,63.1,68.7,63.1,65.9,61.1,58.9,60.4,59,30.5,30.5,30.5,61.7,61.2,30.5,30.5,61.2
06/04/2026 19:55:00,60.1,65.6,61.6,63.9,63.9,53.4,53.4,63.9,63.9,66.2,64.8,66.1,65.3,62,64.8,69.9,72.3,71.2,53.4,53.4,64.7,64.7,65.6,68.8,66.9,64.3,66.8,64.3,64.2,66.1,64.1,69.7,71.4,71,66.2,66.1,66.8,64.5,63.9,66.2,63.8,63.9,64,63.2,66.2,64.7,63.9,63.9,65.3,64.7,63.9,63.9,64.8,64.8,64.7,66.1,66.8,66.1,68.1,70.8,73.1,72.2,70.6,64.7,64.7,66.8,67.2,72.5,67.1,64.3,69.9,64.2,66.1,63.8,56.9,59.2,57.1,32.4,32.4,32.4,64.5,63.9,32.4,32.4,63.9
06/04/2026 20:00:00,61.1,67,62.6,64.9,64.9,56.2,56.2,64.9,64.9,66.2,64.9,66.1,65.5,62.6,64.9,67,68.8,68.1,56.2,56.2,64.8,64.8,65.6,67.8,63.6,64.4,67,64.4,64.2,66.2,64.1,67.7,71.5,69,66.2,66.1,66.8,65.5,64.9,66.2,64.8,64.9,65,64.5,67.5,66,64.9,64.9,65.5,64.8,64.9,64.9,64.9,64.9,64.8,66.1,66.8,66.1,68.3,71,72.4,71.9,71.2,64.8,64.8,66.8,67,71.7,66.9,64.1,69.1,64.1,66.1,64.8,57.6,60.2,57.8,34.2,34.2,34.2,65.5,64.9,34.2,34.2,64.9
06/04/2026 20:05:00,61.3,66.6,62.8,64.8,64.8,58.1,58.1,64.8,64.8,66.3,64.9,66.2,65.5,63.6,64.9,67.7,69.8,68.8,58.1,58.1,64.8,64.8,65,68.4,66.1,64.4,66.8,64.4,64.2,66,64.2,67.6,71.4,68.9,66.3,66.2,66.9,65.4,64.8,66.3,64.7,64.8,64.9,44,58.6,45.3,64.8,64.8,65.5,64.8,64.8,64.8,64.9,64.9,64.8,66.2,66.9,66.2,67.8,69.9,69.6,69.4,68.3,64.8,64.8,66.9,64.1,69.6,65,62.8,68.7,62.7,66.2,64.7,57.1,60.3,57.3,36.9,36.9,36.9,65.4,64.8,36.9,36.9,64.8
06/04/2026 20:10:00,61.8,67.3,63.4,64.9,64.9,58.9,58.9,64.9,64.9,66.3,64.9,66.2,65.4,64.2,64.9,67.2,69.4,68.2,58.9,58.9,64.8,64.8,66,67.8,65.2,64.2,66.7,64.2,64.1,66,64.2,65.9,69.1,67.1,66.3,66.2,66.9,65.5,64.9,66.3,64.8,64.9,65,54,62.7,55.4,64.9,64.9,65.4,64.8,64.9,64.9,64.9,64.9,64.8,66.2,66.9,66.2,66.6,68.2,66.9,67.9,66.5,64.8,64.8,66.9,64.1,68.7,64.6,63.4,68.1,63.4,66.2,64.8,59.7,61.8,59.8,41.4,41.4,41.4,65.5,64.9,41.4,41.4,64.9
06/04/2026 20:15:00,62.3,68.7,63.9,64.9,64.9,59.7,59.7,64.9,64.9,66.2,64.9,66.1,65.4,64.5,64.9,67.6,69.2,68.9,59.7,59.7,64.8,64.8,65,68.5,66.9,64.3,66.8,64.3,64.2,66.3,64.2,63.8,67.4,64.9,66.2,66.1,66.8,65.5,64.9,66.2,64.8,64.9,65,58.8,64.5,60.2,64.9,64.9,65.4,64.8,64.9,64.9,64.9,64.9,64.8,66.1,66.8,66.1,67.3,69.2,67.7,67.9,67.1,64.8,64.8,66.8,62.3,67.6,64,63.5,69.9,63.5,66.1,64.8,58.4,61.5,58.5,44.7,44.7,44.7,65.5,64.9,44.7,44.7,64.9
06/04/2026 20:20:00,61.6,67.4,63.2,64.9,64.9,60,60,64.9,64.9,66.1,64.8,66,65.5,64.9,64.8,66.5,68.4,67.6,60,60,64.8,64.8,64.9,67.3,65.2,64.3,66.8,64.3,64.2,66.1,64.2,65.1,67.8,66.2,66.1,66,66.7,65.5,64.9,66.1,64.8,64.9,65,61,65.9,62.5,64.9,64.9,65.5,64.8,64.9,64.9,64.8,64.8,64.8,66,66.7,66,67,68.2,68.5,68.5,67,64.8,64.8,66.7,61.8,68.4,63.6,63.8,69.1,63.7,66,64.8,58.8,61.7,59,48.5,48.5,48.5,65.5,64.9,48.5,48.5,64.9
06/04/2026 20:25:00,61.6,67.8,63.2,64.8,64.8,60.7,60.7,64.8,64.8,66.1,64.7,66,65.4,64.9,64.7,66.6,67.8,67.7,60.7,60.7,64.7,64.7,64.8,65.1,61.3,63.8,66.9,64.3,64.2,66.1,64.2,65.1,68.6,66.3,66.1,66,66.7,65.4,64.8,66.1,64.7,64.8,64.9,61.7,66.2,63.2,64.8,64.8,65.4,64.7,64.8,64.8,64.7,64.7,64.7,66,66.7,66,65.8,66.6,66.2,67.5,66.6,64.7,64.7,66.7,62.4,66.1,62.3,64.4,69.8,64.3,66,64.7,58.3,61.8,58.5,51,51,51,65.4,64.8,51,51,64.8
06/04/2026 20:30:00,61.8,67.9,63.4,64.8,64.8,60.7,60.7,64.8,64.8,66,64.7,65.9,65.4,64.9,64.7,65.7,67.9,66.7,60.7,60.7,64.7,64.7,63.7,64.8,62.7,62.6,66.6,64.3,64.2,66.2,64.2,67,68.8,68.3,66,65.9,66.6,65.4,64.8,66,64.7,64.8,64.9,61.6,66.2,63.1,64.8,64.8,65.4,64.7,64.8,64.8,64.7,64.7,64.7,65.9,66.6,65.9,65.6,66.5,65.5,66.2,66.1,64.7,64.7,66.6,61.9,66.7,63.6,63.9,67.6,63.9,65.9,64.7,54.9,59.3,55.2,53.7,53.7,53.7,65.4,64.8,53.7,53.7,64.8
06/04/2026 20:35:00,62.1,68.4,63.7,64.8,64.8,61.5,61.5,64.8,64.8,65.8,64.7,65.7,65.3,65.1,64.7,65.6,67.9,66.6,61.5,61.5,64.7,64.7,63.6,64.7,61.9,62.2,66.9,64.4,64.2,66.3,64.2,63.9,67.2,65,65.8,65.7,66.4,65.4,64.8,65.8,64.7,64.8,64.9,61.3,66.1,62.8,64.8,64.8,65.3,64.7,64.8,64.8,64.7,64.7,64.7,65.7,66.4,65.7,65,65.8,66,65.9,65.3,64.7,64.7,66.4,61.9,66.2,63.6,62.8,67.3,62.9,65.7,64.7,53,58.2,53.3,55.3,55.2,55.2,65.4,64.8,55.3,55.3,64.8
06/04/2026 20:40:00,62.1,68.9,63.7,64.8,64.8,62.2,62.2,64.8,64.8,65.8,64.7,65.7,65.3,65.1,64.7,64.7,66.6,65.8,62.2,62.2,64.7,64.7,62.6,63.3,60.1,61.6,66.7,64.3,64.2,66.1,64.2,61.5,64.7,62.4,65.8,65.7,66.4,65.4,64.8,65.8,64.7,64.8,64.9,59.1,65.3,60.6,64.8,64.8,65.3,64.7,64.8,64.8,64.7,64.7,64.7,65.7,66.4,65.7,65,66.1,64.8,65.2,64.8,64.7,64.7,66.4,60.6,63.9,60.5,62.2,66,62.2,65.7,64.7,54.5,58.2,54.8,58.2,58.2,58.2,65.4,64.8,58.2,58.2,64.8
06/04/2026 20:45:00,62.2,68.9,63.8,64.9,64.9,62.7,62.7,64.9,64.9,65.8,64.8,65.7,65.4,65.2,64.8,63.2,65.4,64.1,62.7,62.7,64.7,64.7,64.1,65.1,62.5,62.8,66.7,64.2,64.2,66.2,64.2,62.6,65.3,63.6,65.8,65.7,66.4,65.5,64.9,65.8,64.8,64.9,65,59.6,65,61,64.9,64.9,65.4,64.7,64.9,64.9,64.8,64.8,64.7,65.7,66.4,65.7,65.8,66.9,63.9,64.9,64.2,64.7,64.7,66.4,59.7,63.7,60.8,61.1,65.6,61.1,65.7,64.8,57.6,60,57.8,59.8,59.7,59.7,65.5,64.9,59.8,59.8,64.9
06/04/2026 20:50:00,61.8,67.3,63.4,65.1,65.1,63.5,63.5,65.1,65.1,65.9,64.8,65.8,65.4,65.4,64.8,65.2,66.2,66.4,63.5,63.5,64.7,64.7,63.4,65.1,62.6,61.9,66.6,64.2,64.3,66.2,64.3,63.8,67.1,64.9,65.9,65.8,66.5,65.7,65.1,65.9,65,65.1,65.2,61.1,66.1,62.6,65.1,65.1,65.4,64.7,65.1,65.1,64.8,64.8,64.7,65.8,66.5,65.8,66.3,68,64.6,65.5,64.7,64.7,64.7,66.5,59.3,64.1,61.2,61.6,65.6,61.6,65.8,65,56.7,60.3,56.9,60.9,60.8,60.8,65.7,65.1,60.9,60.9,65.1
06/04/2026 20:55:00,62,68.3,63.6,65.3,65.3,64,64,65.3,65.3,65.9,64.8,65.8,65.3,65.6,64.8,66.5,67.7,67.8,64,64,64.7,64.7,63.9,64.8,61.8,62.7,66.7,64.2,64.1,66,64.1,61.3,63.7,62.2,65.9,65.8,66.5,65.9,65.3,65.9,65.2,65.3,65.4,62.5,66.8,64,65.3,65.3,65.3,64.7,65.3,65.3,64.8,64.8,64.7,65.8,66.5,65.8,66.9,67.9,66.7,66.5,66.3,64.7,64.7,66.5,60.9,64.2,60.9,62.5,67.7,62.5,65.8,65.2,56.6,60.3,56.9,61.4,61.3,61.3,65.9,65.3,61.4,61.4,65.3
06/04/2026 21:00:00,62.2,67.9,63.8,66.5,66.5,65.3,65.3,66.5,66.5,67,65,66.9,65.5,67.5,65,66.1,68.2,67.3,65.3,65.3,64.9,64.9,62.6,65.9,64.3,64.1,66.9,64.3,64.2,66.4,64.2,61,64.8,61.9,67,66.9,67.6,67.1,66.5,67,66.4,66.5,66.6,62.2,67.4,63.7,66.5,66.5,65.5,64.9,66.5,66.5,65,65,64.9,66.9,67.6,66.9,67.4,68.7,70.8,70.1,68.3,64.9,64.9,67.6,65.7,69.1,65,67.1,70.9,67.1,66.9,66.4,55.4,59.4,55.6,65.6,65.5,65.5,67.1,66.5,65.6,65.6,66.5
06/04/2026 21:05:00,62.2,69.1,63.8,67.1,67.1,66.2,66.2,67.1,67.1,67.6,65.1,67.5,65.6,68.3,65.1,68.5,70.2,69.7,66.2,66.2,65,65,62.8,66.2,66,64.3,66.7,64.3,64.2,66.1,64.2,64.2,68,65.3,67.6,67.5,68.2,67.7,67.1,67.6,67,67.1,67.2,62.3,68.1,63.8,67.1,67.1,65.6,65,67.1,67.1,65.1,65.1,65,67.5,68.2,67.5,66.6,67.8,71.9,71.1,68.6,65,65,68.2,68.2,71.7,67.3,66.2,70,66.1,67.5,67,56.4,60.6,56.7,67.1,67,67,67.7,67.1,67.1,67.1,67.1
06/04/2026 21:10:00,62.2,68.8,63.8,67.7,67.7,66.4,66.4,67.7,67.7,67.8,65,67.7,65.7,68.9,65,69.2,72,70.5,66.4,66.4,65,65,63.2,67.6,68.1,64.4,66.8,64.4,64.2,66.2,64.2,67.9,69.1,69.2,67.8,67.7,68.4,68.3,67.7,67.8,67.6,67.7,67.8,62.1,68.2,63.6,67.7,67.7,65.7,65,67.7,67.7,65,65,65,67.7,68.4,67.7,66.6,67.7,72.8,71.5,69.4,65,65,68.4,67.8,71.2,66.7,64.7,70.9,64.8,67.7,67.6,55.2,58.7,55.5,67.7,67.6,67.6,68.3,67.7,67.7,67.7,67.7
06/04/2026 21:15:00,62.5,68.3,64.1,67.9,67.9,66.7,66.7,67.9,67.9,68,65,67.9,65.7,69.2,65,70.4,72.4,71.8,66.7,66.7,65,65,63,69.6,71.8,65.5,67.2,64.4,64.2,66.3,64.2,67.5,69.8,68.8,68,67.9,68.6,68.5,67.9,68,67.8,67.9,68,61.7,68.5,63.2,67.9,67.9,65.7,65,67.9,67.9,65,65,65,67.9,68.6,67.9,65.4,67.1,68.7,69.2,66.7,65,65,68.6,65.2,69,63.8,64.1,69.2,64.1,67.9,67.8,55.6,58.5,55.9,67.9,67.8,67.8,68.5,67.9,67.9,67.9,67.9
06/04/2026 21:20:00,62.5,69.1,64.1,68.2,68.2,67.3,67.3,68.2,68.2,68.2,65.2,68.1,65.8,69.3,65.2,69,71.2,70.4,67.3,67.3,65.1,65.1,63.6,69.5,71.6,65.9,67,64.5,64.3,66.4,64.3,68.8,71.3,70.2,68.2,68.1,68.8,68.8,68.2,68.2,68.1,68.2,68.3,62.3,68.5,63.8,68.2,68.2,65.8,65.1,68.2,68.2,65.2,65.2,65.1,68.1,68.8,68.1,65.8,67.3,66,66.7,65.8,65.1,65.1,68.8,65.6,68.4,64.1,61.8,67.3,61.9,68.1,68.1,53.4,57.8,53.8,68.2,68.1,68.1,68.8,68.2,68.2,68.2,68.2
06/04/2026 21:25:00,62,69.9,63.6,68.3,68.3,67.5,67.5,68.3,68.3,68.4,65.2,68.3,65.8,69.4,65.2,68.3,70.1,69.6,67.5,67.5,65.1,65.1,63.8,68.6,69.5,64.5,67.1,64.5,64.2,66.2,64.3,70.3,71.8,71.7,68.4,68.3,69,68.9,68.3,68.4,68.2,68.3,68.4,63,69,64.5,68.3,68.3,65.8,65.1,68.3,68.3,65.2,65.2,65.1,68.3,69,68.3,66.9,67.3,65.7,67.3,66.1,65.1,65.1,69,64.3,68,63.8,64,68.9,63.9,68.3,68.2,55.1,56.4,55.3,68.7,68.6,68.6,68.9,68.3,68.7,68.7,68.3
06/04/2026 21:30:00,61.8,69.5,63.4,68.3,68.3,67.8,67.8,68.3,68.3,68.6,65.3,68.5,65.8,69.6,65.3,70.2,72.9,71.6,67.8,67.8,65.2,65.2,62.8,68.4,69.5,64.6,67.3,64.6,64.4,66.5,64.4,70.9,72.2,72.4,68.6,68.5,69.2,68.9,68.3,68.6,68.2,68.3,68.4,63.3,69.5,64.9,68.3,68.3,65.8,65.2,68.3,68.3,65.3,65.3,65.2,68.5,69.2,68.5,65.5,67,67.9,68.8,67.7,65.2,65.2,69.2,60.7,67,62.9,62,66.3,62,68.5,68.2,54.9,58.5,55.2,68.8,68.7,68.7,68.9,68.3,68.8,68.8,68.3
06/04/2026 21:35:00,61.6,68.8,63.2,68.7,68.7,68,68,68.7,68.7,68.7,65.2,68.6,65.9,69.8,65.2,71.3,73.6,72.8,68,68,65.2,65.2,63.9,69,70.6,65,67.3,64.6,64.3,66.5,64.3,69.3,71.2,70.6,68.7,68.6,69.3,69.3,68.7,68.7,68.6,68.7,68.8,63.2,69.6,64.7,68.7,68.7,65.9,65.2,68.7,68.7,65.2,65.2,65.2,68.6,69.3,68.6,65.6,67,69.2,68.6,68.2,65.2,65.2,69.3,66.1,69.7,66.2,63.9,69.1,63.8,68.6,68.6,58.2,60.9,58.4,69.4,69.3,69.3,69.3,68.7,69.4,69.4,68.7
06/04/2026 21:40:00,62,69.7,63.6,68.6,68.6,68,68,68.6,68.6,68.8,65.2,68.7,65.9,70,65.2,70.9,73.4,72.3,68,68,65.2,65.2,63.4,68.9,70.6,65.4,66.9,64.4,64.3,66.3,64.3,67.9,71.3,69.3,68.8,68.7,69.4,69.2,68.6,68.8,68.5,68.6,68.7,61.1,68.5,62.6,68.6,68.6,65.9,65.2,68.6,68.6,65.2,65.2,65.2,68.7,69.4,68.7,66.5,67.8,71.3,70.7,69.9,65.2,65.2,69.4,67.5,71.7,66.4,64.6,70.9,64.6,68.7,68.5,59.7,60.8,59.9,69.4,69.3,69.3,69.2,68.6,69.4,69.4,68.6
06/04/2026 21:45:00,61.8,67.9,63.4,68.2,68.2,68.1,68.1,68.2,68.2,68.9,65.3,68.8,65.8,70.1,65.3,69.9,70.9,71.2,68.1,68.1,65.3,65.3,63.5,69.2,70.7,64.7,67,64.4,64.2,66.2,64.2,66,67.8,67.3,68.9,68.8,69.5,68.8,68.2,68.9,68.1,68.2,68.3,62.4,69.2,63.9,68.2,68.2,65.8,65.3,68.2,68.2,65.3,65.3,65.3,68.8,69.5,68.8,66.9,68.6,70.9,70.4,68.4,65.3,65.3,69.5,66.1,70.7,64.7,64.2,69.7,64.1,68.8,68.1,59.1,60.9,59.3,69.5,69.4,69.4,68.8,68.2,69.5,69.5,68.2
06/04/2026 21:50:00,61.7,68.3,63.4,68.4,68.4,68.3,68.3,68.4,68.4,69,65.3,68.9,65.9,70.3,65.3,70.4,72.6,71.8,68.3,68.3,65.3,65.3,63.1,69.2,70.9,65.2,66.9,64.4,64.2,66.1,64.2,67,68.9,68.3,69,68.9,69.6,69,68.4,69,68.3,68.4,68.5,63.5,69.3,65,68.4,68.4,65.9,65.3,68.4,68.4,65.3,65.3,65.3,68.9,69.6,68.9,68,69.7,71.7,70.9,70,65.3,65.3,69.6,65.8,70.5,65,64.3,69.4,64.2,68.9,68.3,60.7,61.9,60.9,69.7,69.6,69.6,69,68.4,69.7,69.7,68.4
06/04/2026 21:55:00,61.9,68.6,63.6,68.5,68.5,68.2,68.2,68.5,68.5,69.1,65.5,69,66.1,70.5,65.5,72.1,74.7,73.7,68.2,68.2,65.5,65.5,64.6,69.4,70.3,65,66.9,64.4,64.1,66.2,64.1,64.2,68.1,65.3,69.1,69,69.7,69.1,68.5,69.1,68.4,68.5,68.6,64.3,69.6,65.8,68.5,68.5,66.1,65.5,68.5,68.5,65.5,65.5,65.5,69,69.7,69,67.2,68.8,69.5,69.8,68.9,65.5,65.5,69.7,66.3,70.7,65.2,64.9,70.6,64.9,69,68.4,60.1,61.9,60.3,69.9,69.8,69.8,69.1,68.5,69.9,69.9,68.5
06/04/2026 22:00:00,61.5,67.2,63.1,68.3,68.3,67.7,67.7,68.3,68.3,68.7,65.3,68.6,65.9,69.9,65.3,71.7,73.5,73.3,67.7,67.7,65.2,65.2,64.2,69.6,71.6,66,67,64.3,64.2,66.3,64.2,64.8,70.2,66,68.7,68.6,69.3,68.9,68.3,68.7,68.2,68.3,68.4,60.9,67.8,62.5,68.3,68.3,65.9,65.2,68.3,68.3,65.3,65.3,65.2,68.6,69.3,68.6,68.2,69.4,73.7,71.8,70.8,65.2,65.2,69.3,67.9,70.9,67.3,63.9,68.9,63.8,68.6,68.2,58.5,60.9,58.7,69.3,69.2,69.2,68.9,68.3,69.3,69.3,68.3
06/04/2026 22:05:00,61.7,68.8,63.3,68.1,68.1,67.5,67.5,68.1,68.1,68.5,65.1,68.4,65.8,69.5,65.1,72.1,73.8,73.7,67.5,67.5,65.1,65.1,64.5,69.7,70.9,65.1,67,64.4,64.2,66.1,64.2,66.3,69.4,67.6,68.5,68.4,69.1,68.7,68.1,68.5,68,68.1,68.2,61.2,67.8,62.7,68.1,68.1,65.8,65.1,68.1,68.1,65.1,65.1,65.1,68.4,69.1,68.4,67.9,69.5,72.5,72.1,71.1,65.1,65.1,69.1,63,69.3,64.2,61.5,67.2,61.6,68.4,68,55.9,59.7,56.1,69.1,69,69,68.7,68.1,69.1,69.1,68.1
06/04/2026 22:10:00,61.8,69.1,63.4,68.4,68.4,67.6,67.6,68.4,68.4,68.5,65.2,68.4,65.8,69.6,65.2,70.9,72.8,72.3,67.6,67.6,65.2,65.2,64.4,69.3,70.5,64.6,66.7,64.3,64.3,66.3,64.3,62.9,67.6,63.8,68.5,68.4,69.1,69,68.4,68.5,68.3,68.4,68.5,62.1,68.7,63.7,68.4,68.4,65.8,65.2,68.4,68.4,65.2,65.2,65.2,68.4,69.1,68.4,67.8,69.7,70,69.9,68.7,65.2,65.2,69.1,62.1,68.2,63.8,63.2,67.7,63.2,68.4,68.3,55.7,59.6,55.9,68.9,68.8,68.8,69,68.4,68.9,68.9,68.4
06/04/2026 22:15:00,61.4,68.8,63,68.5,68.5,67.5,67.5,68.5,68.5,68.5,65.1,68.4,65.8,69.6,65.1,71.4,73.4,72.9,67.5,67.5,65.1,65.1,62.7,68.1,70.6,65.7,66.9,64.4,64.2,66.2,64.2,63.1,67.6,64.1,68.5,68.4,69.1,69.1,68.5,68.5,68.4,68.5,68.6,62.7,69.3,64.2,68.5,68.5,65.8,65.1,68.5,68.5,65.1,65.1,65.1,68.4,69.1,68.4,67.8,70.1,72.2,71.3,70.4,65.1,65.1,69.1,63.5,68.6,64,63.3,68.2,63.3,68.4,68.4,55.3,58.8,55.6,69,68.9,68.9,69.1,68.5,69,69,68.5
06/04/2026 22:20:00,61.6,69.1,63.2,68.2,68.2,67.6,67.6,68.2,68.2,68.6,65.2,68.5,65.8,69.6,65.2,69.4,71.8,70.8,67.6,67.6,65.1,65.1,64.3,67.9,68.5,64.2,66.7,64.2,64.2,66.2,64.2,67.9,71.1,69.2,68.6,68.5,69.2,68.8,68.2,68.6,68.1,68.2,68.3,62.7,69.3,64.3,68.2,68.2,65.8,65.1,68.2,68.2,65.2,65.2,65.1,68.5,69.2,68.5,67.1,68.9,71.4,70.1,69.9,65.1,65.1,69.2,62.7,68.9,64.3,62.8,68.1,62.7,68.5,68.1,57.8,60.3,58,69.2,69.1,69.1,68.8,68.2,69.2,69.2,68.2
06/04/2026 22:25:00,61.7,69.4,63.3,68.2,68.2,67.9,67.9,68.2,68.2,68.7,65.2,68.6,65.8,69.7,65.2,69.5,71.4,70.9,67.9,67.9,65.2,65.2,64.1,67.5,67.5,64.3,66.8,64.3,64.2,66.2,64.2,65.5,68.9,66.7,68.7,68.6,69.3,68.8,68.2,68.7,68.1,68.2,68.3,62.4,68.8,63.9,68.2,68.2,65.8,65.2,68.2,68.2,65.2,65.2,65.2,68.6,69.3,68.6,68,69.1,67.7,68.5,67.1,65.2,65.2,69.3,61.8,68,63.6,63,67.8,62.9,68.6,68.1,59.5,60.2,59.7,69.5,69.4,69.4,68.8,68.2,69.5,69.5,68.2
06/04/2026 22:30:00,62.1,70.2,63.8,68.3,68.3,68.1,68.1,68.3,68.3,68.7,65.2,68.6,65.7,69.8,65.2,72,73.2,73.5,68.1,68.1,65.1,65.1,64.8,67.5,66.5,64.2,66.7,64.2,64.2,66.3,64.2,64.5,68,65.6,68.7,68.6,69.3,68.9,68.3,68.7,68.2,68.3,68.4,63.2,69.4,64.7,68.3,68.3,65.7,65.1,68.3,68.3,65.2,65.2,65.1,68.6,69.3,68.6,66,67.5,67.9,68.5,67.2,65.1,65.1,69.3,61.9,67.7,63.3,64.3,69.2,64.3,68.6,68.2,58,60.1,58.2,69.6,69.5,69.5,68.9,68.3,69.6,69.6,68.3
06/04/2026 22:35:00,61.7,69.6,63.4,68.6,68.6,68.4,68.4,68.6,68.6,68.8,65.1,68.7,65.8,70,65.1,71.3,72.8,72.8,68.4,68.4,65.2,65.2,64.1,67.6,67,64.2,66.7,64.2,64.1,66.2,64.1,67.6,71.1,68.9,68.8,68.7,69.4,69.2,68.6,68.8,68.5,68.6,68.7,63.5,69.5,64.9,68.6,68.6,65.8,65.2,68.6,68.6,65.1,65.1,65.2,68.7,69.4,68.7,68.2,70.2,70.7,70.4,69.5,65.2,65.2,69.4,66.2,69.6,64.7,66.9,70.9,66.9,68.7,68.5,57.8,59.3,58,70,69.9,69.9,69.2,68.6,70,70,68.6
06/04/2026 22:40:00,61.7,69.7,63.3,68.9,68.9,68.5,68.5,68.9,68.9,68.8,65.3,68.8,65.9,70.1,65.3,72.4,73.3,73.9,68.5,68.5,65.2,65.2,64.5,68.3,68.1,64.3,67.1,64.4,64.3,66.4,64.2,64.8,68.4,65.8,68.8,68.8,69.5,69.5,68.9,68.8,68.8,68.9,69,63.2,69.8,64.8,68.9,68.9,65.9,65.2,68.9,68.9,65.3,65.3,65.2,68.8,69.5,68.8,68.2,71.2,70.2,70.5,69.4,65.2,65.2,69.5,67.9,71.3,66.8,67.4,71.3,67.3,68.8,68.8,57.5,59.7,57.7,70.3,70.2,70.2,69.5,68.9,70.3,70.3,68.9
06/04/2026 22:45:00,62.1,68,63.7,69,69,68.6,68.6,69,69,69,65.2,68.9,66,70.4,65.2,70.2,72.9,71.6,68.6,68.6,65.2,65.2,63.6,68.4,69.2,64.4,66.9,64.4,64.3,66.6,64.3,68.5,70.9,69.9,69,68.9,69.6,69.6,69,69,68.9,69,69.1,63.1,70.3,64.7,69,69,66,65.2,69,69,65.2,65.2,65.2,68.9,69.6,68.9,67.5,69,69.8,70.1,67.8,65.2,65.2,69.6,68.5,71.3,67.7,63.9,69.9,63.8,68.9,68.9,55.6,59.8,55.8,70.5,70.4,70.4,69.6,69,70.5,70.5,69
06/04/2026 22:50:00,61.6,69,63.3,69.1,69.1,68.6,68.6,69.1,69.1,69,65.2,69,65.8,70.6,65.2,72.7,75.6,74.3,68.6,68.6,65.3,65.3,63.1,69.3,71.6,65.9,67,64.5,64.3,66.5,64.3,66.7,70.4,67.9,69,69,69.7,69.7,69.1,69,69,69.1,69.2,62.7,69.3,64.1,69.1,69.1,65.8,65.3,69.1,69.1,65.2,65.2,65.3,69,69.7,69,67.7,70.4,70.5,71,69.9,65.3,65.3,69.7,67.1,70.9,65.7,64,71.3,63.9,69,69,58.5,60.9,58.7,70.7,70.6,70.6,69.7,69.1,70.7,70.7,69.1
06/04/2026 22:55:00,61.6,69.4,63.2,68.9,68.9,68.8,68.8,68.9,68.9,69.2,65.3,69.1,65.8,70.8,65.3,71.6,72.7,73.1,68.8,68.8,65.1,65.1,63.2,69.4,71,65.6,67.1,64.5,64.3,66.4,64.3,67.3,71.4,68.5,69.2,69.1,69.8,69.5,68.9,69.2,68.8,68.9,69,62.7,69.6,64.3,68.9,68.9,65.8,65.1,68.9,68.9,65.3,65.3,65.1,69.1,69.8,69.1,67.1,68.5,71.6,71,69.8,65.1,65.1,69.8,67.2,71,66.2,66.2,71,66.2,69.1,68.8,59.4,61.6,59.5,70.9,70.8,70.8,69.5,68.9,70.9,70.9,68.9
06/04/2026 23:00:00,61.5,69.5,63.2,68.5,68.5,68.4,68.4,68.5,68.5,68.9,65.2,68.8,65.8,70.2,65.2,73.2,76,74.9,68.4,68.4,65.2,65.2,63.9,68.8,70.9,65.3,67.4,64.6,64.3,66.5,64.3,67.1,71.5,68.5,68.9,68.8,69.5,69.1,68.5,68.9,68.4,68.5,68.6,62.8,69.4,64.4,68.5,68.5,65.8,65.2,68.5,68.5,65.2,65.2,65.2,68.8,69.5,68.8,65.8,67.6,71.9,70.9,70.4,65.2,65.2,69.5,68.9,72.6,68.3,67.9,70.8,67.8,68.8,68.4,59.4,61.7,59.6,70.1,70,70,69.1,68.5,70.1,70.1,68.5
06/04/2026 23:05:00,61.3,68.6,63,68.8,68.8,68.1,68.1,68.8,68.8,68.8,65.2,68.7,65.8,70.1,65.2,71.8,74.5,73.4,68.1,68.1,65,65,64,69.7,71,64.7,67,64.5,64.2,66.5,64.2,66.8,71.4,68.1,68.8,68.7,69.4,69.4,68.8,68.8,68.7,68.8,68.9,62.4,69.3,64,68.8,68.8,65.8,65,68.8,68.8,65.2,65.2,65,68.7,69.4,68.7,66,67.6,68.5,68.7,68,65,65,69.4,67.2,71.5,66.8,70.1,73.3,70,68.7,68.7,59,62.7,59.1,69.8,69.7,69.7,69.4,68.8,69.8,69.8,68.8
06/04/2026 23:10:00,61,67.8,62.6,68.8,68.8,68.3,68.3,68.8,68.8,68.8,65.1,68.7,65.8,70,65.1,71.6,74.2,73,68.3,68.3,65.1,65.1,64.4,69.9,71.4,65,67.1,64.4,64.3,66.7,64.3,67.5,72.5,68.8,68.8,68.7,69.4,69.4,68.8,68.8,68.7,68.8,68.9,62.7,69.2,64.2,68.8,68.8,65.8,65.1,68.8,68.8,65.1,65.1,65.1,68.7,69.4,68.7,67.4,70,72.9,72.3,70.1,65.1,65.1,69.4,70.2,73.5,70,71.6,73.6,71.4,68.7,68.7,60.5,62.6,60.6,69.6,69.5,69.5,69.4,68.8,69.6,69.6,68.8
06/04/2026 23:15:00,61.2,68.8,62.8,68.7,68.7,68.1,68.1,68.7,68.7,68.7,65.2,68.6,65.7,70.1,65.2,71.8,73.4,73.3,68.1,68.1,65.2,65.2,65.3,70.5,71.2,65,67,64.5,64.3,66.5,64.3,66.6,73,67.8,68.7,68.6,69.3,69.3,68.7,68.7,68.6,68.7,68.8,63,69.3,64.5,68.7,68.7,65.7,65.2,68.7,68.7,65.2,65.2,65.2,68.6,69.3,68.6,67.8,69.8,72.3,72.1,69.3,65.2,65.2,69.3,69.6,72.5,69.1,69.3,71.8,69.2,68.6,68.6,56.2,60.5,56.4,69.5,69.4,69.4,69.3,68.7,69.5,69.5,68.7
06/04/2026 23:20:00,61.4,68.3,63,68.7,68.7,68.2,68.2,68.7,68.7,68.6,65.1,68.6,65.9,70.1,65.1,73.3,74.8,74.9,68.2,68.2,65.1,65.1,64.9,69.5,71.2,64.8,67.2,64.5,64.3,66.7,64.3,67.8,74.8,69.2,68.6,68.6,69.3,69.3,68.7,68.6,68.6,68.7,68.8,63,69.5,64.5,68.7,68.7,65.9,65.1,68.7,68.7,65.1,65.1,65.1,68.6,69.3,68.6,66.4,68,67.9,68.6,67.2,65.1,65.1,69.3,71.7,74.2,71.5,67.1,71.7,67,68.6,68.6,56.2,60.2,56.4,69.6,69.5,69.5,69.3,68.7,69.6,69.6,68.7
06/04/2026 23:25:00,61.6,69,63.2,68.7,68.7,68.4,68.4,68.7,68.7,68.7,65.2,68.6,65.7,70.2,65.2,72.7,75.1,74.2,68.4,68.4,65.2,65.2,65.8,71,71.7,65.7,66.9,64.4,64.3,66.7,64.3,67.5,74.4,68.7,68.7,68.6,69.3,69.3,68.7,68.7,68.6,68.7,68.8,62.8,69.5,64.4,68.7,68.7,65.7,65.2,68.7,68.7,65.2,65.2,65.2,68.6,69.3,68.6,66,67.5,66.7,68,66.1,65.2,65.2,69.3,69.7,71.6,69.2,66.8,70.5,66.7,68.6,68.6,54.9,59.9,55,69.9,69.8,69.8,69.3,68.7,69.9,69.9,68.7
06/04/2026 23:30:00,61.4,69.3,63,68.6,68.6,68.1,68.1,68.6,68.6,68.6,65.2,68.5,65.8,70.2,65.2,71.4,74.2,72.9,68.1,68.1,65,65,64.2,67.8,69.5,65.4,67,64.5,64.3,66.9,64.3,68.2,73,69.5,68.6,68.5,69.2,69.2,68.6,68.6,68.5,68.6,68.7,62.9,69.3,64.4,68.6,68.6,65.8,65,68.6,68.6,65.2,65.2,65,68.5,69.2,68.5,66.2,67.1,65.4,66,65.9,65,65,69.2,65.7,69.2,64.2,64,67.4,63.9,68.5,68.5,58.1,60.4,58.3,69.8,69.7,69.7,69.2,68.6,69.8,69.8,68.6
06/04/2026 23:35:00,61.5,69.9,63.2,68.7,68.7,67.9,67.9,68.7,68.7,68.6,65.2,68.5,65.6,70.2,65.2,71.4,74.8,72.7,67.9,67.9,65.2,65.2,64.6,69,69.9,65,66.9,64.4,64.5,66.9,64.4,66.7,70.9,67.9,68.6,68.5,69.2,69.3,68.7,68.6,68.6,68.7,68.8,62.8,69.2,64.4,68.7,68.7,65.6,65.2,68.7,68.7,65.2,65.2,65.2,68.5,69.2,68.5,66.4,66.7,61.9,64.8,64.7,65.2,65.2,69.2,65.9,69.7,64.5,66.1,69.9,66.1,68.5,68.6,58.4,58.6,58.6,70.1,70,70,69.3,68.7,70.1,70.1,68.7
06/04/2026 23:40:00,61.5,69.3,63.1,68.6,68.6,67.8,67.8,68.6,68.6,68.7,65.2,68.6,65.6,70.2,65.2,71.6,74.4,72.8,67.8,67.8,65.2,65.2,64.9,70.2,72,65.9,67.2,64.5,64.4,66.9,64.4,67.4,71.8,68.7,68.7,68.6,69.3,69.3,68.6,68.7,68.6,68.6,68.7,63,69.4,64.6,68.6,68.6,65.6,65.2,68.6,68.6,65.2,65.2,65.2,68.6,69.3,68.6,67.1,67.1,65.9,66.7,66.9,65.2,65.2,69.3,62.2,68.3,63.8,64.9,69,64.8,68.6,68.6,56.5,61.6,56.7,70.3,70.2,70.2,69.3,68.6,70.3,70.3,68.6
06/04/2026 23:45:00,61.4,70.4,63.1,69,69,67.9,67.9,69,69,68.5,65.2,68.5,65.9,70.3,65.2,71.8,72.8,73.2,67.9,67.9,65.2,65.2,64.7,69.1,69.7,64.4,67.1,64.5,64.4,66.6,64.4,66.7,72.1,67.9,68.5,68.5,69.2,69.6,69,68.5,68.9,69,69.1,63.1,69.7,64.6,69,69,65.9,65.2,69,69,65.2,65.2,65.2,68.5,69.2,68.5,66.7,68.1,67.3,69.2,67.6,65.2,65.2,69.2,66.4,70.4,65.4,64.6,69.6,64.5,68.5,68.9,53.9,58.4,54.2,70.2,70.1,70.1,69.6,69,70.2,70.2,69
06/04/2026 23:50:00,61.4,69.7,63.1,69.1,69.1,67.7,67.7,69.1,69.1,68.6,65.1,68.5,65.9,70.1,65.1,71.4,73,72.6,67.7,67.7,65.2,65.2,65.2,69.1,68,64.5,67.1,64.5,64.4,66.9,64.4,68.4,74,69.7,68.6,68.5,69.2,69.7,69.1,68.6,69,69.1,69.2,62.8,69.3,64.4,69.1,69.1,65.9,65.2,69.1,69.1,65.1,65.1,65.2,68.5,69.2,68.5,67.2,69.4,67.9,68,67.5,65.2,65.2,69.2,60.7,68.4,63.2,63.3,67.3,63.3,68.5,69,54.1,58.9,54.4,70.4,70.3,70.3,69.7,69.1,70.4,70.4,69.1
06/04/2026 23:55:00,61.4,70.7,63,68.5,68.5,67.7,67.7,68.5,68.5,68.5,65.1,68.4,65.7,70,65.1,69.2,70.5,70.3,67.7,67.7,65.2,65.2,64.6,67.1,65.1,64.3,67,64.4,64.4,66.8,64.4,66.7,72.5,67.9,68.5,68.4,69.1,69.1,68.5,68.5,68.4,68.5,68.6,62.8,68.8,64.2,68.5,68.5,65.7,65.2,68.5,68.5,65.1,65.1,65.2,68.4,69.1,68.4,67.6,68.9,68.1,68.5,67.9,65.2,65.2,69.1,62.1,68.6,64.1,64.4,69,64.3,68.4,68.4,56.6,60.6,56.8,70.4,70.4,70.4,69.1,68.5,70.4,70.4,68.5
