run_idx,phase,tag,day,fit_cov,mean_geh,wall_s,params_json
1,explore,x000,2026-06-02,0.2338,11.313,558.2,"{""N.s_entry.4"": 0.3336, ""N.s_entry.5"": 0.4174, ""N.s_entry.6"": 0.5029, ""N.s_entry.7"": 0.2979, ""N.s_entry.8"": 0.3857, ""N.s_entry.9"": 0.3248, ""N.s_entry.10"": 0.4167, ""N.s_or.4"": 0.3811, ""N.s_or.5"": 0.4479, ""N.s_or.6"": 0.3373, ""N.s_or.7"": 0.4664, ""N.s_or.8"": 0.4018, ""N.s_or.9"": 0.3083, ""N.s_or.10"": 0.2645, ""N.m_off.4"": 0.2357, ""N.m_off.5"": 0.3134, ""N.m_off.6"": 0.5154, ""N.m_off.7"": 0.4457, ""N.m_off.8"": 0.4758, ""N.m_off.9"": 0.522, ""N.m_off.10"": 0.4591, ""N.q_dead.None"": 0.0625, ""S.s_entry.4"": 0.4142, ""S.s_entry.5"": 0.5094, ""S.s_entry.6"": 0.2971, ""S.s_entry.7"": 0.3573, ""S.s_entry.8"": 0.4345, ""S.s_entry.9"": 0.3024, ""S.s_entry.10"": 0.297, ""S.s_or.4"": 0.3017, ""S.s_or.5"": 0.3564, ""S.s_or.6"": 0.2404, ""S.s_or.7"": 0.5007, ""S.s_or.8"": 0.3024, ""S.s_or.9"": 0.3228, ""S.s_or.10"": 0.449, ""S.m_off.4"": 0.243, ""S.m_off.5"": 0.4091, ""S.m_off.6"": 0.2617, ""S.m_off.7"": 0.4546, ""S.m_off.8"": 0.3026, ""S.m_off.9"": 0.3758, ""S.m_off.10"": 0.4844, ""S.q_dead.None"": 0.1391}"
2,explore,x000,2026-06-04,0.3333,11.751,507.6,"{""N.s_entry.4"": 0.3336, ""N.s_entry.5"": 0.4174, ""N.s_entry.6"": 0.5029, ""N.s_entry.7"": 0.2979, ""N.s_entry.8"": 0.3857, ""N.s_entry.9"": 0.3248, ""N.s_entry.10"": 0.4167, ""N.s_or.4"": 0.3811, ""N.s_or.5"": 0.4479, ""N.s_or.6"": 0.3373, ""N.s_or.7"": 0.4664, ""N.s_or.8"": 0.4018, ""N.s_or.9"": 0.3083, ""N.s_or.10"": 0.2645, ""N.m_off.4"": 0.2357, ""N.m_off.5"": 0.3134, ""N.m_off.6"": 0.5154, ""N.m_off.7"": 0.4457, ""N.m_off.8"": 0.4758, ""N.m_off.9"": 0.522, ""N.m_off.10"": 0.4591, ""N.q_dead.None"": 0.0625, ""S.s_entry.4"": 0.4142, ""S.s_entry.5"": 0.5094, ""S.s_entry.6"": 0.2971, ""S.s_entry.7"": 0.3573, ""S.s_entry.8"": 0.4345, ""S.s_entry.9"": 0.3024, ""S.s_entry.10"": 0.297, ""S.s_or.4"": 0.3017, ""S.s_or.5"": 0.3564, ""S.s_or.6"": 0.2404, ""S.s_or.7"": 0.5007, ""S.s_or.8"": 0.3024, ""S.s_or.9"": 0.3228, ""S.s_or.10"": 0.449, ""S.m_off.4"": 0.243, ""S.m_off.5"": 0.4091, ""S.m_off.6"": 0.2617, ""S.m_off.7"": 0.4546, ""S.m_off.8"": 0.3026, ""S.m_off.9"": 0.3758, ""S.m_off.10"": 0.4844, ""S.q_dead.None"": 0.1391}"
3,explore,x001,2026-06-02,0.1354,18.801,1085.3,"{""N.s_entry.4"": 0.2264, ""N.s_entry.5"": 0.9188, ""N.s_entry.6"": 0.7782, ""N.s_entry.7"": 0.3794, ""N.s_entry.8"": 0.0342, ""N.s_entry.9"": 0.0183, ""N.s_entry.10"": 0.9382, ""N.s_or.4"": 0.0671, ""N.s_or.5"": 0.256, ""N.s_or.6"": 0.9623, ""N.s_or.7"": 0.8526, ""N.s_or.8"": 0.8809, ""N.s_or.9"": 0.7427, ""N.s_or.10"": 0.7365, ""N.m_off.4"": 0.0248, ""N.m_off.5"": 0.0777, ""N.m_off.6"": 0.2373, ""N.m_off.7"": 0.4966, ""N.m_off.8"": 0.898, ""N.m_off.9"": 0.1883, ""N.m_off.10"": 0.7359, ""N.q_dead.None"": 0.4334, ""S.s_entry.4"": 0.7084, ""S.s_entry.5"": 0.1475, ""S.s_entry.6"": 0.2344, ""S.s_entry.7"": 0.3847, ""S.s_entry.8"": 0.3031, ""S.s_entry.9"": 0.2692, ""S.s_entry.10"": 0.9736, ""S.s_or.4"": 0.2078, ""S.s_or.5"": 0.4726, ""S.s_or.6"": 0.4581, ""S.s_or.7"": 0.3259, ""S.s_or.8"": 0.1322, ""S.s_or.9"": 0.6201, ""S.s_or.10"": 0.314, ""S.m_off.4"": 0.8382, ""S.m_off.5"": 0.6818, ""S.m_off.6"": 0.8217, ""S.m_off.7"": 0.4101, ""S.m_off.8"": 0.1125, ""S.m_off.9"": 0.6026, ""S.m_off.10"": 0.4003, ""S.q_dead.None"": 0.8567}"
4,explore,x001,2026-06-04,0.1667,18.261,1151.2,"{""N.s_entry.4"": 0.2264, ""N.s_entry.5"": 0.9188, ""N.s_entry.6"": 0.7782, ""N.s_entry.7"": 0.3794, ""N.s_entry.8"": 0.0342, ""N.s_entry.9"": 0.0183, ""N.s_entry.10"": 0.9382, ""N.s_or.4"": 0.0671, ""N.s_or.5"": 0.256, ""N.s_or.6"": 0.9623, ""N.s_or.7"": 0.8526, ""N.s_or.8"": 0.8809, ""N.s_or.9"": 0.7427, ""N.s_or.10"": 0.7365, ""N.m_off.4"": 0.0248, ""N.m_off.5"": 0.0777, ""N.m_off.6"": 0.2373, ""N.m_off.7"": 0.4966, ""N.m_off.8"": 0.898, ""N.m_off.9"": 0.1883, ""N.m_off.10"": 0.7359, ""N.q_dead.None"": 0.4334, ""S.s_entry.4"": 0.7084, ""S.s_entry.5"": 0.1475, ""S.s_entry.6"": 0.2344, ""S.s_entry.7"": 0.3847, ""S.s_entry.8"": 0.3031, ""S.s_entry.9"": 0.2692, ""S.s_entry.10"": 0.9736, ""S.s_or.4"": 0.2078, ""S.s_or.5"": 0.4726, ""S.s_or.6"": 0.4581, ""S.s_or.7"": 0.3259, ""S.s_or.8"": 0.1322, ""S.s_or.9"": 0.6201, ""S.s_or.10"": 0.314, ""S.m_off.4"": 0.8382, ""S.m_off.5"": 0.6818, ""S.m_off.6"": 0.8217, ""S.m_off.7"": 0.4101, ""S.m_off.8"": 0.1125, ""S.m_off.9"": 0.6026, ""S.m_off.10"": 0.4003, ""S.q_dead.None"": 0.8567}"
5,explore,x002,2026-06-02,0.1782,12.167,674.9,"{""N.s_entry.4"": 0.5314, ""N.s_entry.5"": 0.2804, ""N.s_entry.6"": 0.2382, ""N.s_entry.7"": 0.3482, ""N.s_entry.8"": 0.3672, ""N.s_entry.9"": 0.3622, ""N.s_entry.10"": 0.4707, ""N.s_or.4"": 0.4928, ""N.s_or.5"": 0.2884, ""N.s_or.6"": 0.4798, ""N.s_or.7"": 0.3864, ""N.s_or.8"": 0.4469, ""N.s_or.9"": 0.3647, ""N.s_or.10"": 0.3172, ""N.m_off.4"": 0.533, ""N.m_off.5"": 0.442, ""N.m_off.6"": 0.3476, ""N.m_off.7"": 0.4338, ""N.m_off.8"": 0.4584, ""N.m_off.9"": 0.342, ""N.m_off.10"": 0.2927, ""N.q_dead.None"": 0.2846, ""S.s_entry.4"": 0.4813, ""S.s_entry.5"": 0.2843, ""S.s_entry.6"": 0.2547, ""S.s_entry.7"": 0.3462, ""S.s_entry.8"": 0.42, ""S.s_entry.9"": 0.4573, ""S.s_entry.10"": 0.2681, ""S.s_or.4"": 0.3786, ""S.s_or.5"": 0.2887, ""S.s_or.6"": 0.4482, ""S.s_or.7"": 0.2412, ""S.s_or.8"": 0.3857, ""S.s_or.9"": 0.4806, ""S.s_or.10"": 0.3832, ""S.m_off.4"": 0.304, ""S.m_off.5"": 0.3351, ""S.m_off.6"": 0.2899, ""S.m_off.7"": 0.3074, ""S.m_off.8"": 0.2922, ""S.m_off.9"": 0.4499, ""S.m_off.10"": 0.2573, ""S.q_dead.None"": 0.1668}"
6,explore,x002,2026-06-04,0.2975,10.945,516.8,"{""N.s_entry.4"": 0.5314, ""N.s_entry.5"": 0.2804, ""N.s_entry.6"": 0.2382, ""N.s_entry.7"": 0.3482, ""N.s_entry.8"": 0.3672, ""N.s_entry.9"": 0.3622, ""N.s_entry.10"": 0.4707, ""N.s_or.4"": 0.4928, ""N.s_or.5"": 0.2884, ""N.s_or.6"": 0.4798, ""N.s_or.7"": 0.3864, ""N.s_or.8"": 0.4469, ""N.s_or.9"": 0.3647, ""N.s_or.10"": 0.3172, ""N.m_off.4"": 0.533, ""N.m_off.5"": 0.442, ""N.m_off.6"": 0.3476, ""N.m_off.7"": 0.4338, ""N.m_off.8"": 0.4584, ""N.m_off.9"": 0.342, ""N.m_off.10"": 0.2927, ""N.q_dead.None"": 0.2846, ""S.s_entry.4"": 0.4813, ""S.s_entry.5"": 0.2843, ""S.s_entry.6"": 0.2547, ""S.s_entry.7"": 0.3462, ""S.s_entry.8"": 0.42, ""S.s_entry.9"": 0.4573, ""S.s_entry.10"": 0.2681, ""S.s_or.4"": 0.3786, ""S.s_or.5"": 0.2887, ""S.s_or.6"": 0.4482, ""S.s_or.7"": 0.2412, ""S.s_or.8"": 0.3857, ""S.s_or.9"": 0.4806, ""S.s_or.10"": 0.3832, ""S.m_off.4"": 0.304, ""S.m_off.5"": 0.3351, ""S.m_off.6"": 0.2899, ""S.m_off.7"": 0.3074, ""S.m_off.8"": 0.2922, ""S.m_off.9"": 0.4499, ""S.m_off.10"": 0.2573, ""S.q_dead.None"": 0.1668}"
7,explore,x004,2026-06-02,0.2581,11.248,571.6,"{""N.s_entry.4"": 0.2658, ""N.s_entry.5"": 0.4105, ""N.s_entry.6"": 0.3282, ""N.s_entry.7"": 0.4981, ""N.s_entry.8"": 0.3495, ""N.s_entry.9"": 0.2489, ""N.s_entry.10"": 0.4719, ""N.s_or.4"": 0.3501, ""N.s_or.5"": 0.2409, ""N.s_or.6"": 0.2953, ""N.s_or.7"": 0.2676, ""N.s_or.8"": 0.3191, ""N.s_or.9"": 0.516, ""N.s_or.10"": 0.3508, ""N.m_off.4"": 0.4217, ""N.m_off.5"": 0.3694, ""N.m_off.6"": 0.3401, ""N.m_off.7"": 0.3481, ""N.m_off.8"": 0.2764, ""N.m_off.9"": 0.4612, ""N.m_off.10"": 0.3085, ""N.q_dead.None"": 0.2181, ""S.s_entry.4"": 0.2766, ""S.s_entry.5"": 0.5191, ""S.s_entry.6"": 0.355, ""S.s_entry.7"": 0.4482, ""S.s_entry.8"": 0.2814, ""S.s_entry.9"": 0.417, ""S.s_entry.10"": 0.3434, ""S.s_or.4"": 0.4212, ""S.s_or.5"": 0.5175, ""S.s_or.6"": 0.4, ""S.s_or.7"": 0.5019, ""S.s_or.8"": 0.3717, ""S.s_or.9"": 0.4398, ""S.s_or.10"": 0.4134, ""S.m_off.4"": 0.2694, ""S.m_off.5"": 0.526, ""S.m_off.6"": 0.2559, ""S.m_off.7"": 0.331, ""S.m_off.8"": 0.3431, ""S.m_off.9"": 0.5175, ""S.m_off.10"": 0.4889, ""S.q_dead.None"": 0.0066}"
8,explore,x004,2026-06-04,0.3669,10.793,529.6,"{""N.s_entry.4"": 0.2658, ""N.s_entry.5"": 0.4105, ""N.s_entry.6"": 0.3282, ""N.s_entry.7"": 0.4981, ""N.s_entry.8"": 0.3495, ""N.s_entry.9"": 0.2489, ""N.s_entry.10"": 0.4719, ""N.s_or.4"": 0.3501, ""N.s_or.5"": 0.2409, ""N.s_or.6"": 0.2953, ""N.s_or.7"": 0.2676, ""N.s_or.8"": 0.3191, ""N.s_or.9"": 0.516, ""N.s_or.10"": 0.3508, ""N.m_off.4"": 0.4217, ""N.m_off.5"": 0.3694, ""N.m_off.6"": 0.3401, ""N.m_off.7"": 0.3481, ""N.m_off.8"": 0.2764, ""N.m_off.9"": 0.4612, ""N.m_off.10"": 0.3085, ""N.q_dead.None"": 0.2181, ""S.s_entry.4"": 0.2766, ""S.s_entry.5"": 0.5191, ""S.s_entry.6"": 0.355, ""S.s_entry.7"": 0.4482, ""S.s_entry.8"": 0.2814, ""S.s_entry.9"": 0.417, ""S.s_entry.10"": 0.3434, ""S.s_or.4"": 0.4212, ""S.s_or.5"": 0.5175, ""S.s_or.6"": 0.4, ""S.s_or.7"": 0.5019, ""S.s_or.8"": 0.3717, ""S.s_or.9"": 0.4398, ""S.s_or.10"": 0.4134, ""S.m_off.4"": 0.2694, ""S.m_off.5"": 0.526, ""S.m_off.6"": 0.2559, ""S.m_off.7"": 0.331, ""S.m_off.8"": 0.3431, ""S.m_off.9"": 0.5175, ""S.m_off.10"": 0.4889, ""S.q_dead.None"": 0.0066}"
9,explore,x003,2026-06-02,0.1447,19.439,1125.6,"{""N.s_entry.4"": 0.8016, ""N.s_entry.5"": 0.9142, ""N.s_entry.6"": 0.0731, ""N.s_entry.7"": 0.9966, ""N.s_entry.8"": 0.4347, ""N.s_entry.9"": 0.1368, ""N.s_entry.10"": 0.8457, ""N.s_or.4"": 0.2923, ""N.s_or.5"": 0.8049, ""N.s_or.6"": 0.6966, ""N.s_or.7"": 0.3772, ""N.s_or.8"": 0.0638, ""N.s_or.9"": 0.8356, ""N.s_or.10"": 0.7867, ""N.m_off.4"": 0.3933, ""N.m_off.5"": 0.5078, ""N.m_off.6"": 0.6652, ""N.m_off.7"": 0.0722, ""N.m_off.8"": 0.0966, ""N.m_off.9"": 0.6624, ""N.m_off.10"": 0.1872, ""N.q_dead.None"": 0.6603, ""S.s_entry.4"": 0.144, ""S.s_entry.5"": 0.0282, ""S.s_entry.6"": 0.0474, ""S.s_entry.7"": 0.2219, ""S.s_entry.8"": 0.5515, ""S.s_entry.9"": 0.0546, ""S.s_entry.10"": 0.0071, ""S.s_or.4"": 0.2556, ""S.s_or.5"": 0.1474, ""S.s_or.6"": 0.7825, ""S.s_or.7"": 0.5038, ""S.s_or.8"": 0.6174, ""S.s_or.9"": 0.0539, ""S.s_or.10"": 0.4444, ""S.m_off.4"": 0.4841, ""S.m_off.5"": 0.4602, ""S.m_off.6"": 0.1263, ""S.m_off.7"": 0.2716, ""S.m_off.8"": 0.548, ""S.m_off.9"": 0.1577, ""S.m_off.10"": 0.2018, ""S.q_dead.None"": 0.8727}"
10,explore,x003,2026-06-04,0.1863,19.547,1296.3,"{""N.s_entry.4"": 0.8016, ""N.s_entry.5"": 0.9142, ""N.s_entry.6"": 0.0731, ""N.s_entry.7"": 0.9966, ""N.s_entry.8"": 0.4347, ""N.s_entry.9"": 0.1368, ""N.s_entry.10"": 0.8457, ""N.s_or.4"": 0.2923, ""N.s_or.5"": 0.8049, ""N.s_or.6"": 0.6966, ""N.s_or.7"": 0.3772, ""N.s_or.8"": 0.0638, ""N.s_or.9"": 0.8356, ""N.s_or.10"": 0.7867, ""N.m_off.4"": 0.3933, ""N.m_off.5"": 0.5078, ""N.m_off.6"": 0.6652, ""N.m_off.7"": 0.0722, ""N.m_off.8"": 0.0966, ""N.m_off.9"": 0.6624, ""N.m_off.10"": 0.1872, ""N.q_dead.None"": 0.6603, ""S.s_entry.4"": 0.144, ""S.s_entry.5"": 0.0282, ""S.s_entry.6"": 0.0474, ""S.s_entry.7"": 0.2219, ""S.s_entry.8"": 0.5515, ""S.s_entry.9"": 0.0546, ""S.s_entry.10"": 0.0071, ""S.s_or.4"": 0.2556, ""S.s_or.5"": 0.1474, ""S.s_or.6"": 0.7825, ""S.s_or.7"": 0.5038, ""S.s_or.8"": 0.6174, ""S.s_or.9"": 0.0539, ""S.s_or.10"": 0.4444, ""S.m_off.4"": 0.4841, ""S.m_off.5"": 0.4602, ""S.m_off.6"": 0.1263, ""S.m_off.7"": 0.2716, ""S.m_off.8"": 0.548, ""S.m_off.9"": 0.1577, ""S.m_off.10"": 0.2018, ""S.q_dead.None"": 0.8727}"
11,explore,x005,2026-06-02,0.1944,16.039,1192.5,"{""N.s_entry.4"": 0.1615, ""N.s_entry.5"": 0.9356, ""N.s_entry.6"": 0.9044, ""N.s_entry.7"": 0.0459, ""N.s_entry.8"": 0.2515, ""N.s_entry.9"": 0.3497, ""N.s_entry.10"": 0.5019, ""N.s_or.4"": 0.9462, ""N.s_or.5"": 0.4388, ""N.s_or.6"": 0.1872, ""N.s_or.7"": 0.0332, ""N.s_or.8"": 0.9491, ""N.s_or.9"": 0.8406, ""N.s_or.10"": 0.735, ""N.m_off.4"": 0.6922, ""N.m_off.5"": 0.8031, ""N.m_off.6"": 0.699, ""N.m_off.7"": 0.6437, ""N.m_off.8"": 0.6373, ""N.m_off.9"": 0.1277, ""N.m_off.10"": 0.4124, ""N.q_dead.None"": 0.6076, ""S.s_entry.4"": 0.7935, ""S.s_entry.5"": 0.3801, ""S.s_entry.6"": 0.5943, ""S.s_entry.7"": 0.3982, ""S.s_entry.8"": 0.5698, ""S.s_entry.9"": 0.7262, ""S.s_entry.10"": 0.3987, ""S.s_or.4"": 0.1181, ""S.s_or.5"": 0.2711, ""S.s_or.6"": 0.8739, ""S.s_or.7"": 0.2638, ""S.s_or.8"": 0.0884, ""S.s_or.9"": 0.9368, ""S.s_or.10"": 0.859, ""S.m_off.4"": 0.8475, ""S.m_off.5"": 0.9051, ""S.m_off.6"": 0.4788, ""S.m_off.7"": 0.4757, ""S.m_off.8"": 0.9414, ""S.m_off.9"": 0.088, ""S.m_off.10"": 0.5999, ""S.q_dead.None"": 0.5303}"
12,explore,x005,2026-06-04,0.2442,14.704,957.7,"{""N.s_entry.4"": 0.1615, ""N.s_entry.5"": 0.9356, ""N.s_entry.6"": 0.9044, ""N.s_entry.7"": 0.0459, ""N.s_entry.8"": 0.2515, ""N.s_entry.9"": 0.3497, ""N.s_entry.10"": 0.5019, ""N.s_or.4"": 0.9462, ""N.s_or.5"": 0.4388, ""N.s_or.6"": 0.1872, ""N.s_or.7"": 0.0332, ""N.s_or.8"": 0.9491, ""N.s_or.9"": 0.8406, ""N.s_or.10"": 0.735, ""N.m_off.4"": 0.6922, ""N.m_off.5"": 0.8031, ""N.m_off.6"": 0.699, ""N.m_off.7"": 0.6437, ""N.m_off.8"": 0.6373, ""N.m_off.9"": 0.1277, ""N.m_off.10"": 0.4124, ""N.q_dead.None"": 0.6076, ""S.s_entry.4"": 0.7935, ""S.s_entry.5"": 0.3801, ""S.s_entry.6"": 0.5943, ""S.s_entry.7"": 0.3982, ""S.s_entry.8"": 0.5698, ""S.s_entry.9"": 0.7262, ""S.s_entry.10"": 0.3987, ""S.s_or.4"": 0.1181, ""S.s_or.5"": 0.2711, ""S.s_or.6"": 0.8739, ""S.s_or.7"": 0.2638, ""S.s_or.8"": 0.0884, ""S.s_or.9"": 0.9368, ""S.s_or.10"": 0.859, ""S.m_off.4"": 0.8475, ""S.m_off.5"": 0.9051, ""S.m_off.6"": 0.4788, ""S.m_off.7"": 0.4757, ""S.m_off.8"": 0.9414, ""S.m_off.9"": 0.088, ""S.m_off.10"": 0.5999, ""S.q_dead.None"": 0.5303}"
13,explore,x006,2026-06-02,0.2141,12.2,705.4,"{""N.s_entry.4"": 0.4316, ""N.s_entry.5"": 0.316, ""N.s_entry.6"": 0.3826, ""N.s_entry.7"": 0.4297, ""N.s_entry.8"": 0.4986, ""N.s_entry.9"": 0.3387, ""N.s_entry.10"": 0.2875, ""N.s_or.4"": 0.4897, ""N.s_or.5"": 0.4909, ""N.s_or.6"": 0.2721, ""N.s_or.7"": 0.251, ""N.s_or.8"": 0.4229, ""N.s_or.9"": 0.2352, ""N.s_or.10"": 0.4358, ""N.m_off.4"": 0.5212, ""N.m_off.5"": 0.4886, ""N.m_off.6"": 0.2546, ""N.m_off.7"": 0.2467, ""N.m_off.8"": 0.4549, ""N.m_off.9"": 0.5295, ""N.m_off.10"": 0.2932, ""N.q_dead.None"": 0.2538, ""S.s_entry.4"": 0.5038, ""S.s_entry.5"": 0.4837, ""S.s_entry.6"": 0.3874, ""S.s_entry.7"": 0.3064, ""S.s_entry.8"": 0.476, ""S.s_entry.9"": 0.3962, ""S.s_entry.10"": 0.2784, ""S.s_or.4"": 0.2723, ""S.s_or.5"": 0.2402, ""S.s_or.6"": 0.4423, ""S.s_or.7"": 0.3672, ""S.s_or.8"": 0.3637, ""S.s_or.9"": 0.3694, ""S.s_or.10"": 0.4327, ""S.m_off.4"": 0.296, ""S.m_off.5"": 0.3757, ""S.m_off.6"": 0.3573, ""S.m_off.7"": 0.4118, ""S.m_off.8"": 0.2885, ""S.m_off.9"": 0.2352, ""S.m_off.10"": 0.4271, ""S.q_dead.None"": 0.184}"
14,explore,x006,2026-06-04,0.2627,11.336,535.1,"{""N.s_entry.4"": 0.4316, ""N.s_entry.5"": 0.316, ""N.s_entry.6"": 0.3826, ""N.s_entry.7"": 0.4297, ""N.s_entry.8"": 0.4986, ""N.s_entry.9"": 0.3387, ""N.s_entry.10"": 0.2875, ""N.s_or.4"": 0.4897, ""N.s_or.5"": 0.4909, ""N.s_or.6"": 0.2721, ""N.s_or.7"": 0.251, ""N.s_or.8"": 0.4229, ""N.s_or.9"": 0.2352, ""N.s_or.10"": 0.4358, ""N.m_off.4"": 0.5212, ""N.m_off.5"": 0.4886, ""N.m_off.6"": 0.2546, ""N.m_off.7"": 0.2467, ""N.m_off.8"": 0.4549, ""N.m_off.9"": 0.5295, ""N.m_off.10"": 0.2932, ""N.q_dead.None"": 0.2538, ""S.s_entry.4"": 0.5038, ""S.s_entry.5"": 0.4837, ""S.s_entry.6"": 0.3874, ""S.s_entry.7"": 0.3064, ""S.s_entry.8"": 0.476, ""S.s_entry.9"": 0.3962, ""S.s_entry.10"": 0.2784, ""S.s_or.4"": 0.2723, ""S.s_or.5"": 0.2402, ""S.s_or.6"": 0.4423, ""S.s_or.7"": 0.3672, ""S.s_or.8"": 0.3637, ""S.s_or.9"": 0.3694, ""S.s_or.10"": 0.4327, ""S.m_off.4"": 0.296, ""S.m_off.5"": 0.3757, ""S.m_off.6"": 0.3573, ""S.m_off.7"": 0.4118, ""S.m_off.8"": 0.2885, ""S.m_off.9"": 0.2352, ""S.m_off.10"": 0.4271, ""S.q_dead.None"": 0.184}"
15,explore,x007,2026-06-02,0.1933,13.626,700.1,"{""N.s_entry.4"": 0.0481, ""N.s_entry.5"": 0.6115, ""N.s_entry.6"": 0.1126, ""N.s_entry.7"": 0.06, ""N.s_entry.8"": 0.9385, ""N.s_entry.9"": 0.0901, ""N.s_entry.10"": 0.0523, ""N.s_or.4"": 0.7575, ""N.s_or.5"": 0.8297, ""N.s_or.6"": 0.0086, ""N.s_or.7"": 0.4604, ""N.s_or.8"": 0.9201, ""N.s_or.9"": 0.0806, ""N.s_or.10"": 0.0463, ""N.m_off.4"": 0.5152, ""N.m_off.5"": 0.3624, ""N.m_off.6"": 0.9153, ""N.m_off.7"": 0.8417, ""N.m_off.8"": 0.5189, ""N.m_off.9"": 0.921, ""N.m_off.10"": 0.3987, ""N.q_dead.None"": 0.1757, ""S.s_entry.4"": 0.6256, ""S.s_entry.5"": 0.1735, ""S.s_entry.6"": 0.5475, ""S.s_entry.7"": 0.8726, ""S.s_entry.8"": 0.96, ""S.s_entry.9"": 0.676, ""S.s_entry.10"": 0.1597, ""S.s_or.4"": 0.5888, ""S.s_or.5"": 0.2043, ""S.s_or.6"": 0.4016, ""S.s_or.7"": 0.1564, ""S.s_or.8"": 0.3526, ""S.s_or.9"": 0.4429, ""S.s_or.10"": 0.7402, ""S.m_off.4"": 0.3275, ""S.m_off.5"": 0.5926, ""S.m_off.6"": 0.1589, ""S.m_off.7"": 0.181, ""S.m_off.8"": 0.8601, ""S.m_off.9"": 0.2911, ""S.m_off.10"": 0.7476, ""S.q_dead.None"": 0.3875}"
16,explore,x007,2026-06-04,0.2303,13.593,620.5,"{""N.s_entry.4"": 0.0481, ""N.s_entry.5"": 0.6115, ""N.s_entry.6"": 0.1126, ""N.s_entry.7"": 0.06, ""N.s_entry.8"": 0.9385, ""N.s_entry.9"": 0.0901, ""N.s_entry.10"": 0.0523, ""N.s_or.4"": 0.7575, ""N.s_or.5"": 0.8297, ""N.s_or.6"": 0.0086, ""N.s_or.7"": 0.4604, ""N.s_or.8"": 0.9201, ""N.s_or.9"": 0.0806, ""N.s_or.10"": 0.0463, ""N.m_off.4"": 0.5152, ""N.m_off.5"": 0.3624, ""N.m_off.6"": 0.9153, ""N.m_off.7"": 0.8417, ""N.m_off.8"": 0.5189, ""N.m_off.9"": 0.921, ""N.m_off.10"": 0.3987, ""N.q_dead.None"": 0.1757, ""S.s_entry.4"": 0.6256, ""S.s_entry.5"": 0.1735, ""S.s_entry.6"": 0.5475, ""S.s_entry.7"": 0.8726, ""S.s_entry.8"": 0.96, ""S.s_entry.9"": 0.676, ""S.s_entry.10"": 0.1597, ""S.s_or.4"": 0.5888, ""S.s_or.5"": 0.2043, ""S.s_or.6"": 0.4016, ""S.s_or.7"": 0.1564, ""S.s_or.8"": 0.3526, ""S.s_or.9"": 0.4429, ""S.s_or.10"": 0.7402, ""S.m_off.4"": 0.3275, ""S.m_off.5"": 0.5926, ""S.m_off.6"": 0.1589, ""S.m_off.7"": 0.181, ""S.m_off.8"": 0.8601, ""S.m_off.9"": 0.2911, ""S.m_off.10"": 0.7476, ""S.q_dead.None"": 0.3875}"
17,explore,x008,2026-06-02,0.1863,12.587,651.3,"{""N.s_entry.4"": 0.3097, ""N.s_entry.5"": 0.4723, ""N.s_entry.6"": 0.3564, ""N.s_entry.7"": 0.5273, ""N.s_entry.8"": 0.2785, ""N.s_entry.9"": 0.3374, ""N.s_entry.10"": 0.4318, ""N.s_or.4"": 0.381, ""N.s_or.5"": 0.359, ""N.s_or.6"": 0.2795, ""N.s_or.7"": 0.3733, ""N.s_or.8"": 0.4558, ""N.s_or.9"": 0.2665, ""N.s_or.10"": 0.2907, ""N.m_off.4"": 0.5104, ""N.m_off.5"": 0.39, ""N.m_off.6"": 0.279, ""N.m_off.7"": 0.4512, ""N.m_off.8"": 0.4623, ""N.m_off.9"": 0.4089, ""N.m_off.10"": 0.4586, ""N.q_dead.None"": 0.2729, ""S.s_entry.4"": 0.279, ""S.s_entry.5"": 0.3993, ""S.s_entry.6"": 0.4029, ""S.s_entry.7"": 0.4856, ""S.s_entry.8"": 0.5086, ""S.s_entry.9"": 0.5207, ""S.s_entry.10"": 0.5057, ""S.s_or.4"": 0.2833, ""S.s_or.5"": 0.3021, ""S.s_or.6"": 0.4973, ""S.s_or.7"": 0.5138, ""S.s_or.8"": 0.2883, ""S.s_or.9"": 0.5303, ""S.s_or.10"": 0.2365, ""S.m_off.4"": 0.3817, ""S.m_off.5"": 0.2969, ""S.m_off.6"": 0.5184, ""S.m_off.7"": 0.4417, ""S.m_off.8"": 0.3628, ""S.m_off.9"": 0.4801, ""S.m_off.10"": 0.4767, ""S.q_dead.None"": 0.2452}"
18,explore,x008,2026-06-04,0.2731,11.624,585.3,"{""N.s_entry.4"": 0.3097, ""N.s_entry.5"": 0.4723, ""N.s_entry.6"": 0.3564, ""N.s_entry.7"": 0.5273, ""N.s_entry.8"": 0.2785, ""N.s_entry.9"": 0.3374, ""N.s_entry.10"": 0.4318, ""N.s_or.4"": 0.381, ""N.s_or.5"": 0.359, ""N.s_or.6"": 0.2795, ""N.s_or.7"": 0.3733, ""N.s_or.8"": 0.4558, ""N.s_or.9"": 0.2665, ""N.s_or.10"": 0.2907, ""N.m_off.4"": 0.5104, ""N.m_off.5"": 0.39, ""N.m_off.6"": 0.279, ""N.m_off.7"": 0.4512, ""N.m_off.8"": 0.4623, ""N.m_off.9"": 0.4089, ""N.m_off.10"": 0.4586, ""N.q_dead.None"": 0.2729, ""S.s_entry.4"": 0.279, ""S.s_entry.5"": 0.3993, ""S.s_entry.6"": 0.4029, ""S.s_entry.7"": 0.4856, ""S.s_entry.8"": 0.5086, ""S.s_entry.9"": 0.5207, ""S.s_entry.10"": 0.5057, ""S.s_or.4"": 0.2833, ""S.s_or.5"": 0.3021, ""S.s_or.6"": 0.4973, ""S.s_or.7"": 0.5138, ""S.s_or.8"": 0.2883, ""S.s_or.9"": 0.5303, ""S.s_or.10"": 0.2365, ""S.m_off.4"": 0.3817, ""S.m_off.5"": 0.2969, ""S.m_off.6"": 0.5184, ""S.m_off.7"": 0.4417, ""S.m_off.8"": 0.3628, ""S.m_off.9"": 0.4801, ""S.m_off.10"": 0.4767, ""S.q_dead.None"": 0.2452}"
19,explore,x010,2026-06-02,0.2361,11.205,498.4,"{""N.s_entry.4"": 0.3232, ""N.s_entry.5"": 0.4876, ""N.s_entry.6"": 0.266, ""N.s_entry.7"": 0.3634, ""N.s_entry.8"": 0.514, ""N.s_entry.9"": 0.4081, ""N.s_entry.10"": 0.4397, ""N.s_or.4"": 0.509, ""N.s_or.5"": 0.2964, ""N.s_or.6"": 0.3125, ""N.s_or.7"": 0.3243, ""N.s_or.8"": 0.5297, ""N.s_or.9"": 0.338, ""N.s_or.10"": 0.4389, ""N.m_off.4"": 0.4909, ""N.m_off.5"": 0.4261, ""N.m_off.6"": 0.288, ""N.m_off.7"": 0.2426, ""N.m_off.8"": 0.5303, ""N.m_off.9"": 0.3492, ""N.m_off.10"": 0.3405, ""N.q_dead.None"": 0.172, ""S.s_entry.4"": 0.3132, ""S.s_entry.5"": 0.3194, ""S.s_entry.6"": 0.2711, ""S.s_entry.7"": 0.3712, ""S.s_entry.8"": 0.2626, ""S.s_entry.9"": 0.4453, ""S.s_entry.10"": 0.5211, ""S.s_or.4"": 0.4981, ""S.s_or.5"": 0.4506, ""S.s_or.6"": 0.2663, ""S.s_or.7"": 0.3461, ""S.s_or.8"": 0.2552, ""S.s_or.9"": 0.3513, ""S.s_or.10"": 0.3135, ""S.m_off.4"": 0.2684, ""S.m_off.5"": 0.2989, ""S.m_off.6"": 0.295, ""S.m_off.7"": 0.3741, ""S.m_off.8"": 0.4034, ""S.m_off.9"": 0.2777, ""S.m_off.10"": 0.237, ""S.q_dead.None"": 0.1335}"
20,explore,x010,2026-06-04,0.3356,10.787,427.3,"{""N.s_entry.4"": 0.3232, ""N.s_entry.5"": 0.4876, ""N.s_entry.6"": 0.266, ""N.s_entry.7"": 0.3634, ""N.s_entry.8"": 0.514, ""N.s_entry.9"": 0.4081, ""N.s_entry.10"": 0.4397, ""N.s_or.4"": 0.509, ""N.s_or.5"": 0.2964, ""N.s_or.6"": 0.3125, ""N.s_or.7"": 0.3243, ""N.s_or.8"": 0.5297, ""N.s_or.9"": 0.338, ""N.s_or.10"": 0.4389, ""N.m_off.4"": 0.4909, ""N.m_off.5"": 0.4261, ""N.m_off.6"": 0.288, ""N.m_off.7"": 0.2426, ""N.m_off.8"": 0.5303, ""N.m_off.9"": 0.3492, ""N.m_off.10"": 0.3405, ""N.q_dead.None"": 0.172, ""S.s_entry.4"": 0.3132, ""S.s_entry.5"": 0.3194, ""S.s_entry.6"": 0.2711, ""S.s_entry.7"": 0.3712, ""S.s_entry.8"": 0.2626, ""S.s_entry.9"": 0.4453, ""S.s_entry.10"": 0.5211, ""S.s_or.4"": 0.4981, ""S.s_or.5"": 0.4506, ""S.s_or.6"": 0.2663, ""S.s_or.7"": 0.3461, ""S.s_or.8"": 0.2552, ""S.s_or.9"": 0.3513, ""S.s_or.10"": 0.3135, ""S.m_off.4"": 0.2684, ""S.m_off.5"": 0.2989, ""S.m_off.6"": 0.295, ""S.m_off.7"": 0.3741, ""S.m_off.8"": 0.4034, ""S.m_off.9"": 0.2777, ""S.m_off.10"": 0.237, ""S.q_dead.None"": 0.1335}"
21,explore,x009,2026-06-02,0.2072,15.742,763.7,"{""N.s_entry.4"": 0.5804, ""N.s_entry.5"": 0.3988, ""N.s_entry.6"": 0.3009, ""N.s_entry.7"": 0.5453, ""N.s_entry.8"": 0.7526, ""N.s_entry.9"": 0.9922, ""N.s_entry.10"": 0.8517, ""N.s_or.4"": 0.8721, ""N.s_or.5"": 0.7666, ""N.s_or.6"": 0.1718, ""N.s_or.7"": 0.7336, ""N.s_or.8"": 0.1396, ""N.s_or.9"": 0.9983, ""N.s_or.10"": 0.3204, ""N.m_off.4"": 0.6926, ""N.m_off.5"": 0.8252, ""N.m_off.6"": 0.0719, ""N.m_off.7"": 0.7518, ""N.m_off.8"": 0.017, ""N.m_off.9"": 0.8592, ""N.m_off.10"": 0.4644, ""N.q_dead.None"": 0.7019, ""S.s_entry.4"": 0.982, ""S.s_entry.5"": 0.3746, ""S.s_entry.6"": 0.3503, ""S.s_entry.7"": 0.0144, ""S.s_entry.8"": 0.9372, ""S.s_entry.9"": 0.87, ""S.s_entry.10"": 0.6208, ""S.s_or.4"": 0.7736, ""S.s_or.5"": 0.3052, ""S.s_or.6"": 0.8325, ""S.s_or.7"": 0.9187, ""S.s_or.8"": 0.7865, ""S.s_or.9"": 0.2503, ""S.s_or.10"": 0.0792, ""S.m_off.4"": 0.3485, ""S.m_off.5"": 0.1353, ""S.m_off.6"": 0.6748, ""S.m_off.7"": 0.7077, ""S.m_off.8"": 0.2526, ""S.m_off.9"": 0.2075, ""S.m_off.10"": 0.1549, ""S.q_dead.None"": 0.0655}"
22,explore,x009,2026-06-04,0.2708,14.935,671.3,"{""N.s_entry.4"": 0.5804, ""N.s_entry.5"": 0.3988, ""N.s_entry.6"": 0.3009, ""N.s_entry.7"": 0.5453, ""N.s_entry.8"": 0.7526, ""N.s_entry.9"": 0.9922, ""N.s_entry.10"": 0.8517, ""N.s_or.4"": 0.8721, ""N.s_or.5"": 0.7666, ""N.s_or.6"": 0.1718, ""N.s_or.7"": 0.7336, ""N.s_or.8"": 0.1396, ""N.s_or.9"": 0.9983, ""N.s_or.10"": 0.3204, ""N.m_off.4"": 0.6926, ""N.m_off.5"": 0.8252, ""N.m_off.6"": 0.0719, ""N.m_off.7"": 0.7518, ""N.m_off.8"": 0.017, ""N.m_off.9"": 0.8592, ""N.m_off.10"": 0.4644, ""N.q_dead.None"": 0.7019, ""S.s_entry.4"": 0.982, ""S.s_entry.5"": 0.3746, ""S.s_entry.6"": 0.3503, ""S.s_entry.7"": 0.0144, ""S.s_entry.8"": 0.9372, ""S.s_entry.9"": 0.87, ""S.s_entry.10"": 0.6208, ""S.s_or.4"": 0.7736, ""S.s_or.5"": 0.3052, ""S.s_or.6"": 0.8325, ""S.s_or.7"": 0.9187, ""S.s_or.8"": 0.7865, ""S.s_or.9"": 0.2503, ""S.s_or.10"": 0.0792, ""S.m_off.4"": 0.3485, ""S.m_off.5"": 0.1353, ""S.m_off.6"": 0.6748, ""S.m_off.7"": 0.7077, ""S.m_off.8"": 0.2526, ""S.m_off.9"": 0.2075, ""S.m_off.10"": 0.1549, ""S.q_dead.None"": 0.0655}"
23,explore,x012,2026-06-02,0.2755,11.012,400.5,"{""N.s_entry.4"": 0.3215, ""N.s_entry.5"": 0.3291, ""N.s_entry.6"": 0.3495, ""N.s_entry.7"": 0.2409, ""N.s_entry.8"": 0.3309, ""N.s_entry.9"": 0.4889, ""N.s_entry.10"": 0.2349, ""N.s_or.4"": 0.2556, ""N.s_or.5"": 0.3799, ""N.s_or.6"": 0.3635, ""N.s_or.7"": 0.4724, ""N.s_or.8"": 0.3827, ""N.s_or.9"": 0.2798, ""N.s_or.10"": 0.3545, ""N.m_off.4"": 0.4808, ""N.m_off.5"": 0.4944, ""N.m_off.6"": 0.3114, ""N.m_off.7"": 0.3149, ""N.m_off.8"": 0.4495, ""N.m_off.9"": 0.2955, ""N.m_off.10"": 0.4051, ""N.q_dead.None"": 0.0446, ""S.s_entry.4"": 0.3142, ""S.s_entry.5"": 0.343, ""S.s_entry.6"": 0.2852, ""S.s_entry.7"": 0.5099, ""S.s_entry.8"": 0.263, ""S.s_entry.9"": 0.5097, ""S.s_entry.10"": 0.2385, ""S.s_or.4"": 0.2486, ""S.s_or.5"": 0.393, ""S.s_or.6"": 0.2804, ""S.s_or.7"": 0.4389, ""S.s_or.8"": 0.2408, ""S.s_or.9"": 0.4063, ""S.s_or.10"": 0.3715, ""S.m_off.4"": 0.504, ""S.m_off.5"": 0.2775, ""S.m_off.6"": 0.3607, ""S.m_off.7"": 0.2902, ""S.m_off.8"": 0.2599, ""S.m_off.9"": 0.296, ""S.m_off.10"": 0.2485, ""S.q_dead.None"": 0.0674}"
24,explore,x012,2026-06-04,0.3403,11.134,392.5,"{""N.s_entry.4"": 0.3215, ""N.s_entry.5"": 0.3291, ""N.s_entry.6"": 0.3495, ""N.s_entry.7"": 0.2409, ""N.s_entry.8"": 0.3309, ""N.s_entry.9"": 0.4889, ""N.s_entry.10"": 0.2349, ""N.s_or.4"": 0.2556, ""N.s_or.5"": 0.3799, ""N.s_or.6"": 0.3635, ""N.s_or.7"": 0.4724, ""N.s_or.8"": 0.3827, ""N.s_or.9"": 0.2798, ""N.s_or.10"": 0.3545, ""N.m_off.4"": 0.4808, ""N.m_off.5"": 0.4944, ""N.m_off.6"": 0.3114, ""N.m_off.7"": 0.3149, ""N.m_off.8"": 0.4495, ""N.m_off.9"": 0.2955, ""N.m_off.10"": 0.4051, ""N.q_dead.None"": 0.0446, ""S.s_entry.4"": 0.3142, ""S.s_entry.5"": 0.343, ""S.s_entry.6"": 0.2852, ""S.s_entry.7"": 0.5099, ""S.s_entry.8"": 0.263, ""S.s_entry.9"": 0.5097, ""S.s_entry.10"": 0.2385, ""S.s_or.4"": 0.2486, ""S.s_or.5"": 0.393, ""S.s_or.6"": 0.2804, ""S.s_or.7"": 0.4389, ""S.s_or.8"": 0.2408, ""S.s_or.9"": 0.4063, ""S.s_or.10"": 0.3715, ""S.m_off.4"": 0.504, ""S.m_off.5"": 0.2775, ""S.m_off.6"": 0.3607, ""S.m_off.7"": 0.2902, ""S.m_off.8"": 0.2599, ""S.m_off.9"": 0.296, ""S.m_off.10"": 0.2485, ""S.q_dead.None"": 0.0674}"
25,explore,x011,2026-06-02,0.2083,15.999,830.3,"{""N.s_entry.4"": 0.0707, ""N.s_entry.5"": 0.5376, ""N.s_entry.6"": 0.4425, ""N.s_entry.7"": 0.928, ""N.s_entry.8"": 0.6259, ""N.s_entry.9"": 0.7604, ""N.s_entry.10"": 0.4589, ""N.s_or.4"": 0.6781, ""N.s_or.5"": 0.4822, ""N.s_or.6"": 0.4647, ""N.s_or.7"": 0.5305, ""N.s_or.8"": 0.4116, ""N.s_or.9"": 0.7484, ""N.s_or.10"": 0.4379, ""N.m_off.4"": 0.6054, ""N.m_off.5"": 0.2086, ""N.m_off.6"": 0.3305, ""N.m_off.7"": 0.1162, ""N.m_off.8"": 0.3242, ""N.m_off.9"": 0.9571, ""N.m_off.10"": 0.5367, ""N.q_dead.None"": 0.6353, ""S.s_entry.4"": 0.4215, ""S.s_entry.5"": 0.0238, ""S.s_entry.6"": 0.4663, ""S.s_entry.7"": 0.3697, ""S.s_entry.8"": 0.633, ""S.s_entry.9"": 0.4135, ""S.s_entry.10"": 0.1227, ""S.s_or.4"": 0.0943, ""S.s_or.5"": 0.3017, ""S.s_or.6"": 0.9381, ""S.s_or.7"": 0.963, ""S.s_or.8"": 0.2026, ""S.s_or.9"": 0.2451, ""S.s_or.10"": 0.5841, ""S.m_off.4"": 0.252, ""S.m_off.5"": 0.0737, ""S.m_off.6"": 0.8423, ""S.m_off.7"": 0.5901, ""S.m_off.8"": 0.7729, ""S.m_off.9"": 0.9441, ""S.m_off.10"": 0.1916, ""S.q_dead.None"": 0.3365}"
26,explore,x011,2026-06-04,0.2188,15.529,874.0,"{""N.s_entry.4"": 0.0707, ""N.s_entry.5"": 0.5376, ""N.s_entry.6"": 0.4425, ""N.s_entry.7"": 0.928, ""N.s_entry.8"": 0.6259, ""N.s_entry.9"": 0.7604, ""N.s_entry.10"": 0.4589, ""N.s_or.4"": 0.6781, ""N.s_or.5"": 0.4822, ""N.s_or.6"": 0.4647, ""N.s_or.7"": 0.5305, ""N.s_or.8"": 0.4116, ""N.s_or.9"": 0.7484, ""N.s_or.10"": 0.4379, ""N.m_off.4"": 0.6054, ""N.m_off.5"": 0.2086, ""N.m_off.6"": 0.3305, ""N.m_off.7"": 0.1162, ""N.m_off.8"": 0.3242, ""N.m_off.9"": 0.9571, ""N.m_off.10"": 0.5367, ""N.q_dead.None"": 0.6353, ""S.s_entry.4"": 0.4215, ""S.s_entry.5"": 0.0238, ""S.s_entry.6"": 0.4663, ""S.s_entry.7"": 0.3697, ""S.s_entry.8"": 0.633, ""S.s_entry.9"": 0.4135, ""S.s_entry.10"": 0.1227, ""S.s_or.4"": 0.0943, ""S.s_or.5"": 0.3017, ""S.s_or.6"": 0.9381, ""S.s_or.7"": 0.963, ""S.s_or.8"": 0.2026, ""S.s_or.9"": 0.2451, ""S.s_or.10"": 0.5841, ""S.m_off.4"": 0.252, ""S.m_off.5"": 0.0737, ""S.m_off.6"": 0.8423, ""S.m_off.7"": 0.5901, ""S.m_off.8"": 0.7729, ""S.m_off.9"": 0.9441, ""S.m_off.10"": 0.1916, ""S.q_dead.None"": 0.3365}"
27,explore,x013,2026-06-02,0.2789,16.529,907.4,"{""N.s_entry.4"": 0.2246, ""N.s_entry.5"": 0.6138, ""N.s_entry.6"": 0.1341, ""N.s_entry.7"": 0.2415, ""N.s_entry.8"": 0.9476, ""N.s_entry.9"": 0.5887, ""N.s_entry.10"": 0.2819, ""N.s_or.4"": 0.2121, ""N.s_or.5"": 0.7152, ""N.s_or.6"": 0.8068, ""N.s_or.7"": 0.7646, ""N.s_or.8"": 0.8158, ""N.s_or.9"": 0.943, ""N.s_or.10"": 0.4555, ""N.m_off.4"": 0.2817, ""N.m_off.5"": 0.6704, ""N.m_off.6"": 0.9012, ""N.m_off.7"": 0.694, ""N.m_off.8"": 0.4898, ""N.m_off.9"": 0.4742, ""N.m_off.10"": 0.019, ""N.q_dead.None"": 0.9736, ""S.s_entry.4"": 0.1004, ""S.s_entry.5"": 0.6886, ""S.s_entry.6"": 0.315, ""S.s_entry.7"": 0.5813, ""S.s_entry.8"": 0.1145, ""S.s_entry.9"": 0.9381, ""S.s_entry.10"": 0.2165, ""S.s_or.4"": 0.5218, ""S.s_or.5"": 0.0244, ""S.s_or.6"": 0.3258, ""S.s_or.7"": 0.8788, ""S.s_or.8"": 0.6771, ""S.s_or.9"": 0.7107, ""S.s_or.10"": 0.2456, ""S.m_off.4"": 0.4722, ""S.m_off.5"": 0.6903, ""S.m_off.6"": 0.1011, ""S.m_off.7"": 0.0821, ""S.m_off.8"": 0.4439, ""S.m_off.9"": 0.2958, ""S.m_off.10"": 0.8864, ""S.q_dead.None"": 0.0665}"
28,explore,x013,2026-06-04,0.2882,16.814,870.7,"{""N.s_entry.4"": 0.2246, ""N.s_entry.5"": 0.6138, ""N.s_entry.6"": 0.1341, ""N.s_entry.7"": 0.2415, ""N.s_entry.8"": 0.9476, ""N.s_entry.9"": 0.5887, ""N.s_entry.10"": 0.2819, ""N.s_or.4"": 0.2121, ""N.s_or.5"": 0.7152, ""N.s_or.6"": 0.8068, ""N.s_or.7"": 0.7646, ""N.s_or.8"": 0.8158, ""N.s_or.9"": 0.943, ""N.s_or.10"": 0.4555, ""N.m_off.4"": 0.2817, ""N.m_off.5"": 0.6704, ""N.m_off.6"": 0.9012, ""N.m_off.7"": 0.694, ""N.m_off.8"": 0.4898, ""N.m_off.9"": 0.4742, ""N.m_off.10"": 0.019, ""N.q_dead.None"": 0.9736, ""S.s_entry.4"": 0.1004, ""S.s_entry.5"": 0.6886, ""S.s_entry.6"": 0.315, ""S.s_entry.7"": 0.5813, ""S.s_entry.8"": 0.1145, ""S.s_entry.9"": 0.9381, ""S.s_entry.10"": 0.2165, ""S.s_or.4"": 0.5218, ""S.s_or.5"": 0.0244, ""S.s_or.6"": 0.3258, ""S.s_or.7"": 0.8788, ""S.s_or.8"": 0.6771, ""S.s_or.9"": 0.7107, ""S.s_or.10"": 0.2456, ""S.m_off.4"": 0.4722, ""S.m_off.5"": 0.6903, ""S.m_off.6"": 0.1011, ""S.m_off.7"": 0.0821, ""S.m_off.8"": 0.4439, ""S.m_off.9"": 0.2958, ""S.m_off.10"": 0.8864, ""S.q_dead.None"": 0.0665}"
29,explore,x014,2026-06-02,0.2141,11.63,584.4,"{""N.s_entry.4"": 0.5182, ""N.s_entry.5"": 0.4782, ""N.s_entry.6"": 0.3806, ""N.s_entry.7"": 0.3729, ""N.s_entry.8"": 0.4778, ""N.s_entry.9"": 0.3791, ""N.s_entry.10"": 0.5104, ""N.s_or.4"": 0.3069, ""N.s_or.5"": 0.2706, ""N.s_or.6"": 0.4436, ""N.s_or.7"": 0.322, ""N.s_or.8"": 0.4728, ""N.s_or.9"": 0.4546, ""N.s_or.10"": 0.3425, ""N.m_off.4"": 0.2707, ""N.m_off.5"": 0.4854, ""N.m_off.6"": 0.3328, ""N.m_off.7"": 0.4791, ""N.m_off.8"": 0.4818, ""N.m_off.9"": 0.386, ""N.m_off.10"": 0.521, ""N.q_dead.None"": 0.0047, ""S.s_entry.4"": 0.3255, ""S.s_entry.5"": 0.3375, ""S.s_entry.6"": 0.5146, ""S.s_entry.7"": 0.4096, ""S.s_entry.8"": 0.4106, ""S.s_entry.9"": 0.4592, ""S.s_entry.10"": 0.5096, ""S.s_or.4"": 0.2562, ""S.s_or.5"": 0.466, ""S.s_or.6"": 0.2404, ""S.s_or.7"": 0.4364, ""S.s_or.8"": 0.3109, ""S.s_or.9"": 0.4878, ""S.s_or.10"": 0.4198, ""S.m_off.4"": 0.4145, ""S.m_off.5"": 0.2867, ""S.m_off.6"": 0.4978, ""S.m_off.7"": 0.3494, ""S.m_off.8"": 0.3518, ""S.m_off.9"": 0.2683, ""S.m_off.10"": 0.5005, ""S.q_dead.None"": 0.1812}"
30,explore,x014,2026-06-04,0.2465,12.099,499.0,"{""N.s_entry.4"": 0.5182, ""N.s_entry.5"": 0.4782, ""N.s_entry.6"": 0.3806, ""N.s_entry.7"": 0.3729, ""N.s_entry.8"": 0.4778, ""N.s_entry.9"": 0.3791, ""N.s_entry.10"": 0.5104, ""N.s_or.4"": 0.3069, ""N.s_or.5"": 0.2706, ""N.s_or.6"": 0.4436, ""N.s_or.7"": 0.322, ""N.s_or.8"": 0.4728, ""N.s_or.9"": 0.4546, ""N.s_or.10"": 0.3425, ""N.m_off.4"": 0.2707, ""N.m_off.5"": 0.4854, ""N.m_off.6"": 0.3328, ""N.m_off.7"": 0.4791, ""N.m_off.8"": 0.4818, ""N.m_off.9"": 0.386, ""N.m_off.10"": 0.521, ""N.q_dead.None"": 0.0047, ""S.s_entry.4"": 0.3255, ""S.s_entry.5"": 0.3375, ""S.s_entry.6"": 0.5146, ""S.s_entry.7"": 0.4096, ""S.s_entry.8"": 0.4106, ""S.s_entry.9"": 0.4592, ""S.s_entry.10"": 0.5096, ""S.s_or.4"": 0.2562, ""S.s_or.5"": 0.466, ""S.s_or.6"": 0.2404, ""S.s_or.7"": 0.4364, ""S.s_or.8"": 0.3109, ""S.s_or.9"": 0.4878, ""S.s_or.10"": 0.4198, ""S.m_off.4"": 0.4145, ""S.m_off.5"": 0.2867, ""S.m_off.6"": 0.4978, ""S.m_off.7"": 0.3494, ""S.m_off.8"": 0.3518, ""S.m_off.9"": 0.2683, ""S.m_off.10"": 0.5005, ""S.q_dead.None"": 0.1812}"
31,explore,x015,2026-06-02,0.1887,15.618,41872.1,"{""N.s_entry.4"": 0.5719, ""N.s_entry.5"": 0.2016, ""N.s_entry.6"": 0.0518, ""N.s_entry.7"": 0.0673, ""N.s_entry.8"": 0.4469, ""N.s_entry.9"": 0.3209, ""N.s_entry.10"": 0.5634, ""N.s_or.4"": 0.9381, ""N.s_or.5"": 0.9847, ""N.s_or.6"": 0.7675, ""N.s_or.7"": 0.2178, ""N.s_or.8"": 0.7214, ""N.s_or.9"": 0.5188, ""N.s_or.10"": 0.657, ""N.m_off.4"": 0.8955, ""N.m_off.5"": 0.9541, ""N.m_off.6"": 0.0149, ""N.m_off.7"": 0.8027, ""N.m_off.8"": 0.0677, ""N.m_off.9"": 0.2904, ""N.m_off.10"": 0.5705, ""N.q_dead.None"": 0.5008, ""S.s_entry.4"": 0.0741, ""S.s_entry.5"": 0.1498, ""S.s_entry.6"": 0.5052, ""S.s_entry.7"": 0.3697, ""S.s_entry.8"": 0.075, ""S.s_entry.9"": 0.0668, ""S.s_entry.10"": 0.2776, ""S.s_or.4"": 0.5466, ""S.s_or.5"": 0.096, ""S.s_or.6"": 0.7723, ""S.s_or.7"": 0.7999, ""S.s_or.8"": 0.0286, ""S.s_or.9"": 0.9061, ""S.s_or.10"": 0.6134, ""S.m_off.4"": 0.3051, ""S.m_off.5"": 0.7885, ""S.m_off.6"": 0.2616, ""S.m_off.7"": 0.8742, ""S.m_off.8"": 0.2607, ""S.m_off.9"": 0.868, ""S.m_off.10"": 0.7479, ""S.q_dead.None"": 0.3245}"
32,explore,x015,2026-06-04,0.2292,14.527,622.0,"{""N.s_entry.4"": 0.5719, ""N.s_entry.5"": 0.2016, ""N.s_entry.6"": 0.0518, ""N.s_entry.7"": 0.0673, ""N.s_entry.8"": 0.4469, ""N.s_entry.9"": 0.3209, ""N.s_entry.10"": 0.5634, ""N.s_or.4"": 0.9381, ""N.s_or.5"": 0.9847, ""N.s_or.6"": 0.7675, ""N.s_or.7"": 0.2178, ""N.s_or.8"": 0.7214, ""N.s_or.9"": 0.5188, ""N.s_or.10"": 0.657, ""N.m_off.4"": 0.8955, ""N.m_off.5"": 0.9541, ""N.m_off.6"": 0.0149, ""N.m_off.7"": 0.8027, ""N.m_off.8"": 0.0677, ""N.m_off.9"": 0.2904, ""N.m_off.10"": 0.5705, ""N.q_dead.None"": 0.5008, ""S.s_entry.4"": 0.0741, ""S.s_entry.5"": 0.1498, ""S.s_entry.6"": 0.5052, ""S.s_entry.7"": 0.3697, ""S.s_entry.8"": 0.075, ""S.s_entry.9"": 0.0668, ""S.s_entry.10"": 0.2776, ""S.s_or.4"": 0.5466, ""S.s_or.5"": 0.096, ""S.s_or.6"": 0.7723, ""S.s_or.7"": 0.7999, ""S.s_or.8"": 0.0286, ""S.s_or.9"": 0.9061, ""S.s_or.10"": 0.6134, ""S.m_off.4"": 0.3051, ""S.m_off.5"": 0.7885, ""S.m_off.6"": 0.2616, ""S.m_off.7"": 0.8742, ""S.m_off.8"": 0.2607, ""S.m_off.9"": 0.868, ""S.m_off.10"": 0.7479, ""S.q_dead.None"": 0.3245}"
33,explore,x016,2026-06-02,0.2153,12.773,41895.1,"{""N.s_entry.4"": 0.2683, ""N.s_entry.5"": 0.3658, ""N.s_entry.6"": 0.3139, ""N.s_entry.7"": 0.4843, ""N.s_entry.8"": 0.3136, ""N.s_entry.9"": 0.5213, ""N.s_entry.10"": 0.4005, ""N.s_or.4"": 0.3619, ""N.s_or.5"": 0.2354, ""N.s_or.6"": 0.2366, ""N.s_or.7"": 0.275, ""N.s_or.8"": 0.4503, ""N.s_or.9"": 0.3942, ""N.s_or.10"": 0.4649, ""N.m_off.4"": 0.5013, ""N.m_off.5"": 0.3693, ""N.m_off.6"": 0.3057, ""N.m_off.7"": 0.2772, ""N.m_off.8"": 0.5299, ""N.m_off.9"": 0.3194, ""N.m_off.10"": 0.2541, ""N.q_dead.None"": 0.1948, ""S.s_entry.4"": 0.3454, ""S.s_entry.5"": 0.4773, ""S.s_entry.6"": 0.5238, ""S.s_entry.7"": 0.5003, ""S.s_entry.8"": 0.2475, ""S.s_entry.9"": 0.274, ""S.s_entry.10"": 0.2794, ""S.s_or.4"": 0.4528, ""S.s_or.5"": 0.5128, ""S.s_or.6"": 0.4235, ""S.s_or.7"": 0.2426, ""S.s_or.8"": 0.4444, ""S.s_or.9"": 0.4653, ""S.s_or.10"": 0.5297, ""S.m_off.4"": 0.3133, ""S.m_off.5"": 0.2625, ""S.m_off.6"": 0.366, ""S.m_off.7"": 0.3572, ""S.m_off.8"": 0.4401, ""S.m_off.9"": 0.4856, ""S.m_off.10"": 0.3028, ""S.q_dead.None"": 0.2521}"
34,explore,x016,2026-06-04,0.2407,11.978,611.2,"{""N.s_entry.4"": 0.2683, ""N.s_entry.5"": 0.3658, ""N.s_entry.6"": 0.3139, ""N.s_entry.7"": 0.4843, ""N.s_entry.8"": 0.3136, ""N.s_entry.9"": 0.5213, ""N.s_entry.10"": 0.4005, ""N.s_or.4"": 0.3619, ""N.s_or.5"": 0.2354, ""N.s_or.6"": 0.2366, ""N.s_or.7"": 0.275, ""N.s_or.8"": 0.4503, ""N.s_or.9"": 0.3942, ""N.s_or.10"": 0.4649, ""N.m_off.4"": 0.5013, ""N.m_off.5"": 0.3693, ""N.m_off.6"": 0.3057, ""N.m_off.7"": 0.2772, ""N.m_off.8"": 0.5299, ""N.m_off.9"": 0.3194, ""N.m_off.10"": 0.2541, ""N.q_dead.None"": 0.1948, ""S.s_entry.4"": 0.3454, ""S.s_entry.5"": 0.4773, ""S.s_entry.6"": 0.5238, ""S.s_entry.7"": 0.5003, ""S.s_entry.8"": 0.2475, ""S.s_entry.9"": 0.274, ""S.s_entry.10"": 0.2794, ""S.s_or.4"": 0.4528, ""S.s_or.5"": 0.5128, ""S.s_or.6"": 0.4235, ""S.s_or.7"": 0.2426, ""S.s_or.8"": 0.4444, ""S.s_or.9"": 0.4653, ""S.s_or.10"": 0.5297, ""S.m_off.4"": 0.3133, ""S.m_off.5"": 0.2625, ""S.m_off.6"": 0.366, ""S.m_off.7"": 0.3572, ""S.m_off.8"": 0.4401, ""S.m_off.9"": 0.4856, ""S.m_off.10"": 0.3028, ""S.q_dead.None"": 0.2521}"
35,explore,x018,2026-06-02,0.265,12.202,583.4,"{""N.s_entry.4"": 0.473, ""N.s_entry.5"": 0.2484, ""N.s_entry.6"": 0.2778, ""N.s_entry.7"": 0.3349, ""N.s_entry.8"": 0.4612, ""N.s_entry.9"": 0.513, ""N.s_entry.10"": 0.4573, ""N.s_or.4"": 0.4337, ""N.s_or.5"": 0.4705, ""N.s_or.6"": 0.2717, ""N.s_or.7"": 0.2877, ""N.s_or.8"": 0.3584, ""N.s_or.9"": 0.3378, ""N.s_or.10"": 0.4698, ""N.m_off.4"": 0.3455, ""N.m_off.5"": 0.5299, ""N.m_off.6"": 0.2538, ""N.m_off.7"": 0.3675, ""N.m_off.8"": 0.3089, ""N.m_off.9"": 0.4146, ""N.m_off.10"": 0.3811, ""N.q_dead.None"": 0.0444, ""S.s_entry.4"": 0.3084, ""S.s_entry.5"": 0.2858, ""S.s_entry.6"": 0.4188, ""S.s_entry.7"": 0.262, ""S.s_entry.8"": 0.3792, ""S.s_entry.9"": 0.5025, ""S.s_entry.10"": 0.2631, ""S.s_or.4"": 0.4946, ""S.s_or.5"": 0.3819, ""S.s_or.6"": 0.477, ""S.s_or.7"": 0.3784, ""S.s_or.8"": 0.478, ""S.s_or.9"": 0.4306, ""S.s_or.10"": 0.4024, ""S.m_off.4"": 0.4256, ""S.m_off.5"": 0.5199, ""S.m_off.6"": 0.4648, ""S.m_off.7"": 0.2893, ""S.m_off.8"": 0.2545, ""S.m_off.9"": 0.4303, ""S.m_off.10"": 0.2367, ""S.q_dead.None"": 0.2656}"
36,explore,x018,2026-06-04,0.2639,12.057,456.7,"{""N.s_entry.4"": 0.473, ""N.s_entry.5"": 0.2484, ""N.s_entry.6"": 0.2778, ""N.s_entry.7"": 0.3349, ""N.s_entry.8"": 0.4612, ""N.s_entry.9"": 0.513, ""N.s_entry.10"": 0.4573, ""N.s_or.4"": 0.4337, ""N.s_or.5"": 0.4705, ""N.s_or.6"": 0.2717, ""N.s_or.7"": 0.2877, ""N.s_or.8"": 0.3584, ""N.s_or.9"": 0.3378, ""N.s_or.10"": 0.4698, ""N.m_off.4"": 0.3455, ""N.m_off.5"": 0.5299, ""N.m_off.6"": 0.2538, ""N.m_off.7"": 0.3675, ""N.m_off.8"": 0.3089, ""N.m_off.9"": 0.4146, ""N.m_off.10"": 0.3811, ""N.q_dead.None"": 0.0444, ""S.s_entry.4"": 0.3084, ""S.s_entry.5"": 0.2858, ""S.s_entry.6"": 0.4188, ""S.s_entry.7"": 0.262, ""S.s_entry.8"": 0.3792, ""S.s_entry.9"": 0.5025, ""S.s_entry.10"": 0.2631, ""S.s_or.4"": 0.4946, ""S.s_or.5"": 0.3819, ""S.s_or.6"": 0.477, ""S.s_or.7"": 0.3784, ""S.s_or.8"": 0.478, ""S.s_or.9"": 0.4306, ""S.s_or.10"": 0.4024, ""S.m_off.4"": 0.4256, ""S.m_off.5"": 0.5199, ""S.m_off.6"": 0.4648, ""S.m_off.7"": 0.2893, ""S.m_off.8"": 0.2545, ""S.m_off.9"": 0.4303, ""S.m_off.10"": 0.2367, ""S.q_dead.None"": 0.2656}"
37,explore,x017,2026-06-02,0.2419,13.645,784.7,"{""N.s_entry.4"": 0.4698, ""N.s_entry.5"": 0.5771, ""N.s_entry.6"": 0.6298, ""N.s_entry.7"": 0.4455, ""N.s_entry.8"": 0.0357, ""N.s_entry.9"": 0.2546, ""N.s_entry.10"": 0.9959, ""N.s_or.4"": 0.0867, ""N.s_or.5"": 0.7603, ""N.s_or.6"": 0.572, ""N.s_or.7"": 0.1839, ""N.s_or.8"": 0.9852, ""N.s_or.9"": 0.1813, ""N.s_or.10"": 0.174, ""N.m_off.4"": 0.6744, ""N.m_off.5"": 0.2558, ""N.m_off.6"": 0.4826, ""N.m_off.7"": 0.8743, ""N.m_off.8"": 0.8215, ""N.m_off.9"": 0.6277, ""N.m_off.10"": 0.7825, ""N.q_dead.None"": 0.3358, ""S.s_entry.4"": 0.9091, ""S.s_entry.5"": 0.1514, ""S.s_entry.6"": 0.2173, ""S.s_entry.7"": 0.8436, ""S.s_entry.8"": 0.5984, ""S.s_entry.9"": 0.9255, ""S.s_entry.10"": 0.2734, ""S.s_or.4"": 0.1206, ""S.s_or.5"": 0.3622, ""S.s_or.6"": 0.9702, ""S.s_or.7"": 0.0062, ""S.s_or.8"": 0.7953, ""S.s_or.9"": 0.9847, ""S.s_or.10"": 0.6998, ""S.m_off.4"": 0.5417, ""S.m_off.5"": 0.9338, ""S.m_off.6"": 0.6662, ""S.m_off.7"": 0.1268, ""S.m_off.8"": 0.3338, ""S.m_off.9"": 0.3708, ""S.m_off.10"": 0.7101, ""S.q_dead.None"": 0.1741}"
38,explore,x017,2026-06-04,0.2836,13.317,698.3,"{""N.s_entry.4"": 0.4698, ""N.s_entry.5"": 0.5771, ""N.s_entry.6"": 0.6298, ""N.s_entry.7"": 0.4455, ""N.s_entry.8"": 0.0357, ""N.s_entry.9"": 0.2546, ""N.s_entry.10"": 0.9959, ""N.s_or.4"": 0.0867, ""N.s_or.5"": 0.7603, ""N.s_or.6"": 0.572, ""N.s_or.7"": 0.1839, ""N.s_or.8"": 0.9852, ""N.s_or.9"": 0.1813, ""N.s_or.10"": 0.174, ""N.m_off.4"": 0.6744, ""N.m_off.5"": 0.2558, ""N.m_off.6"": 0.4826, ""N.m_off.7"": 0.8743, ""N.m_off.8"": 0.8215, ""N.m_off.9"": 0.6277, ""N.m_off.10"": 0.7825, ""N.q_dead.None"": 0.3358, ""S.s_entry.4"": 0.9091, ""S.s_entry.5"": 0.1514, ""S.s_entry.6"": 0.2173, ""S.s_entry.7"": 0.8436, ""S.s_entry.8"": 0.5984, ""S.s_entry.9"": 0.9255, ""S.s_entry.10"": 0.2734, ""S.s_or.4"": 0.1206, ""S.s_or.5"": 0.3622, ""S.s_or.6"": 0.9702, ""S.s_or.7"": 0.0062, ""S.s_or.8"": 0.7953, ""S.s_or.9"": 0.9847, ""S.s_or.10"": 0.6998, ""S.m_off.4"": 0.5417, ""S.m_off.5"": 0.9338, ""S.m_off.6"": 0.6662, ""S.m_off.7"": 0.1268, ""S.m_off.8"": 0.3338, ""S.m_off.9"": 0.3708, ""S.m_off.10"": 0.7101, ""S.q_dead.None"": 0.1741}"
39,explore,x020,2026-06-02,0.2917,11.274,536.7,"{""N.s_entry.4"": 0.4524, ""N.s_entry.5"": 0.3927, ""N.s_entry.6"": 0.495, ""N.s_entry.7"": 0.5033, ""N.s_entry.8"": 0.336, ""N.s_entry.9"": 0.2977, ""N.s_entry.10"": 0.3527, ""N.s_or.4"": 0.5015, ""N.s_or.5"": 0.2832, ""N.s_or.6"": 0.4614, ""N.s_or.7"": 0.3296, ""N.s_or.8"": 0.4338, ""N.s_or.9"": 0.346, ""N.s_or.10"": 0.2356, ""N.m_off.4"": 0.3892, ""N.m_off.5"": 0.3759, ""N.m_off.6"": 0.4719, ""N.m_off.7"": 0.3184, ""N.m_off.8"": 0.4667, ""N.m_off.9"": 0.3395, ""N.m_off.10"": 0.4182, ""N.q_dead.None"": 0.292, ""S.s_entry.4"": 0.2723, ""S.s_entry.5"": 0.327, ""S.s_entry.6"": 0.3571, ""S.s_entry.7"": 0.4995, ""S.s_entry.8"": 0.3197, ""S.s_entry.9"": 0.504, ""S.s_entry.10"": 0.3343, ""S.s_or.4"": 0.2454, ""S.s_or.5"": 0.3759, ""S.s_or.6"": 0.2339, ""S.s_or.7"": 0.5283, ""S.s_or.8"": 0.3153, ""S.s_or.9"": 0.3399, ""S.s_or.10"": 0.424, ""S.m_off.4"": 0.5092, ""S.m_off.5"": 0.4554, ""S.m_off.6"": 0.4542, ""S.m_off.7"": 0.5062, ""S.m_off.8"": 0.3427, ""S.m_off.9"": 0.4309, ""S.m_off.10"": 0.3843, ""S.q_dead.None"": 0.0782}"
40,explore,x020,2026-06-04,0.3889,10.33,462.2,"{""N.s_entry.4"": 0.4524, ""N.s_entry.5"": 0.3927, ""N.s_entry.6"": 0.495, ""N.s_entry.7"": 0.5033, ""N.s_entry.8"": 0.336, ""N.s_entry.9"": 0.2977, ""N.s_entry.10"": 0.3527, ""N.s_or.4"": 0.5015, ""N.s_or.5"": 0.2832, ""N.s_or.6"": 0.4614, ""N.s_or.7"": 0.3296, ""N.s_or.8"": 0.4338, ""N.s_or.9"": 0.346, ""N.s_or.10"": 0.2356, ""N.m_off.4"": 0.3892, ""N.m_off.5"": 0.3759, ""N.m_off.6"": 0.4719, ""N.m_off.7"": 0.3184, ""N.m_off.8"": 0.4667, ""N.m_off.9"": 0.3395, ""N.m_off.10"": 0.4182, ""N.q_dead.None"": 0.292, ""S.s_entry.4"": 0.2723, ""S.s_entry.5"": 0.327, ""S.s_entry.6"": 0.3571, ""S.s_entry.7"": 0.4995, ""S.s_entry.8"": 0.3197, ""S.s_entry.9"": 0.504, ""S.s_entry.10"": 0.3343, ""S.s_or.4"": 0.2454, ""S.s_or.5"": 0.3759, ""S.s_or.6"": 0.2339, ""S.s_or.7"": 0.5283, ""S.s_or.8"": 0.3153, ""S.s_or.9"": 0.3399, ""S.s_or.10"": 0.424, ""S.m_off.4"": 0.5092, ""S.m_off.5"": 0.4554, ""S.m_off.6"": 0.4542, ""S.m_off.7"": 0.5062, ""S.m_off.8"": 0.3427, ""S.m_off.9"": 0.4309, ""S.m_off.10"": 0.3843, ""S.q_dead.None"": 0.0782}"
41,explore,x019,2026-06-02,0.1759,14.524,975.3,"{""N.s_entry.4"": 0.6926, ""N.s_entry.5"": 0.4032, ""N.s_entry.6"": 0.9242, ""N.s_entry.7"": 0.6059, ""N.s_entry.8"": 0.8502, ""N.s_entry.9"": 0.8801, ""N.s_entry.10"": 0.5966, ""N.s_or.4"": 0.7635, ""N.s_or.5"": 0.1301, ""N.s_or.6"": 0.6555, ""N.s_or.7"": 0.0661, ""N.s_or.8"": 0.7109, ""N.s_or.9"": 0.5283, ""N.s_or.10"": 0.6196, ""N.m_off.4"": 0.4446, ""N.m_off.5"": 0.1131, ""N.m_off.6"": 0.9147, ""N.m_off.7"": 0.1803, ""N.m_off.8"": 0.2567, ""N.m_off.9"": 0.3348, ""N.m_off.10"": 0.0187, ""N.q_dead.None"": 0.3122, ""S.s_entry.4"": 0.3698, ""S.s_entry.5"": 0.4123, ""S.s_entry.6"": 0.9144, ""S.s_entry.7"": 0.7521, ""S.s_entry.8"": 0.5244, ""S.s_entry.9"": 0.4062, ""S.s_entry.10"": 0.4106, ""S.s_or.4"": 0.5892, ""S.s_or.5"": 0.2789, ""S.s_or.6"": 0.5245, ""S.s_or.7"": 0.0996, ""S.s_or.8"": 0.736, ""S.s_or.9"": 0.0185, ""S.s_or.10"": 0.0949, ""S.m_off.4"": 0.7669, ""S.m_off.5"": 0.1244, ""S.m_off.6"": 0.1507, ""S.m_off.7"": 0.0663, ""S.m_off.8"": 0.3642, ""S.m_off.9"": 0.1452, ""S.m_off.10"": 0.4655, ""S.q_dead.None"": 0.3939}"
42,explore,x019,2026-06-04,0.2222,13.736,900.5,"{""N.s_entry.4"": 0.6926, ""N.s_entry.5"": 0.4032, ""N.s_entry.6"": 0.9242, ""N.s_entry.7"": 0.6059, ""N.s_entry.8"": 0.8502, ""N.s_entry.9"": 0.8801, ""N.s_entry.10"": 0.5966, ""N.s_or.4"": 0.7635, ""N.s_or.5"": 0.1301, ""N.s_or.6"": 0.6555, ""N.s_or.7"": 0.0661, ""N.s_or.8"": 0.7109, ""N.s_or.9"": 0.5283, ""N.s_or.10"": 0.6196, ""N.m_off.4"": 0.4446, ""N.m_off.5"": 0.1131, ""N.m_off.6"": 0.9147, ""N.m_off.7"": 0.1803, ""N.m_off.8"": 0.2567, ""N.m_off.9"": 0.3348, ""N.m_off.10"": 0.0187, ""N.q_dead.None"": 0.3122, ""S.s_entry.4"": 0.3698, ""S.s_entry.5"": 0.4123, ""S.s_entry.6"": 0.9144, ""S.s_entry.7"": 0.7521, ""S.s_entry.8"": 0.5244, ""S.s_entry.9"": 0.4062, ""S.s_entry.10"": 0.4106, ""S.s_or.4"": 0.5892, ""S.s_or.5"": 0.2789, ""S.s_or.6"": 0.5245, ""S.s_or.7"": 0.0996, ""S.s_or.8"": 0.736, ""S.s_or.9"": 0.0185, ""S.s_or.10"": 0.0949, ""S.m_off.4"": 0.7669, ""S.m_off.5"": 0.1244, ""S.m_off.6"": 0.1507, ""S.m_off.7"": 0.0663, ""S.m_off.8"": 0.3642, ""S.m_off.9"": 0.1452, ""S.m_off.10"": 0.4655, ""S.q_dead.None"": 0.3939}"
43,explore,x022,2026-06-02,0.1979,11.829,607.7,"{""N.s_entry.4"": 0.4225, ""N.s_entry.5"": 0.4096, ""N.s_entry.6"": 0.5307, ""N.s_entry.7"": 0.3617, ""N.s_entry.8"": 0.4126, ""N.s_entry.9"": 0.5012, ""N.s_entry.10"": 0.2517, ""N.s_or.4"": 0.5097, ""N.s_or.5"": 0.4809, ""N.s_or.6"": 0.3424, ""N.s_or.7"": 0.5211, ""N.s_or.8"": 0.3158, ""N.s_or.9"": 0.3386, ""N.s_or.10"": 0.265, ""N.m_off.4"": 0.2771, ""N.m_off.5"": 0.4137, ""N.m_off.6"": 0.3855, ""N.m_off.7"": 0.3895, ""N.m_off.8"": 0.4925, ""N.m_off.9"": 0.4188, ""N.m_off.10"": 0.3956, ""N.q_dead.None"": 0.22, ""S.s_entry.4"": 0.4033, ""S.s_entry.5"": 0.2362, ""S.s_entry.6"": 0.4962, ""S.s_entry.7"": 0.4752, ""S.s_entry.8"": 0.2854, ""S.s_entry.9"": 0.456, ""S.s_entry.10"": 0.2794, ""S.s_or.4"": 0.4091, ""S.s_or.5"": 0.307, ""S.s_or.6"": 0.3063, ""S.s_or.7"": 0.3133, ""S.s_or.8"": 0.3013, ""S.s_or.9"": 0.3022, ""S.s_or.10"": 0.4835, ""S.m_off.4"": 0.3326, ""S.m_off.5"": 0.4217, ""S.m_off.6"": 0.4979, ""S.m_off.7"": 0.4796, ""S.m_off.8"": 0.4333, ""S.m_off.9"": 0.4293, ""S.m_off.10"": 0.4868, ""S.q_dead.None"": 0.278}"
44,explore,x022,2026-06-04,0.2708,11.006,18749.9,"{""N.s_entry.4"": 0.4225, ""N.s_entry.5"": 0.4096, ""N.s_entry.6"": 0.5307, ""N.s_entry.7"": 0.3617, ""N.s_entry.8"": 0.4126, ""N.s_entry.9"": 0.5012, ""N.s_entry.10"": 0.2517, ""N.s_or.4"": 0.5097, ""N.s_or.5"": 0.4809, ""N.s_or.6"": 0.3424, ""N.s_or.7"": 0.5211, ""N.s_or.8"": 0.3158, ""N.s_or.9"": 0.3386, ""N.s_or.10"": 0.265, ""N.m_off.4"": 0.2771, ""N.m_off.5"": 0.4137, ""N.m_off.6"": 0.3855, ""N.m_off.7"": 0.3895, ""N.m_off.8"": 0.4925, ""N.m_off.9"": 0.4188, ""N.m_off.10"": 0.3956, ""N.q_dead.None"": 0.22, ""S.s_entry.4"": 0.4033, ""S.s_entry.5"": 0.2362, ""S.s_entry.6"": 0.4962, ""S.s_entry.7"": 0.4752, ""S.s_entry.8"": 0.2854, ""S.s_entry.9"": 0.456, ""S.s_entry.10"": 0.2794, ""S.s_or.4"": 0.4091, ""S.s_or.5"": 0.307, ""S.s_or.6"": 0.3063, ""S.s_or.7"": 0.3133, ""S.s_or.8"": 0.3013, ""S.s_or.9"": 0.3022, ""S.s_or.10"": 0.4835, ""S.m_off.4"": 0.3326, ""S.m_off.5"": 0.4217, ""S.m_off.6"": 0.4979, ""S.m_off.7"": 0.4796, ""S.m_off.8"": 0.4333, ""S.m_off.9"": 0.4293, ""S.m_off.10"": 0.4868, ""S.q_dead.None"": 0.278}"
45,explore,x021,2026-06-02,0.147,20.436,1086.6,"{""N.s_entry.4"": 0.9428, ""N.s_entry.5"": 0.3012, ""N.s_entry.6"": 0.1518, ""N.s_entry.7"": 0.3559, ""N.s_entry.8"": 0.5488, ""N.s_entry.9"": 0.9249, ""N.s_entry.10"": 0.3479, ""N.s_or.4"": 0.785, ""N.s_or.5"": 0.6903, ""N.s_or.6"": 0.5086, ""N.s_or.7"": 0.8227, ""N.s_or.8"": 0.8406, ""N.s_or.9"": 0.3402, ""N.s_or.10"": 0.8827, ""N.m_off.4"": 0.3036, ""N.m_off.5"": 0.1823, ""N.m_off.6"": 0.8584, ""N.m_off.7"": 0.3479, ""N.m_off.8"": 0.2128, ""N.m_off.9"": 0.4433, ""N.m_off.10"": 0.8359, ""N.q_dead.None"": 0.9364, ""S.s_entry.4"": 0.316, ""S.s_entry.5"": 0.5718, ""S.s_entry.6"": 0.6501, ""S.s_entry.7"": 0.1756, ""S.s_entry.8"": 0.4707, ""S.s_entry.9"": 0.5304, ""S.s_entry.10"": 0.961, ""S.s_or.4"": 0.3539, ""S.s_or.5"": 0.4951, ""S.s_or.6"": 0.0175, ""S.s_or.7"": 0.2263, ""S.s_or.8"": 0.2508, ""S.s_or.9"": 0.8904, ""S.s_or.10"": 0.1181, ""S.m_off.4"": 0.829, ""S.m_off.5"": 0.1583, ""S.m_off.6"": 0.868, ""S.m_off.7"": 0.0471, ""S.m_off.8"": 0.8525, ""S.m_off.9"": 0.6096, ""S.m_off.10"": 0.0636, ""S.q_dead.None"": 0.7459}"
46,explore,x021,2026-06-04,0.1586,20.687,19545.5,"{""N.s_entry.4"": 0.9428, ""N.s_entry.5"": 0.3012, ""N.s_entry.6"": 0.1518, ""N.s_entry.7"": 0.3559, ""N.s_entry.8"": 0.5488, ""N.s_entry.9"": 0.9249, ""N.s_entry.10"": 0.3479, ""N.s_or.4"": 0.785, ""N.s_or.5"": 0.6903, ""N.s_or.6"": 0.5086, ""N.s_or.7"": 0.8227, ""N.s_or.8"": 0.8406, ""N.s_or.9"": 0.3402, ""N.s_or.10"": 0.8827, ""N.m_off.4"": 0.3036, ""N.m_off.5"": 0.1823, ""N.m_off.6"": 0.8584, ""N.m_off.7"": 0.3479, ""N.m_off.8"": 0.2128, ""N.m_off.9"": 0.4433, ""N.m_off.10"": 0.8359, ""N.q_dead.None"": 0.9364, ""S.s_entry.4"": 0.316, ""S.s_entry.5"": 0.5718, ""S.s_entry.6"": 0.6501, ""S.s_entry.7"": 0.1756, ""S.s_entry.8"": 0.4707, ""S.s_entry.9"": 0.5304, ""S.s_entry.10"": 0.961, ""S.s_or.4"": 0.3539, ""S.s_or.5"": 0.4951, ""S.s_or.6"": 0.0175, ""S.s_or.7"": 0.2263, ""S.s_or.8"": 0.2508, ""S.s_or.9"": 0.8904, ""S.s_or.10"": 0.1181, ""S.m_off.4"": 0.829, ""S.m_off.5"": 0.1583, ""S.m_off.6"": 0.868, ""S.m_off.7"": 0.0471, ""S.m_off.8"": 0.8525, ""S.m_off.9"": 0.6096, ""S.m_off.10"": 0.0636, ""S.q_dead.None"": 0.7459}"
47,explore,x023,2026-06-02,0.1979,13.922,1037.2,"{""N.s_entry.4"": 0.3981, ""N.s_entry.5"": 0.1364, ""N.s_entry.6"": 0.0951, ""N.s_entry.7"": 0.6225, ""N.s_entry.8"": 0.6912, ""N.s_entry.9"": 0.3001, ""N.s_entry.10"": 0.1448, ""N.s_or.4"": 0.1518, ""N.s_or.5"": 0.8532, ""N.s_or.6"": 0.4767, ""N.s_or.7"": 0.9425, ""N.s_or.8"": 0.0767, ""N.s_or.9"": 0.6309, ""N.s_or.10"": 0.5667, ""N.m_off.4"": 0.9174, ""N.m_off.5"": 0.4264, ""N.m_off.6"": 0.0641, ""N.m_off.7"": 0.2165, ""N.m_off.8"": 0.9812, ""N.m_off.9"": 0.9203, ""N.m_off.10"": 0.5852, ""N.q_dead.None"": 0.4581, ""S.s_entry.4"": 0.7772, ""S.s_entry.5"": 0.8868, ""S.s_entry.6"": 0.4943, ""S.s_entry.7"": 0.4102, ""S.s_entry.8"": 0.9535, ""S.s_entry.9"": 0.0238, ""S.s_entry.10"": 0.3635, ""S.s_or.4"": 0.341, ""S.s_or.5"": 0.1119, ""S.s_or.6"": 0.4424, ""S.s_or.7"": 0.7377, ""S.s_or.8"": 0.1275, ""S.s_or.9"": 0.5306, ""S.s_or.10"": 0.6837, ""S.m_off.4"": 0.2001, ""S.m_off.5"": 0.6614, ""S.m_off.6"": 0.1341, ""S.m_off.7"": 0.7037, ""S.m_off.8"": 0.2507, ""S.m_off.9"": 0.5482, ""S.m_off.10"": 0.938, ""S.q_dead.None"": 0.1151}"
48,explore,x023,2026-06-04,0.2604,13.683,827.8,"{""N.s_entry.4"": 0.3981, ""N.s_entry.5"": 0.1364, ""N.s_entry.6"": 0.0951, ""N.s_entry.7"": 0.6225, ""N.s_entry.8"": 0.6912, ""N.s_entry.9"": 0.3001, ""N.s_entry.10"": 0.1448, ""N.s_or.4"": 0.1518, ""N.s_or.5"": 0.8532, ""N.s_or.6"": 0.4767, ""N.s_or.7"": 0.9425, ""N.s_or.8"": 0.0767, ""N.s_or.9"": 0.6309, ""N.s_or.10"": 0.5667, ""N.m_off.4"": 0.9174, ""N.m_off.5"": 0.4264, ""N.m_off.6"": 0.0641, ""N.m_off.7"": 0.2165, ""N.m_off.8"": 0.9812, ""N.m_off.9"": 0.9203, ""N.m_off.10"": 0.5852, ""N.q_dead.None"": 0.4581, ""S.s_entry.4"": 0.7772, ""S.s_entry.5"": 0.8868, ""S.s_entry.6"": 0.4943, ""S.s_entry.7"": 0.4102, ""S.s_entry.8"": 0.9535, ""S.s_entry.9"": 0.0238, ""S.s_entry.10"": 0.3635, ""S.s_or.4"": 0.341, ""S.s_or.5"": 0.1119, ""S.s_or.6"": 0.4424, ""S.s_or.7"": 0.7377, ""S.s_or.8"": 0.1275, ""S.s_or.9"": 0.5306, ""S.s_or.10"": 0.6837, ""S.m_off.4"": 0.2001, ""S.m_off.5"": 0.6614, ""S.m_off.6"": 0.1341, ""S.m_off.7"": 0.7037, ""S.m_off.8"": 0.2507, ""S.m_off.9"": 0.5482, ""S.m_off.10"": 0.938, ""S.q_dead.None"": 0.1151}"
49,explore,x024,2026-06-02,0.2639,11.324,649.3,"{""N.s_entry.4"": 0.5315, ""N.s_entry.5"": 0.4413, ""N.s_entry.6"": 0.5077, ""N.s_entry.7"": 0.5218, ""N.s_entry.8"": 0.3418, ""N.s_entry.9"": 0.3547, ""N.s_entry.10"": 0.4192, ""N.s_or.4"": 0.4436, ""N.s_or.5"": 0.3469, ""N.s_or.6"": 0.3323, ""N.s_or.7"": 0.4183, ""N.s_or.8"": 0.4688, ""N.s_or.9"": 0.3472, ""N.s_or.10"": 0.2467, ""N.m_off.4"": 0.4678, ""N.m_off.5"": 0.4413, ""N.m_off.6"": 0.2473, ""N.m_off.7"": 0.304, ""N.m_off.8"": 0.2488, ""N.m_off.9"": 0.4038, ""N.m_off.10"": 0.4415, ""N.q_dead.None"": 0.1004, ""S.s_entry.4"": 0.3484, ""S.s_entry.5"": 0.2578, ""S.s_entry.6"": 0.4959, ""S.s_entry.7"": 0.4694, ""S.s_entry.8"": 0.4266, ""S.s_entry.9"": 0.2481, ""S.s_entry.10"": 0.2516, ""S.s_or.4"": 0.4376, ""S.s_or.5"": 0.3273, ""S.s_or.6"": 0.2922, ""S.s_or.7"": 0.3318, ""S.s_or.8"": 0.331, ""S.s_or.9"": 0.4899, ""S.s_or.10"": 0.4246, ""S.m_off.4"": 0.4041, ""S.m_off.5"": 0.5268, ""S.m_off.6"": 0.4159, ""S.m_off.7"": 0.3236, ""S.m_off.8"": 0.3478, ""S.m_off.9"": 0.3739, ""S.m_off.10"": 0.4546, ""S.q_dead.None"": 0.1862}"
50,explore,x024,2026-06-04,0.3021,10.728,675.3,"{""N.s_entry.4"": 0.5315, ""N.s_entry.5"": 0.4413, ""N.s_entry.6"": 0.5077, ""N.s_entry.7"": 0.5218, ""N.s_entry.8"": 0.3418, ""N.s_entry.9"": 0.3547, ""N.s_entry.10"": 0.4192, ""N.s_or.4"": 0.4436, ""N.s_or.5"": 0.3469, ""N.s_or.6"": 0.3323, ""N.s_or.7"": 0.4183, ""N.s_or.8"": 0.4688, ""N.s_or.9"": 0.3472, ""N.s_or.10"": 0.2467, ""N.m_off.4"": 0.4678, ""N.m_off.5"": 0.4413, ""N.m_off.6"": 0.2473, ""N.m_off.7"": 0.304, ""N.m_off.8"": 0.2488, ""N.m_off.9"": 0.4038, ""N.m_off.10"": 0.4415, ""N.q_dead.None"": 0.1004, ""S.s_entry.4"": 0.3484, ""S.s_entry.5"": 0.2578, ""S.s_entry.6"": 0.4959, ""S.s_entry.7"": 0.4694, ""S.s_entry.8"": 0.4266, ""S.s_entry.9"": 0.2481, ""S.s_entry.10"": 0.2516, ""S.s_or.4"": 0.4376, ""S.s_or.5"": 0.3273, ""S.s_or.6"": 0.2922, ""S.s_or.7"": 0.3318, ""S.s_or.8"": 0.331, ""S.s_or.9"": 0.4899, ""S.s_or.10"": 0.4246, ""S.m_off.4"": 0.4041, ""S.m_off.5"": 0.5268, ""S.m_off.6"": 0.4159, ""S.m_off.7"": 0.3236, ""S.m_off.8"": 0.3478, ""S.m_off.9"": 0.3739, ""S.m_off.10"": 0.4546, ""S.q_dead.None"": 0.1862}"
51,explore,x026,2026-06-02,0.2558,11.292,677.1,"{""N.s_entry.4"": 0.284, ""N.s_entry.5"": 0.2745, ""N.s_entry.6"": 0.4911, ""N.s_entry.7"": 0.2534, ""N.s_entry.8"": 0.378, ""N.s_entry.9"": 0.5235, ""N.s_entry.10"": 0.4407, ""N.s_or.4"": 0.4569, ""N.s_or.5"": 0.2995, ""N.s_or.6"": 0.308, ""N.s_or.7"": 0.2586, ""N.s_or.8"": 0.2636, ""N.s_or.9"": 0.2745, ""N.s_or.10"": 0.3098, ""N.m_off.4"": 0.3654, ""N.m_off.5"": 0.2394, ""N.m_off.6"": 0.386, ""N.m_off.7"": 0.3422, ""N.m_off.8"": 0.3029, ""N.m_off.9"": 0.3944, ""N.m_off.10"": 0.5305, ""N.q_dead.None"": 0.0367, ""S.s_entry.4"": 0.3028, ""S.s_entry.5"": 0.3336, ""S.s_entry.6"": 0.4657, ""S.s_entry.7"": 0.4244, ""S.s_entry.8"": 0.2754, ""S.s_entry.9"": 0.4578, ""S.s_entry.10"": 0.3849, ""S.s_or.4"": 0.3094, ""S.s_or.5"": 0.3191, ""S.s_or.6"": 0.3946, ""S.s_or.7"": 0.2456, ""S.s_or.8"": 0.3261, ""S.s_or.9"": 0.4152, ""S.s_or.10"": 0.3745, ""S.m_off.4"": 0.2697, ""S.m_off.5"": 0.2514, ""S.m_off.6"": 0.2889, ""S.m_off.7"": 0.4944, ""S.m_off.8"": 0.2638, ""S.m_off.9"": 0.4233, ""S.m_off.10"": 0.4435, ""S.q_dead.None"": 0.15}"
52,explore,x026,2026-06-04,0.3287,11.413,1636.4,"{""N.s_entry.4"": 0.284, ""N.s_entry.5"": 0.2745, ""N.s_entry.6"": 0.4911, ""N.s_entry.7"": 0.2534, ""N.s_entry.8"": 0.378, ""N.s_entry.9"": 0.5235, ""N.s_entry.10"": 0.4407, ""N.s_or.4"": 0.4569, ""N.s_or.5"": 0.2995, ""N.s_or.6"": 0.308, ""N.s_or.7"": 0.2586, ""N.s_or.8"": 0.2636, ""N.s_or.9"": 0.2745, ""N.s_or.10"": 0.3098, ""N.m_off.4"": 0.3654, ""N.m_off.5"": 0.2394, ""N.m_off.6"": 0.386, ""N.m_off.7"": 0.3422, ""N.m_off.8"": 0.3029, ""N.m_off.9"": 0.3944, ""N.m_off.10"": 0.5305, ""N.q_dead.None"": 0.0367, ""S.s_entry.4"": 0.3028, ""S.s_entry.5"": 0.3336, ""S.s_entry.6"": 0.4657, ""S.s_entry.7"": 0.4244, ""S.s_entry.8"": 0.2754, ""S.s_entry.9"": 0.4578, ""S.s_entry.10"": 0.3849, ""S.s_or.4"": 0.3094, ""S.s_or.5"": 0.3191, ""S.s_or.6"": 0.3946, ""S.s_or.7"": 0.2456, ""S.s_or.8"": 0.3261, ""S.s_or.9"": 0.4152, ""S.s_or.10"": 0.3745, ""S.m_off.4"": 0.2697, ""S.m_off.5"": 0.2514, ""S.m_off.6"": 0.2889, ""S.m_off.7"": 0.4944, ""S.m_off.8"": 0.2638, ""S.m_off.9"": 0.4233, ""S.m_off.10"": 0.4435, ""S.q_dead.None"": 0.15}"
53,explore,x025,2026-06-02,0.1863,15.767,2207.9,"{""N.s_entry.4"": 0.6404, ""N.s_entry.5"": 0.2112, ""N.s_entry.6"": 0.0961, ""N.s_entry.7"": 0.2667, ""N.s_entry.8"": 0.5567, ""N.s_entry.9"": 0.5153, ""N.s_entry.10"": 0.4965, ""N.s_or.4"": 0.7255, ""N.s_or.5"": 0.7045, ""N.s_or.6"": 0.3156, ""N.s_or.7"": 0.9549, ""N.s_or.8"": 0.9314, ""N.s_or.9"": 0.1091, ""N.s_or.10"": 0.0151, ""N.m_off.4"": 0.6054, ""N.m_off.5"": 0.8045, ""N.m_off.6"": 0.2621, ""N.m_off.7"": 0.0477, ""N.m_off.8"": 0.473, ""N.m_off.9"": 0.2514, ""N.m_off.10"": 0.5242, ""N.q_dead.None"": 0.243, ""S.s_entry.4"": 0.1046, ""S.s_entry.5"": 0.7402, ""S.s_entry.6"": 0.9106, ""S.s_entry.7"": 0.4175, ""S.s_entry.8"": 0.3896, ""S.s_entry.9"": 0.2463, ""S.s_entry.10"": 0.4973, ""S.s_or.4"": 0.1969, ""S.s_or.5"": 0.4632, ""S.s_or.6"": 0.1212, ""S.s_or.7"": 0.3583, ""S.s_or.8"": 0.6354, ""S.s_or.9"": 0.3381, ""S.s_or.10"": 0.7124, ""S.m_off.4"": 0.6427, ""S.m_off.5"": 0.1726, ""S.m_off.6"": 0.9833, ""S.m_off.7"": 0.1081, ""S.m_off.8"": 0.4532, ""S.m_off.9"": 0.128, ""S.m_off.10"": 0.0897, ""S.q_dead.None"": 0.5365}"
54,explore,x025,2026-06-04,0.1933,15.663,907.3,"{""N.s_entry.4"": 0.6404, ""N.s_entry.5"": 0.2112, ""N.s_entry.6"": 0.0961, ""N.s_entry.7"": 0.2667, ""N.s_entry.8"": 0.5567, ""N.s_entry.9"": 0.5153, ""N.s_entry.10"": 0.4965, ""N.s_or.4"": 0.7255, ""N.s_or.5"": 0.7045, ""N.s_or.6"": 0.3156, ""N.s_or.7"": 0.9549, ""N.s_or.8"": 0.9314, ""N.s_or.9"": 0.1091, ""N.s_or.10"": 0.0151, ""N.m_off.4"": 0.6054, ""N.m_off.5"": 0.8045, ""N.m_off.6"": 0.2621, ""N.m_off.7"": 0.0477, ""N.m_off.8"": 0.473, ""N.m_off.9"": 0.2514, ""N.m_off.10"": 0.5242, ""N.q_dead.None"": 0.243, ""S.s_entry.4"": 0.1046, ""S.s_entry.5"": 0.7402, ""S.s_entry.6"": 0.9106, ""S.s_entry.7"": 0.4175, ""S.s_entry.8"": 0.3896, ""S.s_entry.9"": 0.2463, ""S.s_entry.10"": 0.4973, ""S.s_or.4"": 0.1969, ""S.s_or.5"": 0.4632, ""S.s_or.6"": 0.1212, ""S.s_or.7"": 0.3583, ""S.s_or.8"": 0.6354, ""S.s_or.9"": 0.3381, ""S.s_or.10"": 0.7124, ""S.m_off.4"": 0.6427, ""S.m_off.5"": 0.1726, ""S.m_off.6"": 0.9833, ""S.m_off.7"": 0.1081, ""S.m_off.8"": 0.4532, ""S.m_off.9"": 0.128, ""S.m_off.10"": 0.0897, ""S.q_dead.None"": 0.5365}"
55,explore,x028,2026-06-02,0.294,10.927,599.1,"{""N.s_entry.4"": 0.4443, ""N.s_entry.5"": 0.4628, ""N.s_entry.6"": 0.4687, ""N.s_entry.7"": 0.3131, ""N.s_entry.8"": 0.4299, ""N.s_entry.9"": 0.2374, ""N.s_entry.10"": 0.3758, ""N.s_or.4"": 0.4159, ""N.s_or.5"": 0.3558, ""N.s_or.6"": 0.2594, ""N.s_or.7"": 0.297, ""N.s_or.8"": 0.2498, ""N.s_or.9"": 0.2482, ""N.s_or.10"": 0.4902, ""N.m_off.4"": 0.3706, ""N.m_off.5"": 0.3251, ""N.m_off.6"": 0.2372, ""N.m_off.7"": 0.3181, ""N.m_off.8"": 0.2483, ""N.m_off.9"": 0.3351, ""N.m_off.10"": 0.41, ""N.q_dead.None"": 0.0605, ""S.s_entry.4"": 0.463, ""S.s_entry.5"": 0.2989, ""S.s_entry.6"": 0.4415, ""S.s_entry.7"": 0.3261, ""S.s_entry.8"": 0.3337, ""S.s_entry.9"": 0.3835, ""S.s_entry.10"": 0.3525, ""S.s_or.4"": 0.5085, ""S.s_or.5"": 0.2773, ""S.s_or.6"": 0.3225, ""S.s_or.7"": 0.2956, ""S.s_or.8"": 0.5319, ""S.s_or.9"": 0.4754, ""S.s_or.10"": 0.5312, ""S.m_off.4"": 0.458, ""S.m_off.5"": 0.3436, ""S.m_off.6"": 0.3711, ""S.m_off.7"": 0.41, ""S.m_off.8"": 0.5319, ""S.m_off.9"": 0.4254, ""S.m_off.10"": 0.3821, ""S.q_dead.None"": 0.1018}"
56,explore,x028,2026-06-04,0.4363,10.33,551.4,"{""N.s_entry.4"": 0.4443, ""N.s_entry.5"": 0.4628, ""N.s_entry.6"": 0.4687, ""N.s_entry.7"": 0.3131, ""N.s_entry.8"": 0.4299, ""N.s_entry.9"": 0.2374, ""N.s_entry.10"": 0.3758, ""N.s_or.4"": 0.4159, ""N.s_or.5"": 0.3558, ""N.s_or.6"": 0.2594, ""N.s_or.7"": 0.297, ""N.s_or.8"": 0.2498, ""N.s_or.9"": 0.2482, ""N.s_or.10"": 0.4902, ""N.m_off.4"": 0.3706, ""N.m_off.5"": 0.3251, ""N.m_off.6"": 0.2372, ""N.m_off.7"": 0.3181, ""N.m_off.8"": 0.2483, ""N.m_off.9"": 0.3351, ""N.m_off.10"": 0.41, ""N.q_dead.None"": 0.0605, ""S.s_entry.4"": 0.463, ""S.s_entry.5"": 0.2989, ""S.s_entry.6"": 0.4415, ""S.s_entry.7"": 0.3261, ""S.s_entry.8"": 0.3337, ""S.s_entry.9"": 0.3835, ""S.s_entry.10"": 0.3525, ""S.s_or.4"": 0.5085, ""S.s_or.5"": 0.2773, ""S.s_or.6"": 0.3225, ""S.s_or.7"": 0.2956, ""S.s_or.8"": 0.5319, ""S.s_or.9"": 0.4754, ""S.s_or.10"": 0.5312, ""S.m_off.4"": 0.458, ""S.m_off.5"": 0.3436, ""S.m_off.6"": 0.3711, ""S.m_off.7"": 0.41, ""S.m_off.8"": 0.5319, ""S.m_off.9"": 0.4254, ""S.m_off.10"": 0.3821, ""S.q_dead.None"": 0.1018}"
57,explore,x027,2026-06-02,0.2095,16.194,1331.6,"{""N.s_entry.4"": 0.6791, ""N.s_entry.5"": 0.9264, ""N.s_entry.6"": 0.8999, ""N.s_entry.7"": 0.7986, ""N.s_entry.8"": 0.6177, ""N.s_entry.9"": 0.963, ""N.s_entry.10"": 0.9545, ""N.s_or.4"": 0.5123, ""N.s_or.5"": 0.9401, ""N.s_or.6"": 0.4651, ""N.s_or.7"": 0.4416, ""N.s_or.8"": 0.3925, ""N.s_or.9"": 0.7805, ""N.s_or.10"": 0.6461, ""N.m_off.4"": 0.1853, ""N.m_off.5"": 0.7741, ""N.m_off.6"": 0.8239, ""N.m_off.7"": 0.1743, ""N.m_off.8"": 0.8523, ""N.m_off.9"": 0.5461, ""N.m_off.10"": 0.73, ""N.q_dead.None"": 0.8641, ""S.s_entry.4"": 0.9817, ""S.s_entry.5"": 0.3131, ""S.s_entry.6"": 0.5715, ""S.s_entry.7"": 0.6195, ""S.s_entry.8"": 0.189, ""S.s_entry.9"": 0.0438, ""S.s_entry.10"": 0.2549, ""S.s_or.4"": 0.6783, ""S.s_or.5"": 0.7472, ""S.s_or.6"": 0.0188, ""S.s_or.7"": 0.7825, ""S.s_or.8"": 0.8591, ""S.s_or.9"": 0.5602, ""S.s_or.10"": 0.8383, ""S.m_off.4"": 0.1953, ""S.m_off.5"": 0.4145, ""S.m_off.6"": 0.2334, ""S.m_off.7"": 0.8119, ""S.m_off.8"": 0.4766, ""S.m_off.9"": 0.5555, ""S.m_off.10"": 0.2783, ""S.q_dead.None"": 0.1885}"
58,explore,x027,2026-06-04,0.191,15.769,2194.6,"{""N.s_entry.4"": 0.6791, ""N.s_entry.5"": 0.9264, ""N.s_entry.6"": 0.8999, ""N.s_entry.7"": 0.7986, ""N.s_entry.8"": 0.6177, ""N.s_entry.9"": 0.963, ""N.s_entry.10"": 0.9545, ""N.s_or.4"": 0.5123, ""N.s_or.5"": 0.9401, ""N.s_or.6"": 0.4651, ""N.s_or.7"": 0.4416, ""N.s_or.8"": 0.3925, ""N.s_or.9"": 0.7805, ""N.s_or.10"": 0.6461, ""N.m_off.4"": 0.1853, ""N.m_off.5"": 0.7741, ""N.m_off.6"": 0.8239, ""N.m_off.7"": 0.1743, ""N.m_off.8"": 0.8523, ""N.m_off.9"": 0.5461, ""N.m_off.10"": 0.73, ""N.q_dead.None"": 0.8641, ""S.s_entry.4"": 0.9817, ""S.s_entry.5"": 0.3131, ""S.s_entry.6"": 0.5715, ""S.s_entry.7"": 0.6195, ""S.s_entry.8"": 0.189, ""S.s_entry.9"": 0.0438, ""S.s_entry.10"": 0.2549, ""S.s_or.4"": 0.6783, ""S.s_or.5"": 0.7472, ""S.s_or.6"": 0.0188, ""S.s_or.7"": 0.7825, ""S.s_or.8"": 0.8591, ""S.s_or.9"": 0.5602, ""S.s_or.10"": 0.8383, ""S.m_off.4"": 0.1953, ""S.m_off.5"": 0.4145, ""S.m_off.6"": 0.2334, ""S.m_off.7"": 0.8119, ""S.m_off.8"": 0.4766, ""S.m_off.9"": 0.5555, ""S.m_off.10"": 0.2783, ""S.q_dead.None"": 0.1885}"
59,explore,x029,2026-06-02,0.2188,14.564,2905.9,"{""N.s_entry.4"": 0.8292, ""N.s_entry.5"": 0.7799, ""N.s_entry.6"": 0.1782, ""N.s_entry.7"": 0.3935, ""N.s_entry.8"": 0.2765, ""N.s_entry.9"": 0.3731, ""N.s_entry.10"": 0.56, ""N.s_or.4"": 0.5938, ""N.s_or.5"": 0.7179, ""N.s_or.6"": 0.8723, ""N.s_or.7"": 0.8738, ""N.s_or.8"": 0.4342, ""N.s_or.9"": 0.626, ""N.s_or.10"": 0.0308, ""N.m_off.4"": 0.6759, ""N.m_off.5"": 0.7546, ""N.m_off.6"": 0.2559, ""N.m_off.7"": 0.3572, ""N.m_off.8"": 0.6966, ""N.m_off.9"": 0.4426, ""N.m_off.10"": 0.8878, ""N.q_dead.None"": 0.5923, ""S.s_entry.4"": 0.7804, ""S.s_entry.5"": 0.8637, ""S.s_entry.6"": 0.8441, ""S.s_entry.7"": 0.2854, ""S.s_entry.8"": 0.9092, ""S.s_entry.9"": 0.2672, ""S.s_entry.10"": 0.0955, ""S.s_or.4"": 0.6454, ""S.s_or.5"": 0.1061, ""S.s_or.6"": 0.8128, ""S.s_or.7"": 0.2475, ""S.s_or.8"": 0.6074, ""S.s_or.9"": 0.1462, ""S.s_or.10"": 0.2341, ""S.m_off.4"": 0.5898, ""S.m_off.5"": 0.9094, ""S.m_off.6"": 0.014, ""S.m_off.7"": 0.3561, ""S.m_off.8"": 0.9031, ""S.m_off.9"": 0.1638, ""S.m_off.10"": 0.9047, ""S.q_dead.None"": 0.149}"
60,explore,x029,2026-06-04,0.2303,14.91,4524.5,"{""N.s_entry.4"": 0.8292, ""N.s_entry.5"": 0.7799, ""N.s_entry.6"": 0.1782, ""N.s_entry.7"": 0.3935, ""N.s_entry.8"": 0.2765, ""N.s_entry.9"": 0.3731, ""N.s_entry.10"": 0.56, ""N.s_or.4"": 0.5938, ""N.s_or.5"": 0.7179, ""N.s_or.6"": 0.8723, ""N.s_or.7"": 0.8738, ""N.s_or.8"": 0.4342, ""N.s_or.9"": 0.626, ""N.s_or.10"": 0.0308, ""N.m_off.4"": 0.6759, ""N.m_off.5"": 0.7546, ""N.m_off.6"": 0.2559, ""N.m_off.7"": 0.3572, ""N.m_off.8"": 0.6966, ""N.m_off.9"": 0.4426, ""N.m_off.10"": 0.8878, ""N.q_dead.None"": 0.5923, ""S.s_entry.4"": 0.7804, ""S.s_entry.5"": 0.8637, ""S.s_entry.6"": 0.8441, ""S.s_entry.7"": 0.2854, ""S.s_entry.8"": 0.9092, ""S.s_entry.9"": 0.2672, ""S.s_entry.10"": 0.0955, ""S.s_or.4"": 0.6454, ""S.s_or.5"": 0.1061, ""S.s_or.6"": 0.8128, ""S.s_or.7"": 0.2475, ""S.s_or.8"": 0.6074, ""S.s_or.9"": 0.1462, ""S.s_or.10"": 0.2341, ""S.m_off.4"": 0.5898, ""S.m_off.5"": 0.9094, ""S.m_off.6"": 0.014, ""S.m_off.7"": 0.3561, ""S.m_off.8"": 0.9031, ""S.m_off.9"": 0.1638, ""S.m_off.10"": 0.9047, ""S.q_dead.None"": 0.149}"
61,refine,r000,2026-06-02,0.3252,11.098,2349.1,"{""N.s_entry.4"": 0.4443, ""N.s_entry.5"": 0.4628, ""N.s_entry.6"": 0.4687, ""N.s_entry.7"": 0.3131, ""N.s_entry.8"": 0.4299, ""N.s_entry.9"": 0.2374, ""N.s_entry.10"": 0.3758, ""N.s_or.4"": 0.4159, ""N.s_or.5"": 0.3558, ""N.s_or.6"": 0.2594, ""N.s_or.7"": 0.297, ""N.s_or.8"": 0.2498, ""N.s_or.9"": 0.2482, ""N.s_or.10"": 0.4902, ""N.m_off.4"": 0.3706, ""N.m_off.5"": 0.3251, ""N.m_off.6"": 0.2372, ""N.m_off.7"": 0.3181, ""N.m_off.8"": 0.2483, ""N.m_off.9"": 0.3351, ""N.m_off.10"": 0.41, ""N.q_dead.None"": 0.0605, ""S.s_entry.4"": 0.463, ""S.s_entry.5"": 0.2989, ""S.s_entry.6"": 0.4415, ""S.s_entry.7"": 0.3261, ""S.s_entry.8"": 0.3337, ""S.s_entry.9"": 0.3835, ""S.s_entry.10"": 0.3525, ""S.s_or.4"": 0.5085, ""S.s_or.5"": 0.2773, ""S.s_or.6"": 0.3225, ""S.s_or.7"": 0.2956, ""S.s_or.8"": 0.5319, ""S.s_or.9"": 0.4754, ""S.s_or.10"": 0.5312, ""S.m_off.4"": 0.458, ""S.m_off.5"": 0.4936, ""S.m_off.6"": 0.3711, ""S.m_off.7"": 0.41, ""S.m_off.8"": 0.5319, ""S.m_off.9"": 0.4254, ""S.m_off.10"": 0.3821, ""S.q_dead.None"": 0.1018}"
62,refine,r000,2026-06-04,0.4653,10.294,2273.3,"{""N.s_entry.4"": 0.4443, ""N.s_entry.5"": 0.4628, ""N.s_entry.6"": 0.4687, ""N.s_entry.7"": 0.3131, ""N.s_entry.8"": 0.4299, ""N.s_entry.9"": 0.2374, ""N.s_entry.10"": 0.3758, ""N.s_or.4"": 0.4159, ""N.s_or.5"": 0.3558, ""N.s_or.6"": 0.2594, ""N.s_or.7"": 0.297, ""N.s_or.8"": 0.2498, ""N.s_or.9"": 0.2482, ""N.s_or.10"": 0.4902, ""N.m_off.4"": 0.3706, ""N.m_off.5"": 0.3251, ""N.m_off.6"": 0.2372, ""N.m_off.7"": 0.3181, ""N.m_off.8"": 0.2483, ""N.m_off.9"": 0.3351, ""N.m_off.10"": 0.41, ""N.q_dead.None"": 0.0605, ""S.s_entry.4"": 0.463, ""S.s_entry.5"": 0.2989, ""S.s_entry.6"": 0.4415, ""S.s_entry.7"": 0.3261, ""S.s_entry.8"": 0.3337, ""S.s_entry.9"": 0.3835, ""S.s_entry.10"": 0.3525, ""S.s_or.4"": 0.5085, ""S.s_or.5"": 0.2773, ""S.s_or.6"": 0.3225, ""S.s_or.7"": 0.2956, ""S.s_or.8"": 0.5319, ""S.s_or.9"": 0.4754, ""S.s_or.10"": 0.5312, ""S.m_off.4"": 0.458, ""S.m_off.5"": 0.4936, ""S.m_off.6"": 0.3711, ""S.m_off.7"": 0.41, ""S.m_off.8"": 0.5319, ""S.m_off.9"": 0.4254, ""S.m_off.10"": 0.3821, ""S.q_dead.None"": 0.1018}"
63,refine,r001,2026-06-02,0.3252,11.126,2349.8,"{""N.s_entry.4"": 0.4443, ""N.s_entry.5"": 0.4628, ""N.s_entry.6"": 0.4687, ""N.s_entry.7"": 0.3131, ""N.s_entry.8"": 0.4299, ""N.s_entry.9"": 0.2374, ""N.s_entry.10"": 0.3758, ""N.s_or.4"": 0.4159, ""N.s_or.5"": 0.3558, ""N.s_or.6"": 0.2594, ""N.s_or.7"": 0.297, ""N.s_or.8"": 0.2498, ""N.s_or.9"": 0.2482, ""N.s_or.10"": 0.4902, ""N.m_off.4"": 0.3706, ""N.m_off.5"": 0.3251, ""N.m_off.6"": 0.2372, ""N.m_off.7"": 0.3181, ""N.m_off.8"": 0.2483, ""N.m_off.9"": 0.4851, ""N.m_off.10"": 0.41, ""N.q_dead.None"": 0.0605, ""S.s_entry.4"": 0.463, ""S.s_entry.5"": 0.2989, ""S.s_entry.6"": 0.4415, ""S.s_entry.7"": 0.3261, ""S.s_entry.8"": 0.3337, ""S.s_entry.9"": 0.3835, ""S.s_entry.10"": 0.3525, ""S.s_or.4"": 0.5085, ""S.s_or.5"": 0.2773, ""S.s_or.6"": 0.3225, ""S.s_or.7"": 0.2956, ""S.s_or.8"": 0.5319, ""S.s_or.9"": 0.4754, ""S.s_or.10"": 0.5312, ""S.m_off.4"": 0.458, ""S.m_off.5"": 0.4936, ""S.m_off.6"": 0.3711, ""S.m_off.7"": 0.41, ""S.m_off.8"": 0.5319, ""S.m_off.9"": 0.4254, ""S.m_off.10"": 0.3821, ""S.q_dead.None"": 0.1018}"
64,refine,r001,2026-06-04,0.456,10.419,1351.0,"{""N.s_entry.4"": 0.4443, ""N.s_entry.5"": 0.4628, ""N.s_entry.6"": 0.4687, ""N.s_entry.7"": 0.3131, ""N.s_entry.8"": 0.4299, ""N.s_entry.9"": 0.2374, ""N.s_entry.10"": 0.3758, ""N.s_or.4"": 0.4159, ""N.s_or.5"": 0.3558, ""N.s_or.6"": 0.2594, ""N.s_or.7"": 0.297, ""N.s_or.8"": 0.2498, ""N.s_or.9"": 0.2482, ""N.s_or.10"": 0.4902, ""N.m_off.4"": 0.3706, ""N.m_off.5"": 0.3251, ""N.m_off.6"": 0.2372, ""N.m_off.7"": 0.3181, ""N.m_off.8"": 0.2483, ""N.m_off.9"": 0.4851, ""N.m_off.10"": 0.41, ""N.q_dead.None"": 0.0605, ""S.s_entry.4"": 0.463, ""S.s_entry.5"": 0.2989, ""S.s_entry.6"": 0.4415, ""S.s_entry.7"": 0.3261, ""S.s_entry.8"": 0.3337, ""S.s_entry.9"": 0.3835, ""S.s_entry.10"": 0.3525, ""S.s_or.4"": 0.5085, ""S.s_or.5"": 0.2773, ""S.s_or.6"": 0.3225, ""S.s_or.7"": 0.2956, ""S.s_or.8"": 0.5319, ""S.s_or.9"": 0.4754, ""S.s_or.10"": 0.5312, ""S.m_off.4"": 0.458, ""S.m_off.5"": 0.4936, ""S.m_off.6"": 0.3711, ""S.m_off.7"": 0.41, ""S.m_off.8"": 0.5319, ""S.m_off.9"": 0.4254, ""S.m_off.10"": 0.3821, ""S.q_dead.None"": 0.1018}"
65,refine,r002,2026-06-02,0.3252,11.17,2337.9,"{""N.s_entry.4"": 0.4443, ""N.s_entry.5"": 0.4628, ""N.s_entry.6"": 0.4687, ""N.s_entry.7"": 0.3131, ""N.s_entry.8"": 0.4299, ""N.s_entry.9"": 0.2374, ""N.s_entry.10"": 0.3758, ""N.s_or.4"": 0.4159, ""N.s_or.5"": 0.3558, ""N.s_or.6"": 0.2594, ""N.s_or.7"": 0.297, ""N.s_or.8"": 0.2498, ""N.s_or.9"": 0.2482, ""N.s_or.10"": 0.4902, ""N.m_off.4"": 0.3706, ""N.m_off.5"": 0.3251, ""N.m_off.6"": 0.2372, ""N.m_off.7"": 0.3181, ""N.m_off.8"": 0.2483, ""N.m_off.9"": 0.1851, ""N.m_off.10"": 0.41, ""N.q_dead.None"": 0.0605, ""S.s_entry.4"": 0.463, ""S.s_entry.5"": 0.2989, ""S.s_entry.6"": 0.4415, ""S.s_entry.7"": 0.3261, ""S.s_entry.8"": 0.3337, ""S.s_entry.9"": 0.3835, ""S.s_entry.10"": 0.3525, ""S.s_or.4"": 0.5085, ""S.s_or.5"": 0.2773, ""S.s_or.6"": 0.3225, ""S.s_or.7"": 0.2956, ""S.s_or.8"": 0.5319, ""S.s_or.9"": 0.4754, ""S.s_or.10"": 0.5312, ""S.m_off.4"": 0.458, ""S.m_off.5"": 0.4936, ""S.m_off.6"": 0.3711, ""S.m_off.7"": 0.41, ""S.m_off.8"": 0.5319, ""S.m_off.9"": 0.4254, ""S.m_off.10"": 0.3821, ""S.q_dead.None"": 0.1018}"
66,refine,r002,2026-06-04,0.4653,10.245,32775.6,"{""N.s_entry.4"": 0.4443, ""N.s_entry.5"": 0.4628, ""N.s_entry.6"": 0.4687, ""N.s_entry.7"": 0.3131, ""N.s_entry.8"": 0.4299, ""N.s_entry.9"": 0.2374, ""N.s_entry.10"": 0.3758, ""N.s_or.4"": 0.4159, ""N.s_or.5"": 0.3558, ""N.s_or.6"": 0.2594, ""N.s_or.7"": 0.297, ""N.s_or.8"": 0.2498, ""N.s_or.9"": 0.2482, ""N.s_or.10"": 0.4902, ""N.m_off.4"": 0.3706, ""N.m_off.5"": 0.3251, ""N.m_off.6"": 0.2372, ""N.m_off.7"": 0.3181, ""N.m_off.8"": 0.2483, ""N.m_off.9"": 0.1851, ""N.m_off.10"": 0.41, ""N.q_dead.None"": 0.0605, ""S.s_entry.4"": 0.463, ""S.s_entry.5"": 0.2989, ""S.s_entry.6"": 0.4415, ""S.s_entry.7"": 0.3261, ""S.s_entry.8"": 0.3337, ""S.s_entry.9"": 0.3835, ""S.s_entry.10"": 0.3525, ""S.s_or.4"": 0.5085, ""S.s_or.5"": 0.2773, ""S.s_or.6"": 0.3225, ""S.s_or.7"": 0.2956, ""S.s_or.8"": 0.5319, ""S.s_or.9"": 0.4754, ""S.s_or.10"": 0.5312, ""S.m_off.4"": 0.458, ""S.m_off.5"": 0.4936, ""S.m_off.6"": 0.3711, ""S.m_off.7"": 0.41, ""S.m_off.8"": 0.5319, ""S.m_off.9"": 0.4254, ""S.m_off.10"": 0.3821, ""S.q_dead.None"": 0.1018}"
67,refine,r003,2026-06-02,0.3657,10.975,420.5,"{""N.s_entry.4"": 0.4443, ""N.s_entry.5"": 0.4628, ""N.s_entry.6"": 0.4687, ""N.s_entry.7"": 0.3131, ""N.s_entry.8"": 0.4299, ""N.s_entry.9"": 0.2374, ""N.s_entry.10"": 0.3758, ""N.s_or.4"": 0.4159, ""N.s_or.5"": 0.3558, ""N.s_or.6"": 0.2594, ""N.s_or.7"": 0.297, ""N.s_or.8"": 0.2498, ""N.s_or.9"": 0.2482, ""N.s_or.10"": 0.4902, ""N.m_off.4"": 0.3706, ""N.m_off.5"": 0.3251, ""N.m_off.6"": 0.2372, ""N.m_off.7"": 0.3181, ""N.m_off.8"": 0.2483, ""N.m_off.9"": 0.3351, ""N.m_off.10"": 0.41, ""N.q_dead.None"": 0.0605, ""S.s_entry.4"": 0.463, ""S.s_entry.5"": 0.2989, ""S.s_entry.6"": 0.4415, ""S.s_entry.7"": 0.3261, ""S.s_entry.8"": 0.3337, ""S.s_entry.9"": 0.3835, ""S.s_entry.10"": 0.3525, ""S.s_or.4"": 0.5085, ""S.s_or.5"": 0.2773, ""S.s_or.6"": 0.3225, ""S.s_or.7"": 0.2956, ""S.s_or.8"": 0.5319, ""S.s_or.9"": 0.4754, ""S.s_or.10"": 0.5312, ""S.m_off.4"": 0.458, ""S.m_off.5"": 0.4936, ""S.m_off.6"": 0.4911, ""S.m_off.7"": 0.41, ""S.m_off.8"": 0.5319, ""S.m_off.9"": 0.4254, ""S.m_off.10"": 0.3821, ""S.q_dead.None"": 0.1018}"
68,refine,r003,2026-06-04,0.4572,10.203,338.3,"{""N.s_entry.4"": 0.4443, ""N.s_entry.5"": 0.4628, ""N.s_entry.6"": 0.4687, ""N.s_entry.7"": 0.3131, ""N.s_entry.8"": 0.4299, ""N.s_entry.9"": 0.2374, ""N.s_entry.10"": 0.3758, ""N.s_or.4"": 0.4159, ""N.s_or.5"": 0.3558, ""N.s_or.6"": 0.2594, ""N.s_or.7"": 0.297, ""N.s_or.8"": 0.2498, ""N.s_or.9"": 0.2482, ""N.s_or.10"": 0.4902, ""N.m_off.4"": 0.3706, ""N.m_off.5"": 0.3251, ""N.m_off.6"": 0.2372, ""N.m_off.7"": 0.3181, ""N.m_off.8"": 0.2483, ""N.m_off.9"": 0.3351, ""N.m_off.10"": 0.41, ""N.q_dead.None"": 0.0605, ""S.s_entry.4"": 0.463, ""S.s_entry.5"": 0.2989, ""S.s_entry.6"": 0.4415, ""S.s_entry.7"": 0.3261, ""S.s_entry.8"": 0.3337, ""S.s_entry.9"": 0.3835, ""S.s_entry.10"": 0.3525, ""S.s_or.4"": 0.5085, ""S.s_or.5"": 0.2773, ""S.s_or.6"": 0.3225, ""S.s_or.7"": 0.2956, ""S.s_or.8"": 0.5319, ""S.s_or.9"": 0.4754, ""S.s_or.10"": 0.5312, ""S.m_off.4"": 0.458, ""S.m_off.5"": 0.4936, ""S.m_off.6"": 0.4911, ""S.m_off.7"": 0.41, ""S.m_off.8"": 0.5319, ""S.m_off.9"": 0.4254, ""S.m_off.10"": 0.3821, ""S.q_dead.None"": 0.1018}"
69,refine,r004,2026-06-02,0.3553,10.875,391.3,"{""N.s_entry.4"": 0.4443, ""N.s_entry.5"": 0.4628, ""N.s_entry.6"": 0.4687, ""N.s_entry.7"": 0.3131, ""N.s_entry.8"": 0.4299, ""N.s_entry.9"": 0.2374, ""N.s_entry.10"": 0.3758, ""N.s_or.4"": 0.4159, ""N.s_or.5"": 0.3558, ""N.s_or.6"": 0.2594, ""N.s_or.7"": 0.297, ""N.s_or.8"": 0.2498, ""N.s_or.9"": 0.2482, ""N.s_or.10"": 0.4902, ""N.m_off.4"": 0.3706, ""N.m_off.5"": 0.3251, ""N.m_off.6"": 0.2372, ""N.m_off.7"": 0.3181, ""N.m_off.8"": 0.2483, ""N.m_off.9"": 0.3351, ""N.m_off.10"": 0.41, ""N.q_dead.None"": 0.0605, ""S.s_entry.4"": 0.463, ""S.s_entry.5"": 0.2989, ""S.s_entry.6"": 0.4415, ""S.s_entry.7"": 0.3261, ""S.s_entry.8"": 0.3337, ""S.s_entry.9"": 0.3835, ""S.s_entry.10"": 0.3525, ""S.s_or.4"": 0.5085, ""S.s_or.5"": 0.2773, ""S.s_or.6"": 0.3225, ""S.s_or.7"": 0.2956, ""S.s_or.8"": 0.5319, ""S.s_or.9"": 0.4754, ""S.s_or.10"": 0.5312, ""S.m_off.4"": 0.458, ""S.m_off.5"": 0.4936, ""S.m_off.6"": 0.4911, ""S.m_off.7"": 0.41, ""S.m_off.8"": 0.6519, ""S.m_off.9"": 0.4254, ""S.m_off.10"": 0.3821, ""S.q_dead.None"": 0.1018}"
70,refine,r004,2026-06-04,0.4676,10.162,311.5,"{""N.s_entry.4"": 0.4443, ""N.s_entry.5"": 0.4628, ""N.s_entry.6"": 0.4687, ""N.s_entry.7"": 0.3131, ""N.s_entry.8"": 0.4299, ""N.s_entry.9"": 0.2374, ""N.s_entry.10"": 0.3758, ""N.s_or.4"": 0.4159, ""N.s_or.5"": 0.3558, ""N.s_or.6"": 0.2594, ""N.s_or.7"": 0.297, ""N.s_or.8"": 0.2498, ""N.s_or.9"": 0.2482, ""N.s_or.10"": 0.4902, ""N.m_off.4"": 0.3706, ""N.m_off.5"": 0.3251, ""N.m_off.6"": 0.2372, ""N.m_off.7"": 0.3181, ""N.m_off.8"": 0.2483, ""N.m_off.9"": 0.3351, ""N.m_off.10"": 0.41, ""N.q_dead.None"": 0.0605, ""S.s_entry.4"": 0.463, ""S.s_entry.5"": 0.2989, ""S.s_entry.6"": 0.4415, ""S.s_entry.7"": 0.3261, ""S.s_entry.8"": 0.3337, ""S.s_entry.9"": 0.3835, ""S.s_entry.10"": 0.3525, ""S.s_or.4"": 0.5085, ""S.s_or.5"": 0.2773, ""S.s_or.6"": 0.3225, ""S.s_or.7"": 0.2956, ""S.s_or.8"": 0.5319, ""S.s_or.9"": 0.4754, ""S.s_or.10"": 0.5312, ""S.m_off.4"": 0.458, ""S.m_off.5"": 0.4936, ""S.m_off.6"": 0.4911, ""S.m_off.7"": 0.41, ""S.m_off.8"": 0.6519, ""S.m_off.9"": 0.4254, ""S.m_off.10"": 0.3821, ""S.q_dead.None"": 0.1018}"
71,refine,r005,2026-06-02,0.3657,11.031,405.5,"{""N.s_entry.4"": 0.4443, ""N.s_entry.5"": 0.4628, ""N.s_entry.6"": 0.4687, ""N.s_entry.7"": 0.3131, ""N.s_entry.8"": 0.4299, ""N.s_entry.9"": 0.2374, ""N.s_entry.10"": 0.3758, ""N.s_or.4"": 0.4159, ""N.s_or.5"": 0.3558, ""N.s_or.6"": 0.2594, ""N.s_or.7"": 0.297, ""N.s_or.8"": 0.2498, ""N.s_or.9"": 0.2482, ""N.s_or.10"": 0.4902, ""N.m_off.4"": 0.3706, ""N.m_off.5"": 0.3251, ""N.m_off.6"": 0.2372, ""N.m_off.7"": 0.3181, ""N.m_off.8"": 0.2483, ""N.m_off.9"": 0.3351, ""N.m_off.10"": 0.41, ""N.q_dead.None"": 0.0605, ""S.s_entry.4"": 0.463, ""S.s_entry.5"": 0.2989, ""S.s_entry.6"": 0.4415, ""S.s_entry.7"": 0.3261, ""S.s_entry.8"": 0.3337, ""S.s_entry.9"": 0.3835, ""S.s_entry.10"": 0.3525, ""S.s_or.4"": 0.5085, ""S.s_or.5"": 0.2773, ""S.s_or.6"": 0.3225, ""S.s_or.7"": 0.2956, ""S.s_or.8"": 0.5319, ""S.s_or.9"": 0.4754, ""S.s_or.10"": 0.5312, ""S.m_off.4"": 0.458, ""S.m_off.5"": 0.4936, ""S.m_off.6"": 0.4911, ""S.m_off.7"": 0.41, ""S.m_off.8"": 0.4119, ""S.m_off.9"": 0.4254, ""S.m_off.10"": 0.3821, ""S.q_dead.None"": 0.1018}"
72,refine,r005,2026-06-04,0.4572,10.295,328.4,"{""N.s_entry.4"": 0.4443, ""N.s_entry.5"": 0.4628, ""N.s_entry.6"": 0.4687, ""N.s_entry.7"": 0.3131, ""N.s_entry.8"": 0.4299, ""N.s_entry.9"": 0.2374, ""N.s_entry.10"": 0.3758, ""N.s_or.4"": 0.4159, ""N.s_or.5"": 0.3558, ""N.s_or.6"": 0.2594, ""N.s_or.7"": 0.297, ""N.s_or.8"": 0.2498, ""N.s_or.9"": 0.2482, ""N.s_or.10"": 0.4902, ""N.m_off.4"": 0.3706, ""N.m_off.5"": 0.3251, ""N.m_off.6"": 0.2372, ""N.m_off.7"": 0.3181, ""N.m_off.8"": 0.2483, ""N.m_off.9"": 0.3351, ""N.m_off.10"": 0.41, ""N.q_dead.None"": 0.0605, ""S.s_entry.4"": 0.463, ""S.s_entry.5"": 0.2989, ""S.s_entry.6"": 0.4415, ""S.s_entry.7"": 0.3261, ""S.s_entry.8"": 0.3337, ""S.s_entry.9"": 0.3835, ""S.s_entry.10"": 0.3525, ""S.s_or.4"": 0.5085, ""S.s_or.5"": 0.2773, ""S.s_or.6"": 0.3225, ""S.s_or.7"": 0.2956, ""S.s_or.8"": 0.5319, ""S.s_or.9"": 0.4754, ""S.s_or.10"": 0.5312, ""S.m_off.4"": 0.458, ""S.m_off.5"": 0.4936, ""S.m_off.6"": 0.4911, ""S.m_off.7"": 0.41, ""S.m_off.8"": 0.4119, ""S.m_off.9"": 0.4254, ""S.m_off.10"": 0.3821, ""S.q_dead.None"": 0.1018}"
73,refine,r006,2026-06-02,0.3773,10.769,385.9,"{""N.s_entry.4"": 0.4443, ""N.s_entry.5"": 0.4628, ""N.s_entry.6"": 0.4687, ""N.s_entry.7"": 0.3131, ""N.s_entry.8"": 0.4299, ""N.s_entry.9"": 0.2374, ""N.s_entry.10"": 0.3758, ""N.s_or.4"": 0.4159, ""N.s_or.5"": 0.3558, ""N.s_or.6"": 0.2594, ""N.s_or.7"": 0.297, ""N.s_or.8"": 0.2498, ""N.s_or.9"": 0.2482, ""N.s_or.10"": 0.4902, ""N.m_off.4"": 0.3706, ""N.m_off.5"": 0.3251, ""N.m_off.6"": 0.2372, ""N.m_off.7"": 0.3181, ""N.m_off.8"": 0.2483, ""N.m_off.9"": 0.3351, ""N.m_off.10"": 0.41, ""N.q_dead.None"": 0.0605, ""S.s_entry.4"": 0.463, ""S.s_entry.5"": 0.2989, ""S.s_entry.6"": 0.4415, ""S.s_entry.7"": 0.3261, ""S.s_entry.8"": 0.3337, ""S.s_entry.9"": 0.3835, ""S.s_entry.10"": 0.3525, ""S.s_or.4"": 0.5085, ""S.s_or.5"": 0.2773, ""S.s_or.6"": 0.3225, ""S.s_or.7"": 0.2956, ""S.s_or.8"": 0.5319, ""S.s_or.9"": 0.4754, ""S.s_or.10"": 0.5312, ""S.m_off.4"": 0.458, ""S.m_off.5"": 0.4936, ""S.m_off.6"": 0.4911, ""S.m_off.7"": 0.506, ""S.m_off.8"": 0.5319, ""S.m_off.9"": 0.4254, ""S.m_off.10"": 0.3821, ""S.q_dead.None"": 0.1018}"
74,refine,r006,2026-06-04,0.4664,10.181,315.5,"{""N.s_entry.4"": 0.4443, ""N.s_entry.5"": 0.4628, ""N.s_entry.6"": 0.4687, ""N.s_entry.7"": 0.3131, ""N.s_entry.8"": 0.4299, ""N.s_entry.9"": 0.2374, ""N.s_entry.10"": 0.3758, ""N.s_or.4"": 0.4159, ""N.s_or.5"": 0.3558, ""N.s_or.6"": 0.2594, ""N.s_or.7"": 0.297, ""N.s_or.8"": 0.2498, ""N.s_or.9"": 0.2482, ""N.s_or.10"": 0.4902, ""N.m_off.4"": 0.3706, ""N.m_off.5"": 0.3251, ""N.m_off.6"": 0.2372, ""N.m_off.7"": 0.3181, ""N.m_off.8"": 0.2483, ""N.m_off.9"": 0.3351, ""N.m_off.10"": 0.41, ""N.q_dead.None"": 0.0605, ""S.s_entry.4"": 0.463, ""S.s_entry.5"": 0.2989, ""S.s_entry.6"": 0.4415, ""S.s_entry.7"": 0.3261, ""S.s_entry.8"": 0.3337, ""S.s_entry.9"": 0.3835, ""S.s_entry.10"": 0.3525, ""S.s_or.4"": 0.5085, ""S.s_or.5"": 0.2773, ""S.s_or.6"": 0.3225, ""S.s_or.7"": 0.2956, ""S.s_or.8"": 0.5319, ""S.s_or.9"": 0.4754, ""S.s_or.10"": 0.5312, ""S.m_off.4"": 0.458, ""S.m_off.5"": 0.4936, ""S.m_off.6"": 0.4911, ""S.m_off.7"": 0.506, ""S.m_off.8"": 0.5319, ""S.m_off.9"": 0.4254, ""S.m_off.10"": 0.3821, ""S.q_dead.None"": 0.1018}"
75,refine,r007,2026-06-02,0.3773,11.027,408.6,"{""N.s_entry.4"": 0.4443, ""N.s_entry.5"": 0.4628, ""N.s_entry.6"": 0.4687, ""N.s_entry.7"": 0.3131, ""N.s_entry.8"": 0.5259, ""N.s_entry.9"": 0.2374, ""N.s_entry.10"": 0.3758, ""N.s_or.4"": 0.4159, ""N.s_or.5"": 0.3558, ""N.s_or.6"": 0.2594, ""N.s_or.7"": 0.297, ""N.s_or.8"": 0.2498, ""N.s_or.9"": 0.2482, ""N.s_or.10"": 0.4902, ""N.m_off.4"": 0.3706, ""N.m_off.5"": 0.3251, ""N.m_off.6"": 0.2372, ""N.m_off.7"": 0.3181, ""N.m_off.8"": 0.2483, ""N.m_off.9"": 0.3351, ""N.m_off.10"": 0.41, ""N.q_dead.None"": 0.0605, ""S.s_entry.4"": 0.463, ""S.s_entry.5"": 0.2989, ""S.s_entry.6"": 0.4415, ""S.s_entry.7"": 0.3261, ""S.s_entry.8"": 0.3337, ""S.s_entry.9"": 0.3835, ""S.s_entry.10"": 0.3525, ""S.s_or.4"": 0.5085, ""S.s_or.5"": 0.2773, ""S.s_or.6"": 0.3225, ""S.s_or.7"": 0.2956, ""S.s_or.8"": 0.5319, ""S.s_or.9"": 0.4754, ""S.s_or.10"": 0.5312, ""S.m_off.4"": 0.458, ""S.m_off.5"": 0.4936, ""S.m_off.6"": 0.4911, ""S.m_off.7"": 0.506, ""S.m_off.8"": 0.5319, ""S.m_off.9"": 0.4254, ""S.m_off.10"": 0.3821, ""S.q_dead.None"": 0.1018}"
76,refine,r007,2026-06-04,0.4572,10.154,349.2,"{""N.s_entry.4"": 0.4443, ""N.s_entry.5"": 0.4628, ""N.s_entry.6"": 0.4687, ""N.s_entry.7"": 0.3131, ""N.s_entry.8"": 0.5259, ""N.s_entry.9"": 0.2374, ""N.s_entry.10"": 0.3758, ""N.s_or.4"": 0.4159, ""N.s_or.5"": 0.3558, ""N.s_or.6"": 0.2594, ""N.s_or.7"": 0.297, ""N.s_or.8"": 0.2498, ""N.s_or.9"": 0.2482, ""N.s_or.10"": 0.4902, ""N.m_off.4"": 0.3706, ""N.m_off.5"": 0.3251, ""N.m_off.6"": 0.2372, ""N.m_off.7"": 0.3181, ""N.m_off.8"": 0.2483, ""N.m_off.9"": 0.3351, ""N.m_off.10"": 0.41, ""N.q_dead.None"": 0.0605, ""S.s_entry.4"": 0.463, ""S.s_entry.5"": 0.2989, ""S.s_entry.6"": 0.4415, ""S.s_entry.7"": 0.3261, ""S.s_entry.8"": 0.3337, ""S.s_entry.9"": 0.3835, ""S.s_entry.10"": 0.3525, ""S.s_or.4"": 0.5085, ""S.s_or.5"": 0.2773, ""S.s_or.6"": 0.3225, ""S.s_or.7"": 0.2956, ""S.s_or.8"": 0.5319, ""S.s_or.9"": 0.4754, ""S.s_or.10"": 0.5312, ""S.m_off.4"": 0.458, ""S.m_off.5"": 0.4936, ""S.m_off.6"": 0.4911, ""S.m_off.7"": 0.506, ""S.m_off.8"": 0.5319, ""S.m_off.9"": 0.4254, ""S.m_off.10"": 0.3821, ""S.q_dead.None"": 0.1018}"
77,refine,r008,2026-06-02,0.3773,10.954,390.7,"{""N.s_entry.4"": 0.4443, ""N.s_entry.5"": 0.4628, ""N.s_entry.6"": 0.4687, ""N.s_entry.7"": 0.3131, ""N.s_entry.8"": 0.3339, ""N.s_entry.9"": 0.2374, ""N.s_entry.10"": 0.3758, ""N.s_or.4"": 0.4159, ""N.s_or.5"": 0.3558, ""N.s_or.6"": 0.2594, ""N.s_or.7"": 0.297, ""N.s_or.8"": 0.2498, ""N.s_or.9"": 0.2482, ""N.s_or.10"": 0.4902, ""N.m_off.4"": 0.3706, ""N.m_off.5"": 0.3251, ""N.m_off.6"": 0.2372, ""N.m_off.7"": 0.3181, ""N.m_off.8"": 0.2483, ""N.m_off.9"": 0.3351, ""N.m_off.10"": 0.41, ""N.q_dead.None"": 0.0605, ""S.s_entry.4"": 0.463, ""S.s_entry.5"": 0.2989, ""S.s_entry.6"": 0.4415, ""S.s_entry.7"": 0.3261, ""S.s_entry.8"": 0.3337, ""S.s_entry.9"": 0.3835, ""S.s_entry.10"": 0.3525, ""S.s_or.4"": 0.5085, ""S.s_or.5"": 0.2773, ""S.s_or.6"": 0.3225, ""S.s_or.7"": 0.2956, ""S.s_or.8"": 0.5319, ""S.s_or.9"": 0.4754, ""S.s_or.10"": 0.5312, ""S.m_off.4"": 0.458, ""S.m_off.5"": 0.4936, ""S.m_off.6"": 0.4911, ""S.m_off.7"": 0.506, ""S.m_off.8"": 0.5319, ""S.m_off.9"": 0.4254, ""S.m_off.10"": 0.3821, ""S.q_dead.None"": 0.1018}"
78,refine,r008,2026-06-04,0.4664,10.253,303.3,"{""N.s_entry.4"": 0.4443, ""N.s_entry.5"": 0.4628, ""N.s_entry.6"": 0.4687, ""N.s_entry.7"": 0.3131, ""N.s_entry.8"": 0.3339, ""N.s_entry.9"": 0.2374, ""N.s_entry.10"": 0.3758, ""N.s_or.4"": 0.4159, ""N.s_or.5"": 0.3558, ""N.s_or.6"": 0.2594, ""N.s_or.7"": 0.297, ""N.s_or.8"": 0.2498, ""N.s_or.9"": 0.2482, ""N.s_or.10"": 0.4902, ""N.m_off.4"": 0.3706, ""N.m_off.5"": 0.3251, ""N.m_off.6"": 0.2372, ""N.m_off.7"": 0.3181, ""N.m_off.8"": 0.2483, ""N.m_off.9"": 0.3351, ""N.m_off.10"": 0.41, ""N.q_dead.None"": 0.0605, ""S.s_entry.4"": 0.463, ""S.s_entry.5"": 0.2989, ""S.s_entry.6"": 0.4415, ""S.s_entry.7"": 0.3261, ""S.s_entry.8"": 0.3337, ""S.s_entry.9"": 0.3835, ""S.s_entry.10"": 0.3525, ""S.s_or.4"": 0.5085, ""S.s_or.5"": 0.2773, ""S.s_or.6"": 0.3225, ""S.s_or.7"": 0.2956, ""S.s_or.8"": 0.5319, ""S.s_or.9"": 0.4754, ""S.s_or.10"": 0.5312, ""S.m_off.4"": 0.458, ""S.m_off.5"": 0.4936, ""S.m_off.6"": 0.4911, ""S.m_off.7"": 0.506, ""S.m_off.8"": 0.5319, ""S.m_off.9"": 0.4254, ""S.m_off.10"": 0.3821, ""S.q_dead.None"": 0.1018}"
79,refine,r009,2026-06-02,0.3773,10.891,406.1,"{""N.s_entry.4"": 0.4443, ""N.s_entry.5"": 0.4628, ""N.s_entry.6"": 0.4687, ""N.s_entry.7"": 0.3131, ""N.s_entry.8"": 0.4299, ""N.s_entry.9"": 0.2374, ""N.s_entry.10"": 0.3758, ""N.s_or.4"": 0.4159, ""N.s_or.5"": 0.3558, ""N.s_or.6"": 0.2594, ""N.s_or.7"": 0.297, ""N.s_or.8"": 0.2498, ""N.s_or.9"": 0.2482, ""N.s_or.10"": 0.4902, ""N.m_off.4"": 0.3706, ""N.m_off.5"": 0.3251, ""N.m_off.6"": 0.2372, ""N.m_off.7"": 0.3181, ""N.m_off.8"": 0.2483, ""N.m_off.9"": 0.3351, ""N.m_off.10"": 0.41, ""N.q_dead.None"": 0.0605, ""S.s_entry.4"": 0.463, ""S.s_entry.5"": 0.2989, ""S.s_entry.6"": 0.4415, ""S.s_entry.7"": 0.3261, ""S.s_entry.8"": 0.3337, ""S.s_entry.9"": 0.3835, ""S.s_entry.10"": 0.3525, ""S.s_or.4"": 0.5085, ""S.s_or.5"": 0.2773, ""S.s_or.6"": 0.3225, ""S.s_or.7"": 0.2956, ""S.s_or.8"": 0.5319, ""S.s_or.9"": 0.4754, ""S.s_or.10"": 0.5312, ""S.m_off.4"": 0.458, ""S.m_off.5"": 0.4936, ""S.m_off.6"": 0.4911, ""S.m_off.7"": 0.506, ""S.m_off.8"": 0.6087, ""S.m_off.9"": 0.4254, ""S.m_off.10"": 0.3821, ""S.q_dead.None"": 0.1018}"
80,refine,r009,2026-06-04,0.4664,10.176,312.4,"{""N.s_entry.4"": 0.4443, ""N.s_entry.5"": 0.4628, ""N.s_entry.6"": 0.4687, ""N.s_entry.7"": 0.3131, ""N.s_entry.8"": 0.4299, ""N.s_entry.9"": 0.2374, ""N.s_entry.10"": 0.3758, ""N.s_or.4"": 0.4159, ""N.s_or.5"": 0.3558, ""N.s_or.6"": 0.2594, ""N.s_or.7"": 0.297, ""N.s_or.8"": 0.2498, ""N.s_or.9"": 0.2482, ""N.s_or.10"": 0.4902, ""N.m_off.4"": 0.3706, ""N.m_off.5"": 0.3251, ""N.m_off.6"": 0.2372, ""N.m_off.7"": 0.3181, ""N.m_off.8"": 0.2483, ""N.m_off.9"": 0.3351, ""N.m_off.10"": 0.41, ""N.q_dead.None"": 0.0605, ""S.s_entry.4"": 0.463, ""S.s_entry.5"": 0.2989, ""S.s_entry.6"": 0.4415, ""S.s_entry.7"": 0.3261, ""S.s_entry.8"": 0.3337, ""S.s_entry.9"": 0.3835, ""S.s_entry.10"": 0.3525, ""S.s_or.4"": 0.5085, ""S.s_or.5"": 0.2773, ""S.s_or.6"": 0.3225, ""S.s_or.7"": 0.2956, ""S.s_or.8"": 0.5319, ""S.s_or.9"": 0.4754, ""S.s_or.10"": 0.5312, ""S.m_off.4"": 0.458, ""S.m_off.5"": 0.4936, ""S.m_off.6"": 0.4911, ""S.m_off.7"": 0.506, ""S.m_off.8"": 0.6087, ""S.m_off.9"": 0.4254, ""S.m_off.10"": 0.3821, ""S.q_dead.None"": 0.1018}"
81,refine,r010,2026-06-02,0.3773,11.024,391.9,"{""N.s_entry.4"": 0.4443, ""N.s_entry.5"": 0.4628, ""N.s_entry.6"": 0.4687, ""N.s_entry.7"": 0.3131, ""N.s_entry.8"": 0.4299, ""N.s_entry.9"": 0.2374, ""N.s_entry.10"": 0.3758, ""N.s_or.4"": 0.4159, ""N.s_or.5"": 0.3558, ""N.s_or.6"": 0.2594, ""N.s_or.7"": 0.297, ""N.s_or.8"": 0.2498, ""N.s_or.9"": 0.2482, ""N.s_or.10"": 0.4902, ""N.m_off.4"": 0.3706, ""N.m_off.5"": 0.3251, ""N.m_off.6"": 0.2372, ""N.m_off.7"": 0.3181, ""N.m_off.8"": 0.2483, ""N.m_off.9"": 0.3351, ""N.m_off.10"": 0.41, ""N.q_dead.None"": 0.0605, ""S.s_entry.4"": 0.463, ""S.s_entry.5"": 0.2989, ""S.s_entry.6"": 0.4415, ""S.s_entry.7"": 0.3261, ""S.s_entry.8"": 0.3337, ""S.s_entry.9"": 0.3835, ""S.s_entry.10"": 0.3525, ""S.s_or.4"": 0.5085, ""S.s_or.5"": 0.2773, ""S.s_or.6"": 0.3225, ""S.s_or.7"": 0.2956, ""S.s_or.8"": 0.5319, ""S.s_or.9"": 0.4754, ""S.s_or.10"": 0.5312, ""S.m_off.4"": 0.458, ""S.m_off.5"": 0.4936, ""S.m_off.6"": 0.4911, ""S.m_off.7"": 0.506, ""S.m_off.8"": 0.4551, ""S.m_off.9"": 0.4254, ""S.m_off.10"": 0.3821, ""S.q_dead.None"": 0.1018}"
82,refine,r010,2026-06-04,0.4387,10.227,316.0,"{""N.s_entry.4"": 0.4443, ""N.s_entry.5"": 0.4628, ""N.s_entry.6"": 0.4687, ""N.s_entry.7"": 0.3131, ""N.s_entry.8"": 0.4299, ""N.s_entry.9"": 0.2374, ""N.s_entry.10"": 0.3758, ""N.s_or.4"": 0.4159, ""N.s_or.5"": 0.3558, ""N.s_or.6"": 0.2594, ""N.s_or.7"": 0.297, ""N.s_or.8"": 0.2498, ""N.s_or.9"": 0.2482, ""N.s_or.10"": 0.4902, ""N.m_off.4"": 0.3706, ""N.m_off.5"": 0.3251, ""N.m_off.6"": 0.2372, ""N.m_off.7"": 0.3181, ""N.m_off.8"": 0.2483, ""N.m_off.9"": 0.3351, ""N.m_off.10"": 0.41, ""N.q_dead.None"": 0.0605, ""S.s_entry.4"": 0.463, ""S.s_entry.5"": 0.2989, ""S.s_entry.6"": 0.4415, ""S.s_entry.7"": 0.3261, ""S.s_entry.8"": 0.3337, ""S.s_entry.9"": 0.3835, ""S.s_entry.10"": 0.3525, ""S.s_or.4"": 0.5085, ""S.s_or.5"": 0.2773, ""S.s_or.6"": 0.3225, ""S.s_or.7"": 0.2956, ""S.s_or.8"": 0.5319, ""S.s_or.9"": 0.4754, ""S.s_or.10"": 0.5312, ""S.m_off.4"": 0.458, ""S.m_off.5"": 0.4936, ""S.m_off.6"": 0.4911, ""S.m_off.7"": 0.506, ""S.m_off.8"": 0.4551, ""S.m_off.9"": 0.4254, ""S.m_off.10"": 0.3821, ""S.q_dead.None"": 0.1018}"
83,refine,r011,2026-06-02,0.3773,10.925,398.3,"{""N.s_entry.4"": 0.4443, ""N.s_entry.5"": 0.4628, ""N.s_entry.6"": 0.4687, ""N.s_entry.7"": 0.3131, ""N.s_entry.8"": 0.4299, ""N.s_entry.9"": 0.2374, ""N.s_entry.10"": 0.3758, ""N.s_or.4"": 0.4159, ""N.s_or.5"": 0.3558, ""N.s_or.6"": 0.2594, ""N.s_or.7"": 0.297, ""N.s_or.8"": 0.2498, ""N.s_or.9"": 0.2482, ""N.s_or.10"": 0.4902, ""N.m_off.4"": 0.3706, ""N.m_off.5"": 0.3251, ""N.m_off.6"": 0.2372, ""N.m_off.7"": 0.3181, ""N.m_off.8"": 0.2483, ""N.m_off.9"": 0.3351, ""N.m_off.10"": 0.41, ""N.q_dead.None"": 0.0605, ""S.s_entry.4"": 0.463, ""S.s_entry.5"": 0.2989, ""S.s_entry.6"": 0.4415, ""S.s_entry.7"": 0.3875, ""S.s_entry.8"": 0.3337, ""S.s_entry.9"": 0.3835, ""S.s_entry.10"": 0.3525, ""S.s_or.4"": 0.5085, ""S.s_or.5"": 0.2773, ""S.s_or.6"": 0.3225, ""S.s_or.7"": 0.2956, ""S.s_or.8"": 0.5319, ""S.s_or.9"": 0.4754, ""S.s_or.10"": 0.5312, ""S.m_off.4"": 0.458, ""S.m_off.5"": 0.4936, ""S.m_off.6"": 0.4911, ""S.m_off.7"": 0.506, ""S.m_off.8"": 0.5319, ""S.m_off.9"": 0.4254, ""S.m_off.10"": 0.3821, ""S.q_dead.None"": 0.1018}"
84,refine,r011,2026-06-04,0.4757,10.198,312.2,"{""N.s_entry.4"": 0.4443, ""N.s_entry.5"": 0.4628, ""N.s_entry.6"": 0.4687, ""N.s_entry.7"": 0.3131, ""N.s_entry.8"": 0.4299, ""N.s_entry.9"": 0.2374, ""N.s_entry.10"": 0.3758, ""N.s_or.4"": 0.4159, ""N.s_or.5"": 0.3558, ""N.s_or.6"": 0.2594, ""N.s_or.7"": 0.297, ""N.s_or.8"": 0.2498, ""N.s_or.9"": 0.2482, ""N.s_or.10"": 0.4902, ""N.m_off.4"": 0.3706, ""N.m_off.5"": 0.3251, ""N.m_off.6"": 0.2372, ""N.m_off.7"": 0.3181, ""N.m_off.8"": 0.2483, ""N.m_off.9"": 0.3351, ""N.m_off.10"": 0.41, ""N.q_dead.None"": 0.0605, ""S.s_entry.4"": 0.463, ""S.s_entry.5"": 0.2989, ""S.s_entry.6"": 0.4415, ""S.s_entry.7"": 0.3875, ""S.s_entry.8"": 0.3337, ""S.s_entry.9"": 0.3835, ""S.s_entry.10"": 0.3525, ""S.s_or.4"": 0.5085, ""S.s_or.5"": 0.2773, ""S.s_or.6"": 0.3225, ""S.s_or.7"": 0.2956, ""S.s_or.8"": 0.5319, ""S.s_or.9"": 0.4754, ""S.s_or.10"": 0.5312, ""S.m_off.4"": 0.458, ""S.m_off.5"": 0.4936, ""S.m_off.6"": 0.4911, ""S.m_off.7"": 0.506, ""S.m_off.8"": 0.5319, ""S.m_off.9"": 0.4254, ""S.m_off.10"": 0.3821, ""S.q_dead.None"": 0.1018}"
85,refine,r012,2026-06-02,0.3669,10.955,405.3,"{""N.s_entry.4"": 0.4443, ""N.s_entry.5"": 0.4628, ""N.s_entry.6"": 0.4687, ""N.s_entry.7"": 0.3131, ""N.s_entry.8"": 0.4299, ""N.s_entry.9"": 0.2374, ""N.s_entry.10"": 0.3758, ""N.s_or.4"": 0.4159, ""N.s_or.5"": 0.3558, ""N.s_or.6"": 0.2594, ""N.s_or.7"": 0.297, ""N.s_or.8"": 0.2498, ""N.s_or.9"": 0.2482, ""N.s_or.10"": 0.4902, ""N.m_off.4"": 0.3706, ""N.m_off.5"": 0.3251, ""N.m_off.6"": 0.2372, ""N.m_off.7"": 0.3181, ""N.m_off.8"": 0.2483, ""N.m_off.9"": 0.3351, ""N.m_off.10"": 0.41, ""N.q_dead.None"": 0.0605, ""S.s_entry.4"": 0.463, ""S.s_entry.5"": 0.2989, ""S.s_entry.6"": 0.4415, ""S.s_entry.7"": 0.3875, ""S.s_entry.8"": 0.3337, ""S.s_entry.9"": 0.3835, ""S.s_entry.10"": 0.3525, ""S.s_or.4"": 0.5699, ""S.s_or.5"": 0.2773, ""S.s_or.6"": 0.3225, ""S.s_or.7"": 0.2956, ""S.s_or.8"": 0.5319, ""S.s_or.9"": 0.4754, ""S.s_or.10"": 0.5312, ""S.m_off.4"": 0.458, ""S.m_off.5"": 0.4936, ""S.m_off.6"": 0.4911, ""S.m_off.7"": 0.506, ""S.m_off.8"": 0.5319, ""S.m_off.9"": 0.4254, ""S.m_off.10"": 0.3821, ""S.q_dead.None"": 0.1018}"
86,refine,r012,2026-06-04,0.4456,10.219,331.5,"{""N.s_entry.4"": 0.4443, ""N.s_entry.5"": 0.4628, ""N.s_entry.6"": 0.4687, ""N.s_entry.7"": 0.3131, ""N.s_entry.8"": 0.4299, ""N.s_entry.9"": 0.2374, ""N.s_entry.10"": 0.3758, ""N.s_or.4"": 0.4159, ""N.s_or.5"": 0.3558, ""N.s_or.6"": 0.2594, ""N.s_or.7"": 0.297, ""N.s_or.8"": 0.2498, ""N.s_or.9"": 0.2482, ""N.s_or.10"": 0.4902, ""N.m_off.4"": 0.3706, ""N.m_off.5"": 0.3251, ""N.m_off.6"": 0.2372, ""N.m_off.7"": 0.3181, ""N.m_off.8"": 0.2483, ""N.m_off.9"": 0.3351, ""N.m_off.10"": 0.41, ""N.q_dead.None"": 0.0605, ""S.s_entry.4"": 0.463, ""S.s_entry.5"": 0.2989, ""S.s_entry.6"": 0.4415, ""S.s_entry.7"": 0.3875, ""S.s_entry.8"": 0.3337, ""S.s_entry.9"": 0.3835, ""S.s_entry.10"": 0.3525, ""S.s_or.4"": 0.5699, ""S.s_or.5"": 0.2773, ""S.s_or.6"": 0.3225, ""S.s_or.7"": 0.2956, ""S.s_or.8"": 0.5319, ""S.s_or.9"": 0.4754, ""S.s_or.10"": 0.5312, ""S.m_off.4"": 0.458, ""S.m_off.5"": 0.4936, ""S.m_off.6"": 0.4911, ""S.m_off.7"": 0.506, ""S.m_off.8"": 0.5319, ""S.m_off.9"": 0.4254, ""S.m_off.10"": 0.3821, ""S.q_dead.None"": 0.1018}"
87,refine,r013,2026-06-02,0.3576,10.991,395.2,"{""N.s_entry.4"": 0.4443, ""N.s_entry.5"": 0.4628, ""N.s_entry.6"": 0.4687, ""N.s_entry.7"": 0.3131, ""N.s_entry.8"": 0.4299, ""N.s_entry.9"": 0.2374, ""N.s_entry.10"": 0.3758, ""N.s_or.4"": 0.4159, ""N.s_or.5"": 0.3558, ""N.s_or.6"": 0.2594, ""N.s_or.7"": 0.297, ""N.s_or.8"": 0.2498, ""N.s_or.9"": 0.2482, ""N.s_or.10"": 0.4902, ""N.m_off.4"": 0.3706, ""N.m_off.5"": 0.3251, ""N.m_off.6"": 0.2372, ""N.m_off.7"": 0.3181, ""N.m_off.8"": 0.2483, ""N.m_off.9"": 0.3351, ""N.m_off.10"": 0.41, ""N.q_dead.None"": 0.0605, ""S.s_entry.4"": 0.463, ""S.s_entry.5"": 0.2989, ""S.s_entry.6"": 0.4415, ""S.s_entry.7"": 0.3875, ""S.s_entry.8"": 0.3337, ""S.s_entry.9"": 0.3835, ""S.s_entry.10"": 0.3525, ""S.s_or.4"": 0.447, ""S.s_or.5"": 0.2773, ""S.s_or.6"": 0.3225, ""S.s_or.7"": 0.2956, ""S.s_or.8"": 0.5319, ""S.s_or.9"": 0.4754, ""S.s_or.10"": 0.5312, ""S.m_off.4"": 0.458, ""S.m_off.5"": 0.4936, ""S.m_off.6"": 0.4911, ""S.m_off.7"": 0.506, ""S.m_off.8"": 0.5319, ""S.m_off.9"": 0.4254, ""S.m_off.10"": 0.3821, ""S.q_dead.None"": 0.1018}"
88,refine,r013,2026-06-04,0.4549,10.211,318.0,"{""N.s_entry.4"": 0.4443, ""N.s_entry.5"": 0.4628, ""N.s_entry.6"": 0.4687, ""N.s_entry.7"": 0.3131, ""N.s_entry.8"": 0.4299, ""N.s_entry.9"": 0.2374, ""N.s_entry.10"": 0.3758, ""N.s_or.4"": 0.4159, ""N.s_or.5"": 0.3558, ""N.s_or.6"": 0.2594, ""N.s_or.7"": 0.297, ""N.s_or.8"": 0.2498, ""N.s_or.9"": 0.2482, ""N.s_or.10"": 0.4902, ""N.m_off.4"": 0.3706, ""N.m_off.5"": 0.3251, ""N.m_off.6"": 0.2372, ""N.m_off.7"": 0.3181, ""N.m_off.8"": 0.2483, ""N.m_off.9"": 0.3351, ""N.m_off.10"": 0.41, ""N.q_dead.None"": 0.0605, ""S.s_entry.4"": 0.463, ""S.s_entry.5"": 0.2989, ""S.s_entry.6"": 0.4415, ""S.s_entry.7"": 0.3875, ""S.s_entry.8"": 0.3337, ""S.s_entry.9"": 0.3835, ""S.s_entry.10"": 0.3525, ""S.s_or.4"": 0.447, ""S.s_or.5"": 0.2773, ""S.s_or.6"": 0.3225, ""S.s_or.7"": 0.2956, ""S.s_or.8"": 0.5319, ""S.s_or.9"": 0.4754, ""S.s_or.10"": 0.5312, ""S.m_off.4"": 0.458, ""S.m_off.5"": 0.4936, ""S.m_off.6"": 0.4911, ""S.m_off.7"": 0.506, ""S.m_off.8"": 0.5319, ""S.m_off.9"": 0.4254, ""S.m_off.10"": 0.3821, ""S.q_dead.None"": 0.1018}"
89,refine,r014,2026-06-02,0.3576,11.004,392.9,"{""N.s_entry.4"": 0.4443, ""N.s_entry.5"": 0.4628, ""N.s_entry.6"": 0.4687, ""N.s_entry.7"": 0.3131, ""N.s_entry.8"": 0.4299, ""N.s_entry.9"": 0.2374, ""N.s_entry.10"": 0.3758, ""N.s_or.4"": 0.4159, ""N.s_or.5"": 0.3558, ""N.s_or.6"": 0.2594, ""N.s_or.7"": 0.297, ""N.s_or.8"": 0.2498, ""N.s_or.9"": 0.2482, ""N.s_or.10"": 0.4902, ""N.m_off.4"": 0.3706, ""N.m_off.5"": 0.3251, ""N.m_off.6"": 0.2863, ""N.m_off.7"": 0.3181, ""N.m_off.8"": 0.2483, ""N.m_off.9"": 0.3351, ""N.m_off.10"": 0.41, ""N.q_dead.None"": 0.0605, ""S.s_entry.4"": 0.463, ""S.s_entry.5"": 0.2989, ""S.s_entry.6"": 0.4415, ""S.s_entry.7"": 0.3875, ""S.s_entry.8"": 0.3337, ""S.s_entry.9"": 0.3835, ""S.s_entry.10"": 0.3525, ""S.s_or.4"": 0.5085, ""S.s_or.5"": 0.2773, ""S.s_or.6"": 0.3225, ""S.s_or.7"": 0.2956, ""S.s_or.8"": 0.5319, ""S.s_or.9"": 0.4754, ""S.s_or.10"": 0.5312, ""S.m_off.4"": 0.458, ""S.m_off.5"": 0.4936, ""S.m_off.6"": 0.4911, ""S.m_off.7"": 0.506, ""S.m_off.8"": 0.5319, ""S.m_off.9"": 0.4254, ""S.m_off.10"": 0.3821, ""S.q_dead.None"": 0.1018}"
90,refine,r014,2026-06-04,0.4468,10.215,319.4,"{""N.s_entry.4"": 0.4443, ""N.s_entry.5"": 0.4628, ""N.s_entry.6"": 0.4687, ""N.s_entry.7"": 0.3131, ""N.s_entry.8"": 0.4299, ""N.s_entry.9"": 0.2374, ""N.s_entry.10"": 0.3758, ""N.s_or.4"": 0.4159, ""N.s_or.5"": 0.3558, ""N.s_or.6"": 0.2594, ""N.s_or.7"": 0.297, ""N.s_or.8"": 0.2498, ""N.s_or.9"": 0.2482, ""N.s_or.10"": 0.4902, ""N.m_off.4"": 0.3706, ""N.m_off.5"": 0.3251, ""N.m_off.6"": 0.2863, ""N.m_off.7"": 0.3181, ""N.m_off.8"": 0.2483, ""N.m_off.9"": 0.3351, ""N.m_off.10"": 0.41, ""N.q_dead.None"": 0.0605, ""S.s_entry.4"": 0.463, ""S.s_entry.5"": 0.2989, ""S.s_entry.6"": 0.4415, ""S.s_entry.7"": 0.3875, ""S.s_entry.8"": 0.3337, ""S.s_entry.9"": 0.3835, ""S.s_entry.10"": 0.3525, ""S.s_or.4"": 0.5085, ""S.s_or.5"": 0.2773, ""S.s_or.6"": 0.3225, ""S.s_or.7"": 0.2956, ""S.s_or.8"": 0.5319, ""S.s_or.9"": 0.4754, ""S.s_or.10"": 0.5312, ""S.m_off.4"": 0.458, ""S.m_off.5"": 0.4936, ""S.m_off.6"": 0.4911, ""S.m_off.7"": 0.506, ""S.m_off.8"": 0.5319, ""S.m_off.9"": 0.4254, ""S.m_off.10"": 0.3821, ""S.q_dead.None"": 0.1018}"
91,refine,r015,2026-06-02,0.3669,10.941,395.4,"{""N.s_entry.4"": 0.4443, ""N.s_entry.5"": 0.4628, ""N.s_entry.6"": 0.4687, ""N.s_entry.7"": 0.3131, ""N.s_entry.8"": 0.4299, ""N.s_entry.9"": 0.2374, ""N.s_entry.10"": 0.3758, ""N.s_or.4"": 0.4159, ""N.s_or.5"": 0.3558, ""N.s_or.6"": 0.2594, ""N.s_or.7"": 0.297, ""N.s_or.8"": 0.2498, ""N.s_or.9"": 0.2482, ""N.s_or.10"": 0.4902, ""N.m_off.4"": 0.3706, ""N.m_off.5"": 0.3251, ""N.m_off.6"": 0.188, ""N.m_off.7"": 0.3181, ""N.m_off.8"": 0.2483, ""N.m_off.9"": 0.3351, ""N.m_off.10"": 0.41, ""N.q_dead.None"": 0.0605, ""S.s_entry.4"": 0.463, ""S.s_entry.5"": 0.2989, ""S.s_entry.6"": 0.4415, ""S.s_entry.7"": 0.3875, ""S.s_entry.8"": 0.3337, ""S.s_entry.9"": 0.3835, ""S.s_entry.10"": 0.3525, ""S.s_or.4"": 0.5085, ""S.s_or.5"": 0.2773, ""S.s_or.6"": 0.3225, ""S.s_or.7"": 0.2956, ""S.s_or.8"": 0.5319, ""S.s_or.9"": 0.4754, ""S.s_or.10"": 0.5312, ""S.m_off.4"": 0.458, ""S.m_off.5"": 0.4936, ""S.m_off.6"": 0.4911, ""S.m_off.7"": 0.506, ""S.m_off.8"": 0.5319, ""S.m_off.9"": 0.4254, ""S.m_off.10"": 0.3821, ""S.q_dead.None"": 0.1018}"
92,refine,r015,2026-06-04,0.4375,10.172,314.9,"{""N.s_entry.4"": 0.4443, ""N.s_entry.5"": 0.4628, ""N.s_entry.6"": 0.4687, ""N.s_entry.7"": 0.3131, ""N.s_entry.8"": 0.4299, ""N.s_entry.9"": 0.2374, ""N.s_entry.10"": 0.3758, ""N.s_or.4"": 0.4159, ""N.s_or.5"": 0.3558, ""N.s_or.6"": 0.2594, ""N.s_or.7"": 0.297, ""N.s_or.8"": 0.2498, ""N.s_or.9"": 0.2482, ""N.s_or.10"": 0.4902, ""N.m_off.4"": 0.3706, ""N.m_off.5"": 0.3251, ""N.m_off.6"": 0.188, ""N.m_off.7"": 0.3181, ""N.m_off.8"": 0.2483, ""N.m_off.9"": 0.3351, ""N.m_off.10"": 0.41, ""N.q_dead.None"": 0.0605, ""S.s_entry.4"": 0.463, ""S.s_entry.5"": 0.2989, ""S.s_entry.6"": 0.4415, ""S.s_entry.7"": 0.3875, ""S.s_entry.8"": 0.3337, ""S.s_entry.9"": 0.3835, ""S.s_entry.10"": 0.3525, ""S.s_or.4"": 0.5085, ""S.s_or.5"": 0.2773, ""S.s_or.6"": 0.3225, ""S.s_or.7"": 0.2956, ""S.s_or.8"": 0.5319, ""S.s_or.9"": 0.4754, ""S.s_or.10"": 0.5312, ""S.m_off.4"": 0.458, ""S.m_off.5"": 0.4936, ""S.m_off.6"": 0.4911, ""S.m_off.7"": 0.506, ""S.m_off.8"": 0.5319, ""S.m_off.9"": 0.4254, ""S.m_off.10"": 0.3821, ""S.q_dead.None"": 0.1018}"
93,refine,r016,2026-06-02,0.3669,10.828,398.6,"{""N.s_entry.4"": 0.4443, ""N.s_entry.5"": 0.4628, ""N.s_entry.6"": 0.4687, ""N.s_entry.7"": 0.3131, ""N.s_entry.8"": 0.4299, ""N.s_entry.9"": 0.2374, ""N.s_entry.10"": 0.3758, ""N.s_or.4"": 0.4159, ""N.s_or.5"": 0.3558, ""N.s_or.6"": 0.2594, ""N.s_or.7"": 0.297, ""N.s_or.8"": 0.2498, ""N.s_or.9"": 0.2482, ""N.s_or.10"": 0.4902, ""N.m_off.4"": 0.3706, ""N.m_off.5"": 0.3251, ""N.m_off.6"": 0.2372, ""N.m_off.7"": 0.3181, ""N.m_off.8"": 0.2483, ""N.m_off.9"": 0.3351, ""N.m_off.10"": 0.41, ""N.q_dead.None"": 0.0605, ""S.s_entry.4"": 0.463, ""S.s_entry.5"": 0.3382, ""S.s_entry.6"": 0.4415, ""S.s_entry.7"": 0.3875, ""S.s_entry.8"": 0.3337, ""S.s_entry.9"": 0.3835, ""S.s_entry.10"": 0.3525, ""S.s_or.4"": 0.5085, ""S.s_or.5"": 0.2773, ""S.s_or.6"": 0.3225, ""S.s_or.7"": 0.2956, ""S.s_or.8"": 0.5319, ""S.s_or.9"": 0.4754, ""S.s_or.10"": 0.5312, ""S.m_off.4"": 0.458, ""S.m_off.5"": 0.4936, ""S.m_off.6"": 0.4911, ""S.m_off.7"": 0.506, ""S.m_off.8"": 0.5319, ""S.m_off.9"": 0.4254, ""S.m_off.10"": 0.3821, ""S.q_dead.None"": 0.1018}"
94,refine,r016,2026-06-04,0.4352,10.225,314.2,"{""N.s_entry.4"": 0.4443, ""N.s_entry.5"": 0.4628, ""N.s_entry.6"": 0.4687, ""N.s_entry.7"": 0.3131, ""N.s_entry.8"": 0.4299, ""N.s_entry.9"": 0.2374, ""N.s_entry.10"": 0.3758, ""N.s_or.4"": 0.4159, ""N.s_or.5"": 0.3558, ""N.s_or.6"": 0.2594, ""N.s_or.7"": 0.297, ""N.s_or.8"": 0.2498, ""N.s_or.9"": 0.2482, ""N.s_or.10"": 0.4902, ""N.m_off.4"": 0.3706, ""N.m_off.5"": 0.3251, ""N.m_off.6"": 0.2372, ""N.m_off.7"": 0.3181, ""N.m_off.8"": 0.2483, ""N.m_off.9"": 0.3351, ""N.m_off.10"": 0.41, ""N.q_dead.None"": 0.0605, ""S.s_entry.4"": 0.463, ""S.s_entry.5"": 0.3382, ""S.s_entry.6"": 0.4415, ""S.s_entry.7"": 0.3875, ""S.s_entry.8"": 0.3337, ""S.s_entry.9"": 0.3835, ""S.s_entry.10"": 0.3525, ""S.s_or.4"": 0.5085, ""S.s_or.5"": 0.2773, ""S.s_or.6"": 0.3225, ""S.s_or.7"": 0.2956, ""S.s_or.8"": 0.5319, ""S.s_or.9"": 0.4754, ""S.s_or.10"": 0.5312, ""S.m_off.4"": 0.458, ""S.m_off.5"": 0.4936, ""S.m_off.6"": 0.4911, ""S.m_off.7"": 0.506, ""S.m_off.8"": 0.5319, ""S.m_off.9"": 0.4254, ""S.m_off.10"": 0.3821, ""S.q_dead.None"": 0.1018}"
95,refine,r017,2026-06-02,0.3264,10.967,384.7,"{""N.s_entry.4"": 0.4443, ""N.s_entry.5"": 0.4628, ""N.s_entry.6"": 0.4687, ""N.s_entry.7"": 0.3131, ""N.s_entry.8"": 0.4299, ""N.s_entry.9"": 0.2374, ""N.s_entry.10"": 0.3758, ""N.s_or.4"": 0.4159, ""N.s_or.5"": 0.3558, ""N.s_or.6"": 0.2594, ""N.s_or.7"": 0.297, ""N.s_or.8"": 0.2498, ""N.s_or.9"": 0.2482, ""N.s_or.10"": 0.4902, ""N.m_off.4"": 0.3706, ""N.m_off.5"": 0.3251, ""N.m_off.6"": 0.2372, ""N.m_off.7"": 0.3181, ""N.m_off.8"": 0.2483, ""N.m_off.9"": 0.3351, ""N.m_off.10"": 0.41, ""N.q_dead.None"": 0.0605, ""S.s_entry.4"": 0.463, ""S.s_entry.5"": 0.2595, ""S.s_entry.6"": 0.4415, ""S.s_entry.7"": 0.3875, ""S.s_entry.8"": 0.3337, ""S.s_entry.9"": 0.3835, ""S.s_entry.10"": 0.3525, ""S.s_or.4"": 0.5085, ""S.s_or.5"": 0.2773, ""S.s_or.6"": 0.3225, ""S.s_or.7"": 0.2956, ""S.s_or.8"": 0.5319, ""S.s_or.9"": 0.4754, ""S.s_or.10"": 0.5312, ""S.m_off.4"": 0.458, ""S.m_off.5"": 0.4936, ""S.m_off.6"": 0.4911, ""S.m_off.7"": 0.506, ""S.m_off.8"": 0.5319, ""S.m_off.9"": 0.4254, ""S.m_off.10"": 0.3821, ""S.q_dead.None"": 0.1018}"
96,refine,r017,2026-06-04,0.4468,10.373,311.6,"{""N.s_entry.4"": 0.4443, ""N.s_entry.5"": 0.4628, ""N.s_entry.6"": 0.4687, ""N.s_entry.7"": 0.3131, ""N.s_entry.8"": 0.4299, ""N.s_entry.9"": 0.2374, ""N.s_entry.10"": 0.3758, ""N.s_or.4"": 0.4159, ""N.s_or.5"": 0.3558, ""N.s_or.6"": 0.2594, ""N.s_or.7"": 0.297, ""N.s_or.8"": 0.2498, ""N.s_or.9"": 0.2482, ""N.s_or.10"": 0.4902, ""N.m_off.4"": 0.3706, ""N.m_off.5"": 0.3251, ""N.m_off.6"": 0.2372, ""N.m_off.7"": 0.3181, ""N.m_off.8"": 0.2483, ""N.m_off.9"": 0.3351, ""N.m_off.10"": 0.41, ""N.q_dead.None"": 0.0605, ""S.s_entry.4"": 0.463, ""S.s_entry.5"": 0.2595, ""S.s_entry.6"": 0.4415, ""S.s_entry.7"": 0.3875, ""S.s_entry.8"": 0.3337, ""S.s_entry.9"": 0.3835, ""S.s_entry.10"": 0.3525, ""S.s_or.4"": 0.5085, ""S.s_or.5"": 0.2773, ""S.s_or.6"": 0.3225, ""S.s_or.7"": 0.2956, ""S.s_or.8"": 0.5319, ""S.s_or.9"": 0.4754, ""S.s_or.10"": 0.5312, ""S.m_off.4"": 0.458, ""S.m_off.5"": 0.4936, ""S.m_off.6"": 0.4911, ""S.m_off.7"": 0.506, ""S.m_off.8"": 0.5319, ""S.m_off.9"": 0.4254, ""S.m_off.10"": 0.3821, ""S.q_dead.None"": 0.1018}"
97,refine,r018,2026-06-02,0.3576,10.962,399.8,"{""N.s_entry.4"": 0.4443, ""N.s_entry.5"": 0.4628, ""N.s_entry.6"": 0.4687, ""N.s_entry.7"": 0.3131, ""N.s_entry.8"": 0.4299, ""N.s_entry.9"": 0.2374, ""N.s_entry.10"": 0.3758, ""N.s_or.4"": 0.4159, ""N.s_or.5"": 0.3872, ""N.s_or.6"": 0.2594, ""N.s_or.7"": 0.297, ""N.s_or.8"": 0.2498, ""N.s_or.9"": 0.2482, ""N.s_or.10"": 0.4902, ""N.m_off.4"": 0.3706, ""N.m_off.5"": 0.3251, ""N.m_off.6"": 0.2372, ""N.m_off.7"": 0.3181, ""N.m_off.8"": 0.2483, ""N.m_off.9"": 0.3351, ""N.m_off.10"": 0.41, ""N.q_dead.None"": 0.0605, ""S.s_entry.4"": 0.463, ""S.s_entry.5"": 0.2989, ""S.s_entry.6"": 0.4415, ""S.s_entry.7"": 0.3875, ""S.s_entry.8"": 0.3337, ""S.s_entry.9"": 0.3835, ""S.s_entry.10"": 0.3525, ""S.s_or.4"": 0.5085, ""S.s_or.5"": 0.2773, ""S.s_or.6"": 0.3225, ""S.s_or.7"": 0.2956, ""S.s_or.8"": 0.5319, ""S.s_or.9"": 0.4754, ""S.s_or.10"": 0.5312, ""S.m_off.4"": 0.458, ""S.m_off.5"": 0.4936, ""S.m_off.6"": 0.4911, ""S.m_off.7"": 0.506, ""S.m_off.8"": 0.5319, ""S.m_off.9"": 0.4254, ""S.m_off.10"": 0.3821, ""S.q_dead.None"": 0.1018}"
98,refine,r018,2026-06-04,0.4676,10.27,339.2,"{""N.s_entry.4"": 0.4443, ""N.s_entry.5"": 0.4628, ""N.s_entry.6"": 0.4687, ""N.s_entry.7"": 0.3131, ""N.s_entry.8"": 0.4299, ""N.s_entry.9"": 0.2374, ""N.s_entry.10"": 0.3758, ""N.s_or.4"": 0.4159, ""N.s_or.5"": 0.3872, ""N.s_or.6"": 0.2594, ""N.s_or.7"": 0.297, ""N.s_or.8"": 0.2498, ""N.s_or.9"": 0.2482, ""N.s_or.10"": 0.4902, ""N.m_off.4"": 0.3706, ""N.m_off.5"": 0.3251, ""N.m_off.6"": 0.2372, ""N.m_off.7"": 0.3181, ""N.m_off.8"": 0.2483, ""N.m_off.9"": 0.3351, ""N.m_off.10"": 0.41, ""N.q_dead.None"": 0.0605, ""S.s_entry.4"": 0.463, ""S.s_entry.5"": 0.2989, ""S.s_entry.6"": 0.4415, ""S.s_entry.7"": 0.3875, ""S.s_entry.8"": 0.3337, ""S.s_entry.9"": 0.3835, ""S.s_entry.10"": 0.3525, ""S.s_or.4"": 0.5085, ""S.s_or.5"": 0.2773, ""S.s_or.6"": 0.3225, ""S.s_or.7"": 0.2956, ""S.s_or.8"": 0.5319, ""S.s_or.9"": 0.4754, ""S.s_or.10"": 0.5312, ""S.m_off.4"": 0.458, ""S.m_off.5"": 0.4936, ""S.m_off.6"": 0.4911, ""S.m_off.7"": 0.506, ""S.m_off.8"": 0.5319, ""S.m_off.9"": 0.4254, ""S.m_off.10"": 0.3821, ""S.q_dead.None"": 0.1018}"
99,refine,r019,2026-06-02,0.3773,10.949,392.6,"{""N.s_entry.4"": 0.4443, ""N.s_entry.5"": 0.4628, ""N.s_entry.6"": 0.4687, ""N.s_entry.7"": 0.3131, ""N.s_entry.8"": 0.4299, ""N.s_entry.9"": 0.2374, ""N.s_entry.10"": 0.3758, ""N.s_or.4"": 0.4159, ""N.s_or.5"": 0.3243, ""N.s_or.6"": 0.2594, ""N.s_or.7"": 0.297, ""N.s_or.8"": 0.2498, ""N.s_or.9"": 0.2482, ""N.s_or.10"": 0.4902, ""N.m_off.4"": 0.3706, ""N.m_off.5"": 0.3251, ""N.m_off.6"": 0.2372, ""N.m_off.7"": 0.3181, ""N.m_off.8"": 0.2483, ""N.m_off.9"": 0.3351, ""N.m_off.10"": 0.41, ""N.q_dead.None"": 0.0605, ""S.s_entry.4"": 0.463, ""S.s_entry.5"": 0.2989, ""S.s_entry.6"": 0.4415, ""S.s_entry.7"": 0.3875, ""S.s_entry.8"": 0.3337, ""S.s_entry.9"": 0.3835, ""S.s_entry.10"": 0.3525, ""S.s_or.4"": 0.5085, ""S.s_or.5"": 0.2773, ""S.s_or.6"": 0.3225, ""S.s_or.7"": 0.2956, ""S.s_or.8"": 0.5319, ""S.s_or.9"": 0.4754, ""S.s_or.10"": 0.5312, ""S.m_off.4"": 0.458, ""S.m_off.5"": 0.4936, ""S.m_off.6"": 0.4911, ""S.m_off.7"": 0.506, ""S.m_off.8"": 0.5319, ""S.m_off.9"": 0.4254, ""S.m_off.10"": 0.3821, ""S.q_dead.None"": 0.1018}"
100,refine,r019,2026-06-04,0.4375,10.236,349.3,"{""N.s_entry.4"": 0.4443, ""N.s_entry.5"": 0.4628, ""N.s_entry.6"": 0.4687, ""N.s_entry.7"": 0.3131, ""N.s_entry.8"": 0.4299, ""N.s_entry.9"": 0.2374, ""N.s_entry.10"": 0.3758, ""N.s_or.4"": 0.4159, ""N.s_or.5"": 0.3243, ""N.s_or.6"": 0.2594, ""N.s_or.7"": 0.297, ""N.s_or.8"": 0.2498, ""N.s_or.9"": 0.2482, ""N.s_or.10"": 0.4902, ""N.m_off.4"": 0.3706, ""N.m_off.5"": 0.3251, ""N.m_off.6"": 0.2372, ""N.m_off.7"": 0.3181, ""N.m_off.8"": 0.2483, ""N.m_off.9"": 0.3351, ""N.m_off.10"": 0.41, ""N.q_dead.None"": 0.0605, ""S.s_entry.4"": 0.463, ""S.s_entry.5"": 0.2989, ""S.s_entry.6"": 0.4415, ""S.s_entry.7"": 0.3875, ""S.s_entry.8"": 0.3337, ""S.s_entry.9"": 0.3835, ""S.s_entry.10"": 0.3525, ""S.s_or.4"": 0.5085, ""S.s_or.5"": 0.2773, ""S.s_or.6"": 0.3225, ""S.s_or.7"": 0.2956, ""S.s_or.8"": 0.5319, ""S.s_or.9"": 0.4754, ""S.s_or.10"": 0.5312, ""S.m_off.4"": 0.458, ""S.m_off.5"": 0.4936, ""S.m_off.6"": 0.4911, ""S.m_off.7"": 0.506, ""S.m_off.8"": 0.5319, ""S.m_off.9"": 0.4254, ""S.m_off.10"": 0.3821, ""S.q_dead.None"": 0.1018}"
101,refine,r020,2026-06-02,0.3669,11.004,416.1,"{""N.s_entry.4"": 0.4443, ""N.s_entry.5"": 0.4628, ""N.s_entry.6"": 0.4687, ""N.s_entry.7"": 0.3131, ""N.s_entry.8"": 0.4299, ""N.s_entry.9"": 0.2374, ""N.s_entry.10"": 0.3758, ""N.s_or.4"": 0.4159, ""N.s_or.5"": 0.3809, ""N.s_or.6"": 0.2594, ""N.s_or.7"": 0.297, ""N.s_or.8"": 0.2498, ""N.s_or.9"": 0.2482, ""N.s_or.10"": 0.4902, ""N.m_off.4"": 0.3706, ""N.m_off.5"": 0.3251, ""N.m_off.6"": 0.2372, ""N.m_off.7"": 0.3181, ""N.m_off.8"": 0.2483, ""N.m_off.9"": 0.3351, ""N.m_off.10"": 0.41, ""N.q_dead.None"": 0.0605, ""S.s_entry.4"": 0.463, ""S.s_entry.5"": 0.2989, ""S.s_entry.6"": 0.4415, ""S.s_entry.7"": 0.3875, ""S.s_entry.8"": 0.3337, ""S.s_entry.9"": 0.3835, ""S.s_entry.10"": 0.3525, ""S.s_or.4"": 0.5085, ""S.s_or.5"": 0.2773, ""S.s_or.6"": 0.3225, ""S.s_or.7"": 0.2956, ""S.s_or.8"": 0.5319, ""S.s_or.9"": 0.4754, ""S.s_or.10"": 0.5312, ""S.m_off.4"": 0.458, ""S.m_off.5"": 0.4936, ""S.m_off.6"": 0.4911, ""S.m_off.7"": 0.506, ""S.m_off.8"": 0.5319, ""S.m_off.9"": 0.4254, ""S.m_off.10"": 0.3821, ""S.q_dead.None"": 0.1018}"
102,refine,r020,2026-06-04,0.4375,10.241,345.0,"{""N.s_entry.4"": 0.4443, ""N.s_entry.5"": 0.4628, ""N.s_entry.6"": 0.4687, ""N.s_entry.7"": 0.3131, ""N.s_entry.8"": 0.4299, ""N.s_entry.9"": 0.2374, ""N.s_entry.10"": 0.3758, ""N.s_or.4"": 0.4159, ""N.s_or.5"": 0.3809, ""N.s_or.6"": 0.2594, ""N.s_or.7"": 0.297, ""N.s_or.8"": 0.2498, ""N.s_or.9"": 0.2482, ""N.s_or.10"": 0.4902, ""N.m_off.4"": 0.3706, ""N.m_off.5"": 0.3251, ""N.m_off.6"": 0.2372, ""N.m_off.7"": 0.3181, ""N.m_off.8"": 0.2483, ""N.m_off.9"": 0.3351, ""N.m_off.10"": 0.41, ""N.q_dead.None"": 0.0605, ""S.s_entry.4"": 0.463, ""S.s_entry.5"": 0.2989, ""S.s_entry.6"": 0.4415, ""S.s_entry.7"": 0.3875, ""S.s_entry.8"": 0.3337, ""S.s_entry.9"": 0.3835, ""S.s_entry.10"": 0.3525, ""S.s_or.4"": 0.5085, ""S.s_or.5"": 0.2773, ""S.s_or.6"": 0.3225, ""S.s_or.7"": 0.2956, ""S.s_or.8"": 0.5319, ""S.s_or.9"": 0.4754, ""S.s_or.10"": 0.5312, ""S.m_off.4"": 0.458, ""S.m_off.5"": 0.4936, ""S.m_off.6"": 0.4911, ""S.m_off.7"": 0.506, ""S.m_off.8"": 0.5319, ""S.m_off.9"": 0.4254, ""S.m_off.10"": 0.3821, ""S.q_dead.None"": 0.1018}"
103,refine,r021,2026-06-02,0.3576,10.953,394.8,"{""N.s_entry.4"": 0.4443, ""N.s_entry.5"": 0.4628, ""N.s_entry.6"": 0.4687, ""N.s_entry.7"": 0.3131, ""N.s_entry.8"": 0.4299, ""N.s_entry.9"": 0.2374, ""N.s_entry.10"": 0.3758, ""N.s_or.4"": 0.4159, ""N.s_or.5"": 0.3306, ""N.s_or.6"": 0.2594, ""N.s_or.7"": 0.297, ""N.s_or.8"": 0.2498, ""N.s_or.9"": 0.2482, ""N.s_or.10"": 0.4902, ""N.m_off.4"": 0.3706, ""N.m_off.5"": 0.3251, ""N.m_off.6"": 0.2372, ""N.m_off.7"": 0.3181, ""N.m_off.8"": 0.2483, ""N.m_off.9"": 0.3351, ""N.m_off.10"": 0.41, ""N.q_dead.None"": 0.0605, ""S.s_entry.4"": 0.463, ""S.s_entry.5"": 0.2989, ""S.s_entry.6"": 0.4415, ""S.s_entry.7"": 0.3875, ""S.s_entry.8"": 0.3337, ""S.s_entry.9"": 0.3835, ""S.s_entry.10"": 0.3525, ""S.s_or.4"": 0.5085, ""S.s_or.5"": 0.2773, ""S.s_or.6"": 0.3225, ""S.s_or.7"": 0.2956, ""S.s_or.8"": 0.5319, ""S.s_or.9"": 0.4754, ""S.s_or.10"": 0.5312, ""S.m_off.4"": 0.458, ""S.m_off.5"": 0.4936, ""S.m_off.6"": 0.4911, ""S.m_off.7"": 0.506, ""S.m_off.8"": 0.5319, ""S.m_off.9"": 0.4254, ""S.m_off.10"": 0.3821, ""S.q_dead.None"": 0.1018}"
104,refine,r021,2026-06-04,0.4757,10.181,335.6,"{""N.s_entry.4"": 0.4443, ""N.s_entry.5"": 0.4628, ""N.s_entry.6"": 0.4687, ""N.s_entry.7"": 0.3131, ""N.s_entry.8"": 0.4299, ""N.s_entry.9"": 0.2374, ""N.s_entry.10"": 0.3758, ""N.s_or.4"": 0.4159, ""N.s_or.5"": 0.3306, ""N.s_or.6"": 0.2594, ""N.s_or.7"": 0.297, ""N.s_or.8"": 0.2498, ""N.s_or.9"": 0.2482, ""N.s_or.10"": 0.4902, ""N.m_off.4"": 0.3706, ""N.m_off.5"": 0.3251, ""N.m_off.6"": 0.2372, ""N.m_off.7"": 0.3181, ""N.m_off.8"": 0.2483, ""N.m_off.9"": 0.3351, ""N.m_off.10"": 0.41, ""N.q_dead.None"": 0.0605, ""S.s_entry.4"": 0.463, ""S.s_entry.5"": 0.2989, ""S.s_entry.6"": 0.4415, ""S.s_entry.7"": 0.3875, ""S.s_entry.8"": 0.3337, ""S.s_entry.9"": 0.3835, ""S.s_entry.10"": 0.3525, ""S.s_or.4"": 0.5085, ""S.s_or.5"": 0.2773, ""S.s_or.6"": 0.3225, ""S.s_or.7"": 0.2956, ""S.s_or.8"": 0.5319, ""S.s_or.9"": 0.4754, ""S.s_or.10"": 0.5312, ""S.m_off.4"": 0.458, ""S.m_off.5"": 0.4936, ""S.m_off.6"": 0.4911, ""S.m_off.7"": 0.506, ""S.m_off.8"": 0.5319, ""S.m_off.9"": 0.4254, ""S.m_off.10"": 0.3821, ""S.q_dead.None"": 0.1018}"
105,refine,r022,2026-06-02,0.3773,10.924,412.4,"{""N.s_entry.4"": 0.4443, ""N.s_entry.5"": 0.4628, ""N.s_entry.6"": 0.4687, ""N.s_entry.7"": 0.3131, ""N.s_entry.8"": 0.4299, ""N.s_entry.9"": 0.2374, ""N.s_entry.10"": 0.3758, ""N.s_or.4"": 0.4159, ""N.s_or.5"": 0.3558, ""N.s_or.6"": 0.2594, ""N.s_or.7"": 0.297, ""N.s_or.8"": 0.2498, ""N.s_or.9"": 0.2482, ""N.s_or.10"": 0.4902, ""N.m_off.4"": 0.3706, ""N.m_off.5"": 0.3251, ""N.m_off.6"": 0.2372, ""N.m_off.7"": 0.3181, ""N.m_off.8"": 0.2483, ""N.m_off.9"": 0.3351, ""N.m_off.10"": 0.41, ""N.q_dead.None"": 0.0605, ""S.s_entry.4"": 0.463, ""S.s_entry.5"": 0.2989, ""S.s_entry.6"": 0.4415, ""S.s_entry.7"": 0.3875, ""S.s_entry.8"": 0.3337, ""S.s_entry.9"": 0.3835, ""S.s_entry.10"": 0.3525, ""S.s_or.4"": 0.5085, ""S.s_or.5"": 0.2773, ""S.s_or.6"": 0.3225, ""S.s_or.7"": 0.2956, ""S.s_or.8"": 0.5319, ""S.s_or.9"": 0.4754, ""S.s_or.10"": 0.5312, ""S.m_off.4"": 0.458, ""S.m_off.5"": 0.4936, ""S.m_off.6"": 0.4911, ""S.m_off.7"": 0.506, ""S.m_off.8"": 0.5319, ""S.m_off.9"": 0.4254, ""S.m_off.10"": 0.4022, ""S.q_dead.None"": 0.1018}"
106,refine,r022,2026-06-04,0.4757,10.194,327.6,"{""N.s_entry.4"": 0.4443, ""N.s_entry.5"": 0.4628, ""N.s_entry.6"": 0.4687, ""N.s_entry.7"": 0.3131, ""N.s_entry.8"": 0.4299, ""N.s_entry.9"": 0.2374, ""N.s_entry.10"": 0.3758, ""N.s_or.4"": 0.4159, ""N.s_or.5"": 0.3558, ""N.s_or.6"": 0.2594, ""N.s_or.7"": 0.297, ""N.s_or.8"": 0.2498, ""N.s_or.9"": 0.2482, ""N.s_or.10"": 0.4902, ""N.m_off.4"": 0.3706, ""N.m_off.5"": 0.3251, ""N.m_off.6"": 0.2372, ""N.m_off.7"": 0.3181, ""N.m_off.8"": 0.2483, ""N.m_off.9"": 0.3351, ""N.m_off.10"": 0.41, ""N.q_dead.None"": 0.0605, ""S.s_entry.4"": 0.463, ""S.s_entry.5"": 0.2989, ""S.s_entry.6"": 0.4415, ""S.s_entry.7"": 0.3875, ""S.s_entry.8"": 0.3337, ""S.s_entry.9"": 0.3835, ""S.s_entry.10"": 0.3525, ""S.s_or.4"": 0.5085, ""S.s_or.5"": 0.2773, ""S.s_or.6"": 0.3225, ""S.s_or.7"": 0.2956, ""S.s_or.8"": 0.5319, ""S.s_or.9"": 0.4754, ""S.s_or.10"": 0.5312, ""S.m_off.4"": 0.458, ""S.m_off.5"": 0.4936, ""S.m_off.6"": 0.4911, ""S.m_off.7"": 0.506, ""S.m_off.8"": 0.5319, ""S.m_off.9"": 0.4254, ""S.m_off.10"": 0.4022, ""S.q_dead.None"": 0.1018}"
107,refine,r023,2026-06-02,0.3773,10.949,412.7,"{""N.s_entry.4"": 0.4443, ""N.s_entry.5"": 0.4628, ""N.s_entry.6"": 0.4687, ""N.s_entry.7"": 0.3131, ""N.s_entry.8"": 0.4299, ""N.s_entry.9"": 0.2374, ""N.s_entry.10"": 0.3758, ""N.s_or.4"": 0.4159, ""N.s_or.5"": 0.3558, ""N.s_or.6"": 0.2594, ""N.s_or.7"": 0.297, ""N.s_or.8"": 0.2498, ""N.s_or.9"": 0.2482, ""N.s_or.10"": 0.4902, ""N.m_off.4"": 0.3706, ""N.m_off.5"": 0.3251, ""N.m_off.6"": 0.2372, ""N.m_off.7"": 0.3181, ""N.m_off.8"": 0.2483, ""N.m_off.9"": 0.3351, ""N.m_off.10"": 0.41, ""N.q_dead.None"": 0.0605, ""S.s_entry.4"": 0.463, ""S.s_entry.5"": 0.2989, ""S.s_entry.6"": 0.4415, ""S.s_entry.7"": 0.3875, ""S.s_entry.8"": 0.3337, ""S.s_entry.9"": 0.3835, ""S.s_entry.10"": 0.3525, ""S.s_or.4"": 0.5085, ""S.s_or.5"": 0.2773, ""S.s_or.6"": 0.3225, ""S.s_or.7"": 0.2956, ""S.s_or.8"": 0.5319, ""S.s_or.9"": 0.4754, ""S.s_or.10"": 0.5312, ""S.m_off.4"": 0.458, ""S.m_off.5"": 0.4936, ""S.m_off.6"": 0.4911, ""S.m_off.7"": 0.506, ""S.m_off.8"": 0.5319, ""S.m_off.9"": 0.4254, ""S.m_off.10"": 0.3619, ""S.q_dead.None"": 0.1018}"
108,refine,r023,2026-06-04,0.4757,10.222,328.3,"{""N.s_entry.4"": 0.4443, ""N.s_entry.5"": 0.4628, ""N.s_entry.6"": 0.4687, ""N.s_entry.7"": 0.3131, ""N.s_entry.8"": 0.4299, ""N.s_entry.9"": 0.2374, ""N.s_entry.10"": 0.3758, ""N.s_or.4"": 0.4159, ""N.s_or.5"": 0.3558, ""N.s_or.6"": 0.2594, ""N.s_or.7"": 0.297, ""N.s_or.8"": 0.2498, ""N.s_or.9"": 0.2482, ""N.s_or.10"": 0.4902, ""N.m_off.4"": 0.3706, ""N.m_off.5"": 0.3251, ""N.m_off.6"": 0.2372, ""N.m_off.7"": 0.3181, ""N.m_off.8"": 0.2483, ""N.m_off.9"": 0.3351, ""N.m_off.10"": 0.41, ""N.q_dead.None"": 0.0605, ""S.s_entry.4"": 0.463, ""S.s_entry.5"": 0.2989, ""S.s_entry.6"": 0.4415, ""S.s_entry.7"": 0.3875, ""S.s_entry.8"": 0.3337, ""S.s_entry.9"": 0.3835, ""S.s_entry.10"": 0.3525, ""S.s_or.4"": 0.5085, ""S.s_or.5"": 0.2773, ""S.s_or.6"": 0.3225, ""S.s_or.7"": 0.2956, ""S.s_or.8"": 0.5319, ""S.s_or.9"": 0.4754, ""S.s_or.10"": 0.5312, ""S.m_off.4"": 0.458, ""S.m_off.5"": 0.4936, ""S.m_off.6"": 0.4911, ""S.m_off.7"": 0.506, ""S.m_off.8"": 0.5319, ""S.m_off.9"": 0.4254, ""S.m_off.10"": 0.3619, ""S.q_dead.None"": 0.1018}"
